ID,accession,pident,length,mismatch,gapopen,qstart,qend,sstart,send,evalue,bitscore
OTU_1,OR643892.1,100,94,0,0,1,94,2828,2921,1.45E-39,174
OTU_1,OR643891.1,100,94,0,0,1,94,2824,2917,1.45E-39,174
OTU_1,OR652292.1,100,94,0,0,1,94,2830,2923,1.45E-39,174
OTU_1,OR621378.1,100,94,0,0,1,94,2832,2925,1.45E-39,174
OTU_1,OR567879.1,100,94,0,0,1,94,2827,2920,1.45E-39,174
OTU_1,OR557276.1,100,94,0,0,1,94,2830,2923,1.45E-39,174
OTU_1,OR495985.1,100,94,0,0,1,94,2828,2921,1.45E-39,174
OTU_1,OR494553.1,100,94,0,0,1,94,2828,2921,1.45E-39,174
OTU_1,OR468127.1,100,94,0,0,1,94,2829,2922,1.45E-39,174
OTU_1,OR327029.1,100,94,0,0,1,94,2827,2920,1.45E-39,174
OTU_2,MG725631.1,100,94,0,0,1,94,2816,2909,1.45E-39,174
OTU_2,NC_039090.1,100,94,0,0,1,94,2776,2869,1.45E-39,174
OTU_2,MG250542.1,100,94,0,0,1,94,3517,3610,1.45E-39,174
OTU_2,MZ521005.1,100,94,0,0,1,94,343,436,1.45E-39,174
OTU_2,JN714139.1,100,94,0,0,1,94,252,345,1.45E-39,174
OTU_2,JN714133.1,100,94,0,0,1,94,322,415,1.45E-39,174
OTU_2,JN714131.1,100,94,0,0,1,94,294,387,1.45E-39,174
OTU_2,JF810372.1,100,94,0,0,1,94,233,326,1.45E-39,174
OTU_2,JF810371.1,100,94,0,0,1,94,274,367,1.45E-39,174
OTU_2,JF810370.1,100,94,0,0,1,94,274,367,1.45E-39,174
OTU_3,MF893989.1,100,94,0,0,1,94,2245,2338,1.45E-39,174
OTU_3,MF893988.1,100,94,0,0,1,94,2245,2338,1.45E-39,174
OTU_3,MF893987.1,100,94,0,0,1,94,2245,2338,1.45E-39,174
OTU_3,MF893986.1,100,94,0,0,1,94,2249,2342,1.45E-39,174
OTU_3,MF893985.1,100,94,0,0,1,94,2245,2338,1.45E-39,174
OTU_3,MF893984.1,100,94,0,0,1,94,2245,2338,1.45E-39,174
OTU_3,MF893983.1,100,94,0,0,1,94,2245,2338,1.45E-39,174
OTU_3,KM851035.1,100,94,0,0,1,94,2246,2339,1.45E-39,174
OTU_3,KM851022.1,100,94,0,0,1,94,2246,2339,1.45E-39,174
OTU_3,XR_006700350.1,100,94,0,0,1,94,1156,1249,1.45E-39,174
OTU_4,MF177027.1,100,92,0,0,1,92,2256,2347,1.82E-38,171
OTU_4,MF177026.1,100,92,0,0,1,92,2240,2331,1.82E-38,171
OTU_4,MF177025.1,100,92,0,0,1,92,2254,2345,1.82E-38,171
OTU_4,MF177022.1,100,92,0,0,1,92,2255,2346,1.82E-38,171
OTU_4,MF177021.1,100,92,0,0,1,92,2261,2352,1.82E-38,171
OTU_4,MF177020.1,100,92,0,0,1,92,2241,2332,1.82E-38,171
OTU_4,MF177019.1,100,92,0,0,1,92,2260,2351,1.82E-38,171
OTU_4,OQ231464.1,100,92,0,0,1,92,1171,1262,1.82E-38,171
OTU_4,OQ231463.1,100,92,0,0,1,92,1171,1262,1.82E-38,171
OTU_4,MK941883.1,100,92,0,0,1,92,2262,2353,1.82E-38,171
OTU_5,OR506257.1,100,102,0,0,1,102,2319,2420,5.88E-44,189
OTU_5,OR371516.1,100,102,0,0,1,102,3548,3649,5.88E-44,189
OTU_5,OR371515.1,100,102,0,0,1,102,3548,3649,5.88E-44,189
OTU_5,OR371514.1,100,102,0,0,1,102,3548,3649,5.88E-44,189
OTU_5,OR360151.1,100,102,0,0,1,102,306,407,5.88E-44,189
OTU_5,OR360149.1,100,102,0,0,1,102,306,407,5.88E-44,189
OTU_5,OR360119.1,100,102,0,0,1,102,306,407,5.88E-44,189
OTU_5,OR198728.1,100,102,0,0,1,102,303,404,5.88E-44,189
OTU_5,OR198727.1,100,102,0,0,1,102,302,403,5.88E-44,189
OTU_5,OR198726.1,100,102,0,0,1,102,301,402,5.88E-44,189
OTU_6,JN800721.1,97.849,93,2,0,1,93,2269,2361,1.11E-35,161
OTU_6,NC_004031.1,96.774,93,3,0,1,93,2269,2361,5.17E-34,156
OTU_8,LN873134.1,98.936,94,1,0,1,94,15285,15192,6.76E-38,169
OTU_8,NC_020753.1,97.872,94,2,0,1,94,2261,2354,3.14E-36,163
OTU_8,LC060940.1,93.617,94,6,0,1,94,2263,2356,1.47E-29,141
OTU_8,LC060941.1,93.617,94,6,0,1,94,2260,2353,1.47E-29,141
OTU_8,LC060942.1,93.617,94,6,0,1,94,2261,2354,1.47E-29,141
OTU_8,AY495454.1,83.871,93,12,3,3,94,2192,2282,7.00E-13,86.1
OTU_8,AY495457.1,82.927,82,11,3,14,94,2208,2287,1.96E-08,71.3
OTU_8,AY395862.1,80.412,97,13,4,1,94,2202,2295,7.05E-08,69.4
OTU_8,AF411543.1,85.507,69,6,4,27,94,2219,2284,7.05E-08,69.4
OTU_8,NC_065678.1,78.889,90,15,4,5,94,2266,2351,1.53E-04,58.4
OTU_9,NC_035815.1,100,92,0,0,1,92,2438,2529,1.82E-38,171
OTU_9,KY410900.1,100,92,0,0,1,92,2276,2367,1.82E-38,171
OTU_9,KY410899.1,100,92,0,0,1,92,2275,2366,1.82E-38,171
OTU_9,AY227453.1,100,92,0,0,1,92,315,406,1.82E-38,171
OTU_9,KY410905.1,97.826,92,2,0,1,92,2279,2370,3.93E-35,159
OTU_9,KY410902.1,95.652,92,4,0,1,92,2276,2367,8.51E-32,148
OTU_9,MT231329.1,94.565,92,4,1,1,92,2423,2513,1.42E-29,141
OTU_9,KY117541.1,94.565,92,4,1,1,92,2423,2513,1.42E-29,141
OTU_9,KY410908.1,93.548,93,5,1,1,92,2304,2396,1.84E-28,137
OTU_9,KY410907.1,93.548,93,5,1,1,92,2301,2393,1.84E-28,137
OTU_10,KJ698653.1,100,94,0,0,1,94,209,302,1.45E-39,174
OTU_10,MG996894.1,98.936,94,1,0,1,94,20,113,6.76E-38,169
OTU_10,MW257219.1,97.872,94,2,0,1,94,2265,2358,3.14E-36,163
OTU_10,MN640909.1,96.809,94,3,0,1,94,303,396,1.46E-34,158
OTU_10,NC_029403.1,96.809,94,3,0,1,94,2263,2356,1.46E-34,158
OTU_10,KP233214.1,96.809,94,3,0,1,94,112,205,1.46E-34,158
OTU_10,MZ061623.1,96.809,94,3,0,1,94,318,411,1.46E-34,158
OTU_10,MZ061622.1,96.809,94,3,0,1,94,318,411,1.46E-34,158
OTU_10,MW257220.1,96.809,94,3,0,1,94,2261,2354,1.46E-34,158
OTU_10,OQ231460.1,95.745,94,4,0,1,94,1167,1260,6.81E-33,152
OTU_11,AY227463.1,95.652,92,4,0,1,92,310,401,8.51E-32,148
OTU_11,KY410992.1,91.304,92,7,1,1,92,2260,2350,1.43E-24,124
OTU_11,KY410972.1,89.247,93,8,2,1,92,2299,2390,8.63E-22,115
OTU_11,NC_035812.1,88.421,95,6,5,1,92,2275,2367,4.02E-20,110
OTU_11,KY410905.1,88.043,92,11,0,1,92,2279,2370,4.02E-20,110
OTU_11,AY227465.1,88.421,95,6,5,1,92,318,410,4.02E-20,110
OTU_11,KY410971.1,87.097,93,10,2,1,92,2256,2347,1.87E-18,104
OTU_11,AY227466.1,87.097,93,10,2,1,92,322,413,1.87E-18,104
OTU_11,KY410991.1,81.915,94,14,3,1,92,2263,2355,8.69E-17,99
OTU_11,KY410906.1,81.72,93,16,1,1,92,2292,2384,1.45E-14,91.6
OTU_12,OR360243.1,100,92,0,0,1,92,289,380,1.82E-38,171
OTU_12,OR360227.1,100,92,0,0,1,92,289,380,1.82E-38,171
OTU_12,OR360214.1,100,92,0,0,1,92,289,380,1.82E-38,171
OTU_12,OR360199.1,100,92,0,0,1,92,289,380,1.82E-38,171
OTU_12,OR360198.1,100,92,0,0,1,92,289,380,1.82E-38,171
OTU_12,OR360197.1,100,92,0,0,1,92,289,380,1.82E-38,171
OTU_12,OR360196.1,100,92,0,0,1,92,289,380,1.82E-38,171
OTU_12,OR360194.1,100,92,0,0,1,92,289,380,1.82E-38,171
OTU_12,OR360187.1,100,92,0,0,1,92,290,381,1.82E-38,171
OTU_12,OR360185.1,100,92,0,0,1,92,288,379,1.82E-38,171
OTU_13,OP088335.1,100,95,0,0,1,95,306,400,4.11E-40,176
OTU_13,KJ193191.1,100,95,0,0,1,95,321,415,4.11E-40,176
OTU_13,GQ338949.1,100,95,0,0,1,95,1069,1163,4.11E-40,176
OTU_13,EU189382.1,100,95,0,0,1,95,322,416,4.11E-40,176
OTU_13,OR360146.1,98.947,95,1,0,1,95,301,395,1.91E-38,171
OTU_13,KJ193190.1,98.947,95,1,0,1,95,321,415,1.91E-38,171
OTU_13,MW035015.1,98.947,95,1,0,1,95,1,95,1.91E-38,171
OTU_13,NC_020737.1,98.947,95,1,0,1,95,2263,2357,1.91E-38,171
OTU_13,GQ338948.1,98.947,95,1,0,1,95,1069,1163,1.91E-38,171
OTU_13,OR360222.1,98.925,93,1,0,3,95,303,395,2.47E-37,167
OTU_14,KY410951.1,97.849,93,2,0,1,93,2286,2378,1.11E-35,161
OTU_14,KY410952.1,97.849,93,1,1,1,93,2287,2378,4.00E-35,159
OTU_14,KY410950.1,96.703,91,3,0,3,93,2285,2375,6.69E-33,152
OTU_14,KY410953.1,95.699,93,4,0,1,93,2290,2382,2.41E-32,150
OTU_14,LR632920.1,85.714,91,10,2,3,93,2271,2358,4.11E-15,93.5
OTU_14,MK305281.1,85.714,84,9,2,10,93,2280,2360,6.88E-13,86.1
OTU_14,NC_018367.1,85.714,84,9,2,10,93,2281,2361,6.88E-13,86.1
OTU_14,NC_042243.1,83.333,84,11,2,10,93,2277,2357,1.49E-09,75
OTU_15,XR_006698753.1,98.936,94,1,0,1,94,1150,1243,6.76E-38,169
OTU_15,NC_026120.1,97.872,94,2,0,1,94,2244,2337,3.14E-36,163
OTU_15,OQ199570.1,96.809,94,3,0,1,94,2245,2338,1.46E-34,158
OTU_15,NC_026976.1,96.809,94,3,0,1,94,2780,2873,1.46E-34,158
OTU_15,NC_023795.1,96.809,94,3,0,1,94,2766,2859,1.46E-34,158
OTU_15,MW090144.1,96.809,94,3,0,1,94,63,156,1.46E-34,158
OTU_15,MW090143.1,96.809,94,3,0,1,94,63,156,1.46E-34,158
OTU_15,OQ199569.1,95.745,94,4,0,1,94,2245,2338,6.81E-33,152
OTU_15,MT300243.1,95.745,94,4,0,1,94,2246,2339,6.81E-33,152
OTU_15,MT300207.1,95.745,94,4,0,1,94,2232,2325,6.81E-33,152
OTU_16,MF893969.1,100,94,0,0,1,94,2246,2339,1.45E-39,174
OTU_16,MF893967.1,100,94,0,0,1,94,2246,2339,1.45E-39,174
OTU_16,MF893966.1,100,94,0,0,1,94,2246,2339,1.45E-39,174
OTU_16,MF893965.1,100,94,0,0,1,94,2246,2339,1.45E-39,174
OTU_16,MF893964.1,100,94,0,0,1,94,2246,2339,1.45E-39,174
OTU_16,MF893963.1,100,94,0,0,1,94,2246,2339,1.45E-39,174
OTU_16,MT300207.1,100,94,0,0,1,94,2232,2325,1.45E-39,174
OTU_16,MT300205.1,100,94,0,0,1,94,2245,2338,1.45E-39,174
OTU_16,MT300204.1,100,94,0,0,1,94,2245,2338,1.45E-39,174
OTU_16,MT300203.1,100,94,0,0,1,94,2241,2334,1.45E-39,174
OTU_17,NG_077210.1,100,95,0,0,1,95,511,605,4.11E-40,176
OTU_17,AC244472.2,100,95,0,0,1,95,110226,110320,4.11E-40,176
OTU_17,AC239612.3,100,95,0,0,1,95,64738,64644,4.11E-40,176
OTU_17,NG_001333.2,100,95,0,0,1,95,501065,501159,4.11E-40,176
OTU_17,AC231380.2,100,95,0,0,1,95,112143,112049,4.11E-40,176
OTU_17,NG_023461.1,97.895,95,2,0,1,95,1225,1319,8.89E-37,165
OTU_17,FN674006.1,97.895,95,2,0,1,95,458,552,8.89E-37,165
OTU_17,NG_001337.2,97.895,95,2,0,1,95,52404,52498,8.89E-37,165
OTU_17,AF029308.1,97.895,95,2,0,1,95,52449,52543,8.89E-37,165
OTU_17,AL356489.14,97.895,95,2,0,1,95,3804,3898,8.89E-37,165
OTU_18,OK539643.1,100,95,0,0,1,95,2268,2362,4.11E-40,176
OTU_18,GQ338952.1,100,95,0,0,1,95,1062,1156,4.11E-40,176
OTU_18,AF107225.1,98.947,95,1,0,1,95,317,411,5.31E-39,172
OTU_18,KC576809.1,98.947,95,1,0,1,95,1158,1252,1.91E-38,171
OTU_18,CP071567.1,93.548,93,6,0,3,95,38190532,38190440,5.39E-29,139
OTU_18,KY682744.1,84.615,91,10,1,5,95,2990,3076,4.25E-15,93.5
OTU_19,NC_014858.1,90.426,94,6,3,1,94,2262,2352,1.92E-23,121
OTU_19,MT381942.1,88.298,94,9,1,1,94,2250,2341,1.16E-20,111
OTU_19,MT381933.1,88.298,94,8,3,1,94,2248,2338,4.15E-20,110
OTU_19,NC_014871.1,88.298,94,8,3,1,94,2261,2351,4.15E-20,110
OTU_19,NC_014864.1,87.368,95,7,4,1,94,2259,2349,1.93E-18,104
OTU_19,NC_014861.1,87.5,96,5,6,1,94,2259,2349,1.93E-18,104
OTU_19,EU366289.1,100,30,0,0,65,94,378,407,5.49E-04,56.5
OTU_19,DQ283376.1,100,30,0,0,65,94,2255,2284,5.49E-04,56.5
OTU_20,MN647518.1,94.118,102,6,0,1,102,318,419,5.96E-34,156
OTU_20,NC_066800.1,94.118,102,6,0,1,102,2290,2391,5.96E-34,156
OTU_20,NC_040858.1,94,100,6,0,1,100,2280,2379,7.71E-33,152
OTU_20,MN356434.1,94,100,6,0,1,100,2293,2392,7.71E-33,152
OTU_20,MN356134.1,94,100,6,0,1,100,2294,2393,7.71E-33,152
OTU_20,GQ264671.1,94,100,6,0,1,100,2215,2314,7.71E-33,152
OTU_20,GQ264658.1,94,100,6,0,1,100,2224,2323,7.71E-33,152
OTU_20,GQ264657.1,94,100,6,0,1,100,2224,2323,7.71E-33,152
OTU_20,NC_029189.1,93,100,7,0,1,100,2288,2387,3.59E-31,147
OTU_20,GQ264685.1,93,100,7,0,1,100,2219,2318,3.59E-31,147
OTU_21,OR459774.1,100,92,0,0,1,92,2269,2360,1.82E-38,171
OTU_21,OR459773.1,100,92,0,0,1,92,2269,2360,1.82E-38,171
OTU_21,OR459772.1,100,92,0,0,1,92,2269,2360,1.82E-38,171
OTU_21,OR459771.1,100,92,0,0,1,92,2269,2360,1.82E-38,171
OTU_21,OR459770.1,100,92,0,0,1,92,2269,2360,1.82E-38,171
OTU_21,OR459769.1,100,92,0,0,1,92,2269,2360,1.82E-38,171
OTU_21,OR459768.1,100,92,0,0,1,92,2269,2360,1.82E-38,171
OTU_21,OR459767.1,100,92,0,0,1,92,2269,2360,1.82E-38,171
OTU_21,OR459764.1,100,92,0,0,1,92,2269,2360,1.82E-38,171
OTU_21,OR459763.1,100,92,0,0,1,92,2269,2360,1.82E-38,171
OTU_22,OP921772.1,100,93,0,0,1,93,2257,2349,5.14E-39,172
OTU_22,LC742379.1,100,93,0,0,1,93,2634,2726,5.14E-39,172
OTU_22,MT237632.1,100,93,0,0,1,93,2261,2353,5.14E-39,172
OTU_22,MT237631.1,100,93,0,0,1,93,2261,2353,5.14E-39,172
OTU_22,MT237630.1,100,93,0,0,1,93,2261,2353,5.14E-39,172
OTU_22,MT237629.1,100,93,0,0,1,93,2261,2353,5.14E-39,172
OTU_22,MT237628.1,100,93,0,0,1,93,2261,2353,5.14E-39,172
OTU_22,MT237627.1,100,93,0,0,1,93,2261,2353,5.14E-39,172
OTU_22,MT237626.1,100,93,0,0,1,93,2261,2353,5.14E-39,172
OTU_22,NC_057438.1,100,93,0,0,1,93,2636,2728,5.14E-39,172
OTU_23,NG_023152.1,100,91,0,0,1,91,1183,1273,6.42E-38,169
OTU_23,AL590396.13,100,91,0,0,1,91,45838,45748,6.42E-38,169
OTU_23,NG_023471.3,98.901,91,1,0,1,91,1207,1297,2.99E-36,163
OTU_24,KY464177.1,98.901,91,1,0,1,91,2208,2298,2.99E-36,163
OTU_24,NC_036729.1,98.901,91,1,0,1,91,2258,2348,2.99E-36,163
OTU_24,MT259586.1,96.703,91,3,0,1,91,14946,14856,6.47E-33,152
OTU_24,MN964112.1,96.703,91,3,0,1,91,2254,2344,6.47E-33,152
OTU_24,KY464171.1,96.703,91,3,0,1,91,2257,2347,6.47E-33,152
OTU_24,NC_036727.1,96.703,91,3,0,1,91,2259,2349,6.47E-33,152
OTU_24,NC_035818.1,96.703,91,3,0,1,91,14952,14862,6.47E-33,152
OTU_24,JQ843689.1,96.703,91,3,0,1,91,319,409,6.47E-33,152
OTU_24,OR431874.1,95.604,91,4,0,1,91,302,392,3.01E-31,147
OTU_24,OR431873.1,95.604,91,4,0,1,91,302,392,3.01E-31,147
OTU_25,NG_047090.1,100,86,0,0,1,86,12754,12669,3.53E-35,159
OTU_25,NG_077247.1,100,86,0,0,1,86,298,383,3.53E-35,159
OTU_25,CP068258.2,100,86,0,0,1,86,59136597,59136512,3.53E-35,159
OTU_25,AP023480.1,100,86,0,0,1,86,55425389,55425304,3.53E-35,159
OTU_25,AL135939.12,100,86,0,0,1,86,65788,65703,3.53E-35,159
OTU_26,AC004979.1,100,91,0,0,1,91,58857,58767,6.42E-38,169
OTU_26,AC192008.2,96.703,91,3,0,1,91,140641,140731,6.47E-33,152
OTU_26,XM_023225755.2,92.308,91,7,0,1,91,1285,1375,3.03E-26,130
OTU_26,NG_027496.2,92.308,91,7,0,1,91,1190,1280,3.03E-26,130
OTU_26,AF420061.1,92.308,91,7,0,1,91,1414,1504,3.03E-26,130
OTU_26,AF420060.1,92.308,91,7,0,1,91,1414,1504,3.03E-26,130
OTU_26,AF420056.1,92.308,91,7,0,1,91,1438,1528,3.03E-26,130
OTU_26,AF420055.1,92.308,91,7,0,1,91,1396,1486,3.03E-26,130
OTU_26,AF420054.1,92.308,91,7,0,1,91,1396,1486,3.03E-26,130
OTU_26,AY603037.1,92.308,91,7,0,1,91,834,924,3.03E-26,130
OTU_27,NM_001193627.2,100,91,0,0,1,91,1130,1220,6.42E-38,169
OTU_27,NG_077212.1,100,91,0,0,1,91,1229,1319,6.42E-38,169
OTU_27,FN674020.1,100,91,0,0,1,91,275,365,6.42E-38,169
OTU_27,AL121927.24,100,91,0,0,1,91,87535,87445,6.42E-38,169
OTU_27,AF420058.1,94.048,84,5,0,1,84,1414,1497,1.09E-25,128
OTU_27,AY603036.1,94.048,84,5,0,1,84,810,893,1.09E-25,128
OTU_27,AC198105.2,90.11,91,9,0,1,91,63862,63772,6.56E-23,119
OTU_28,NG_077258.1,100,94,0,0,1,94,1246,1339,1.45E-39,174
OTU_28,FN674025.1,100,94,0,0,1,94,119,212,1.45E-39,174
OTU_28,NG_012041.1,100,94,0,0,1,94,62355,62262,1.45E-39,174
OTU_28,AC021914.7,100,94,0,0,1,94,45451,45544,1.45E-39,174
OTU_28,XM_019036682.3,98.936,94,1,0,1,94,4093,4000,6.76E-38,169
OTU_28,XM_055355448.1,98.936,94,1,0,1,94,4745,4652,6.76E-38,169
OTU_28,XM_055355447.1,98.936,94,1,0,1,94,4840,4747,6.76E-38,169
OTU_28,XM_019036681.3,98.936,94,1,0,1,94,4657,4564,6.76E-38,169
OTU_28,XM_004050691.4,98.936,94,1,0,1,94,4970,4877,6.76E-38,169
OTU_28,XM_055355446.1,98.936,94,1,0,1,94,5024,4931,6.76E-38,169
OTU_29,MZ041129.1,100,94,0,0,1,94,319,412,1.45E-39,174
OTU_29,AC214843.3,97.872,94,2,0,1,94,27203,27110,3.14E-36,163
OTU_29,MZ041130.1,96.809,94,3,0,1,94,319,412,1.46E-34,158
OTU_29,MZ041121.1,96.809,94,3,0,1,94,319,412,1.46E-34,158
OTU_29,MZ041132.1,89.362,94,10,0,1,94,321,414,6.90E-23,119
OTU_29,KC757406.1,89.13,92,10,0,1,92,2276,2367,8.93E-22,115
OTU_30,ON746674.1,100,92,0,0,1,92,2248,2339,1.82E-38,171
OTU_30,NC_068695.1,100,92,0,0,1,92,2248,2339,1.82E-38,171
OTU_30,JF795308.1,95.652,92,4,0,1,92,1233,1324,8.51E-32,148
OTU_30,JF795307.1,95.652,92,4,0,1,92,1233,1324,8.51E-32,148
OTU_30,JF795317.1,86.316,95,6,5,1,91,1233,1324,3.13E-16,97.1
OTU_30,JF795312.1,86.316,95,6,5,1,91,2186,2277,3.13E-16,97.1
OTU_31,NG_077259.1,98.901,91,1,0,1,91,746,836,2.99E-36,163
OTU_31,AL158819.14,98.901,91,1,0,1,91,2827,2737,2.99E-36,163
OTU_31,NM_001193606.2,96.703,91,3,0,1,91,1097,1187,6.47E-33,152
OTU_31,AC280474.1,96.703,91,3,0,1,91,161345,161435,6.47E-33,152
OTU_31,AC280428.1,96.703,91,3,0,1,91,25234,25324,6.47E-33,152
OTU_31,AC280422.1,96.703,91,3,0,1,91,37257,37167,6.47E-33,152
OTU_31,AC197159.2,96.703,91,3,0,1,91,20302,20392,6.47E-33,152
OTU_31,XM_010375475.2,95.455,88,4,0,1,88,643,730,1.40E-29,141
OTU_31,XM_011963766.1,95.455,88,4,0,1,88,697,784,1.40E-29,141
OTU_31,AC280485.1,94.318,88,5,0,1,88,154051,154138,6.51E-28,135
OTU_33,NM_001194967.1,100,94,0,0,1,94,1127,1220,1.45E-39,174
OTU_33,AY360298.1,96.809,94,3,0,1,94,231,138,1.46E-34,158
OTU_33,OQ199584.1,95.745,94,4,0,1,94,2245,2338,6.81E-33,152
OTU_33,OQ199583.1,95.745,94,4,0,1,94,2245,2338,6.81E-33,152
OTU_33,OQ199582.1,95.745,94,4,0,1,94,2245,2338,6.81E-33,152
OTU_33,OQ199581.1,95.745,94,4,0,1,94,2245,2338,6.81E-33,152
OTU_33,OQ199580.1,95.745,94,4,0,1,94,2245,2338,6.81E-33,152
OTU_33,OQ199579.1,95.745,94,4,0,1,94,2245,2338,6.81E-33,152
OTU_33,OQ199578.1,95.745,94,4,0,1,94,2245,2338,6.81E-33,152
OTU_33,OQ199577.1,95.745,94,4,0,1,94,2245,2338,6.81E-33,152
OTU_34,NG_027492.2,97.872,94,2,0,1,94,624,717,3.14E-36,163
OTU_34,NM_001195073.3,91.579,95,6,2,1,94,1111,1204,3.19E-26,130
OTU_34,MZ040959.1,89.362,94,10,0,1,94,321,414,6.90E-23,119
OTU_34,MZ040948.1,89.362,94,10,0,1,94,321,414,6.90E-23,119
OTU_34,MZ040939.1,89.362,94,10,0,1,94,321,414,6.90E-23,119
OTU_34,MZ040937.1,89.362,94,10,0,1,94,321,414,6.90E-23,119
OTU_34,MZ041115.1,89.362,94,10,0,1,94,321,414,6.90E-23,119
OTU_34,AC225831.5,88.298,94,11,0,1,94,13194,13287,3.21E-21,113
OTU_34,AC207616.3,88.298,94,11,0,1,94,100698,100791,3.21E-21,113
OTU_34,U39012.1,87.234,94,12,0,1,94,314,407,1.49E-19,108
OTU_35,OX638390.1,87.755,49,2,4,25,71,12961167,12961213,0.002,54.7
OTU_36,NG_023471.3,96.667,90,3,0,2,91,1208,1297,2.33E-32,150
OTU_36,NG_023152.1,95.556,90,4,0,2,91,1184,1273,1.08E-30,145
OTU_36,AL590396.13,95.556,90,4,0,2,91,45837,45748,1.08E-30,145
OTU_37,XM_011959258.1,86.17,94,11,1,1,92,1141,1234,2.42E-17,100
OTU_37,KU682697.1,83.529,85,12,1,10,92,2253,2337,1.13E-10,78.7
OTU_37,KJ193021.1,83.529,85,12,1,10,92,328,412,1.13E-10,78.7
OTU_37,KJ193017.1,83.529,85,12,1,10,92,328,412,1.13E-10,78.7
OTU_37,JQ256913.1,83.529,85,12,1,10,92,2252,2336,1.13E-10,78.7
OTU_37,JQ256910.1,83.529,85,12,1,10,92,2252,2336,1.13E-10,78.7
OTU_37,EF597503.1,83.529,85,12,1,10,92,2206,2290,1.13E-10,78.7
OTU_37,AF420040.1,83.529,85,12,1,10,92,1413,1497,1.13E-10,78.7
OTU_37,AF435515.1,81.915,94,15,2,1,92,290,383,1.13E-10,78.7
OTU_37,KJ193019.1,82.353,85,13,1,10,92,328,412,5.27E-09,73.1
OTU_38,NM_001195058.2,100,94,0,0,1,94,1143,1236,1.45E-39,174
OTU_38,NM_001195073.3,88.298,94,11,0,1,94,1111,1204,3.21E-21,113
OTU_38,NG_027509.3,88.043,92,10,1,3,94,1235,1325,1.49E-19,108
OTU_38,AC213900.3,86.17,94,13,0,1,94,17965,18058,6.95E-18,102
OTU_38,MZ040940.1,87.209,86,11,0,9,94,324,409,8.99E-17,99
OTU_38,NG_027492.2,85.106,94,14,0,1,94,624,717,3.23E-16,97.1
OTU_40,AF420060.1,92.308,91,6,1,1,90,1414,1504,1.07E-25,128
OTU_41,MZ040959.1,96.809,94,3,0,1,94,321,414,1.46E-34,158
OTU_41,MZ040948.1,96.809,94,3,0,1,94,321,414,1.46E-34,158
OTU_41,MZ040939.1,96.809,94,3,0,1,94,321,414,1.46E-34,158
OTU_41,MZ040937.1,96.809,94,3,0,1,94,321,414,1.46E-34,158
OTU_41,MZ041115.1,96.809,94,3,0,1,94,321,414,1.46E-34,158
OTU_41,AC225831.5,95.745,94,4,0,1,94,13194,13287,6.81E-33,152
OTU_41,AC207616.3,95.745,94,4,0,1,94,100698,100791,6.81E-33,152
OTU_41,KC757406.1,94.565,92,5,0,1,92,2276,2367,4.10E-30,143
OTU_41,NM_001195073.3,93.617,94,6,0,1,94,1111,1204,1.47E-29,141
OTU_41,MZ041127.1,93.617,94,6,0,1,94,318,411,1.47E-29,141
OTU_42,CP068261.2,100,91,0,0,1,91,19549593,19549683,6.42E-38,169
OTU_42,AP023477.1,100,91,0,0,1,91,19781294,19781384,6.42E-38,169
OTU_42,AC025627.13,100,91,0,0,1,91,130609,130699,6.42E-38,169
OTU_42,XM_028836112.1,94.118,85,5,0,1,85,1132,1216,3.03E-26,130
OTU_42,NG_203433.1,92.308,91,7,0,1,91,1050,1140,3.03E-26,130
OTU_42,XM_011717647.1,92.308,91,7,0,1,91,991,1081,3.03E-26,130
OTU_42,NG_077248.1,92.308,91,7,0,1,91,1001,1091,3.03E-26,130
OTU_42,CP068262.2,92.308,91,7,0,1,91,3398416,3398326,3.03E-26,130
OTU_42,AP023476.1,92.308,91,7,0,1,91,3410798,3410708,3.03E-26,130
OTU_42,AC225171.3,92.308,91,7,0,1,91,3174,3264,3.03E-26,130
OTU_43,EU621808.1,98.98,98,1,0,1,98,199,296,4.31E-40,176
OTU_43,MZ914590.1,88.421,95,11,0,4,98,269,363,9.53E-22,115
OTU_44,NC_040292.1,100,110,0,0,1,110,2279,2388,2.35E-48,204
OTU_44,KY436589.1,99.091,110,1,0,1,110,2279,2388,1.09E-46,198
OTU_44,KC977312.1,99.091,110,1,0,1,110,2279,2388,1.09E-46,198
OTU_44,GQ253662.1,99.091,110,1,0,1,110,1167,1276,1.09E-46,198
OTU_44,FJ640066.1,99.091,110,1,0,1,110,1169,1278,1.09E-46,198
OTU_44,AY773981.1,99.091,110,1,0,1,110,288,397,1.09E-46,198
OTU_44,AF212952.1,98.182,110,2,0,1,110,106,215,5.08E-45,193
OTU_44,NC_021958.1,98.182,110,1,1,1,110,2278,2386,1.83E-44,191
OTU_44,GQ253664.1,97.273,110,3,0,1,110,1169,1278,2.36E-43,187
OTU_44,NC_002765.1,97.273,110,2,1,1,110,2278,2386,8.50E-43,185
OTU_46,AC097526.3,100,92,0,0,1,92,54852,54761,1.82E-38,171
OTU_46,FN674038.1,88.043,92,10,1,1,92,238,328,1.44E-19,108
OTU_46,AL583743.3,88.043,92,10,1,1,92,23523,23613,1.44E-19,108
OTU_46,AL390802.2,88.043,92,10,1,1,92,103116,103206,1.44E-19,108
OTU_47,NG_077217.1,100,94,0,0,1,94,943,1036,1.45E-39,174
OTU_47,CP068261.2,100,94,0,0,1,94,23212463,23212556,1.45E-39,174
OTU_47,AC091134.7,100,94,0,0,1,94,135186,135093,1.45E-39,174
OTU_47,AC131055.10,100,94,0,0,1,94,150532,150439,1.45E-39,174
OTU_47,AC107940.13,100,94,0,0,1,94,97339,97432,1.45E-39,174
OTU_47,AC132825.8,100,94,0,0,1,94,111524,111617,1.45E-39,174
OTU_47,AF227907.1,100,94,0,0,1,94,5548,5641,1.45E-39,174
OTU_47,XR_008680359.1,98.936,94,1,0,1,94,373,466,6.76E-38,169
OTU_47,AP023488.1,98.936,94,1,0,1,94,673878,673971,6.76E-38,169
OTU_47,AC206041.4,98.936,94,1,0,1,94,195847,195754,6.76E-38,169
OTU_50,NC_024860.1,98.936,94,1,0,1,94,3304,3397,6.76E-38,169
OTU_50,JN601070.1,98.936,94,1,0,1,94,2262,2355,6.76E-38,169
OTU_50,GQ338946.1,98.936,94,1,0,1,94,1069,1162,6.76E-38,169
OTU_50,AF486866.1,98.936,94,1,0,1,94,2197,2290,6.76E-38,169
OTU_50,OR397962.1,97.872,94,2,0,1,94,2263,2356,3.14E-36,163
OTU_50,OR397961.1,97.872,94,2,0,1,94,2263,2356,3.14E-36,163
OTU_50,OR360233.1,97.872,94,2,0,1,94,301,394,3.14E-36,163
OTU_50,OR260477.1,97.872,94,2,0,1,94,2263,2356,3.14E-36,163
OTU_50,OR260476.1,97.872,94,2,0,1,94,2263,2356,3.14E-36,163
OTU_50,OR255999.1,97.872,94,2,0,1,94,2262,2355,3.14E-36,163
OTU_52,NG_027509.3,100,93,0,0,1,93,1233,1325,5.14E-39,172
OTU_52,XM_011996668.1,91.304,92,7,1,3,93,1142,1233,1.46E-24,124
OTU_52,MZ040940.1,93.023,86,5,1,9,93,324,409,1.46E-24,124
OTU_52,AC213900.3,90.217,92,8,1,3,93,17967,18058,6.79E-23,119
OTU_52,XM_033179866.1,89.13,92,9,1,3,93,1152,1243,3.16E-21,113
OTU_52,XM_031935420.1,89.13,92,9,1,3,93,1143,1234,3.16E-21,113
OTU_52,NM_001195073.3,88.043,92,10,1,3,93,1113,1204,1.47E-19,108
OTU_52,NM_001195058.2,88.043,92,10,1,3,93,1145,1236,1.47E-19,108
OTU_52,XM_030927256.1,88.043,92,10,1,3,93,1152,1243,1.47E-19,108
OTU_52,XM_011959258.1,88.043,92,10,1,3,93,1143,1234,1.47E-19,108
OTU_53,NG_023462.4,90.526,95,9,0,1,95,1329,1423,4.19E-25,126
OTU_53,AC217026.3,90.526,95,9,0,1,95,206368,206462,4.19E-25,126
OTU_53,AC193936.3,90.526,95,9,0,1,95,141178,141272,4.19E-25,126
OTU_53,AC146433.3,90.526,95,9,0,1,95,48705,48799,4.19E-25,126
OTU_53,NG_077210.1,89.474,95,10,0,1,95,511,605,1.95E-23,121
OTU_53,AC244472.2,89.474,95,10,0,1,95,110226,110320,1.95E-23,121
OTU_53,AC239612.3,89.474,95,10,0,1,95,64738,64644,1.95E-23,121
OTU_53,NG_001333.2,89.474,95,10,0,1,95,501065,501159,1.95E-23,121
OTU_53,AC231380.2,89.474,95,10,0,1,95,112143,112049,1.95E-23,121
OTU_53,NG_023461.1,87.368,95,12,0,1,95,1225,1319,4.22E-20,110
OTU_54,NM_001194967.1,94.681,94,5,0,1,94,1127,1220,3.17E-31,147
OTU_54,OQ199584.1,93.617,94,6,0,1,94,2245,2338,1.47E-29,141
OTU_54,OQ199583.1,93.617,94,6,0,1,94,2245,2338,1.47E-29,141
OTU_54,OQ199582.1,93.617,94,6,0,1,94,2245,2338,1.47E-29,141
OTU_54,OQ199581.1,93.617,94,6,0,1,94,2245,2338,1.47E-29,141
OTU_54,OQ199580.1,93.617,94,6,0,1,94,2245,2338,1.47E-29,141
OTU_54,OQ199579.1,93.617,94,6,0,1,94,2245,2338,1.47E-29,141
OTU_54,OQ199578.1,93.617,94,6,0,1,94,2245,2338,1.47E-29,141
OTU_54,OQ199577.1,93.617,94,6,0,1,94,2245,2338,1.47E-29,141
OTU_54,MZ041128.1,93.617,94,6,0,1,94,320,413,1.47E-29,141
OTU_55,MZ041128.1,97.872,94,2,0,1,94,320,413,3.14E-36,163
OTU_55,LC433817.2,91.489,94,8,0,1,94,96,189,3.19E-26,130
OTU_55,LC433813.1,91.489,94,8,0,1,94,314,407,3.19E-26,130
OTU_55,MK920181.1,91.304,92,6,1,3,94,303,392,1.48E-24,124
OTU_55,MK920180.1,91.304,92,6,1,3,94,303,392,1.48E-24,124
OTU_55,MK920179.1,91.304,92,6,1,3,94,303,392,1.48E-24,124
OTU_55,MK920178.1,91.304,92,6,1,3,94,303,392,1.48E-24,124
OTU_55,KP120599.1,91.304,92,6,1,3,94,295,384,1.48E-24,124
OTU_55,MW035019.1,91.304,92,6,1,3,94,3,92,1.48E-24,124
OTU_55,MW035012.1,91.304,92,6,1,3,94,3,92,1.48E-24,124
OTU_56,NG_027507.2,100,91,0,0,1,91,1203,1293,6.42E-38,169
OTU_56,MZ041122.1,100,91,0,0,1,91,318,408,6.42E-38,169
OTU_56,AC012365.6,96.703,91,3,0,1,91,41592,41682,6.47E-33,152
OTU_56,NG_023475.4,94.505,91,5,0,1,91,1212,1302,1.40E-29,141
OTU_56,AC198105.2,92.308,91,7,0,1,91,63862,63772,3.03E-26,130
OTU_56,NG_027496.2,91.209,91,8,0,1,91,1190,1280,1.41E-24,124
OTU_56,NG_203433.1,91.209,91,8,0,1,91,1050,1140,1.41E-24,124
OTU_56,XM_011717647.1,91.209,91,8,0,1,91,991,1081,1.41E-24,124
OTU_56,AF420061.1,91.209,91,8,0,1,91,1414,1504,1.41E-24,124
OTU_56,AF420058.1,91.209,91,8,0,1,91,1414,1504,1.41E-24,124
OTU_58,XM_028836112.1,100,91,0,0,1,91,1132,1222,6.42E-38,169
OTU_58,AF420058.1,95.238,84,4,0,1,84,1414,1497,2.34E-27,134
OTU_58,AY603036.1,95.238,84,4,0,1,84,810,893,2.34E-27,134
OTU_58,NG_027496.2,94.118,85,5,0,1,85,1190,1274,3.03E-26,130
OTU_58,CP068261.2,94.118,85,5,0,1,85,19549593,19549677,3.03E-26,130
OTU_58,AP023477.1,94.118,85,5,0,1,85,19781294,19781378,3.03E-26,130
OTU_58,AF420061.1,94.118,85,5,0,1,85,1414,1498,3.03E-26,130
OTU_58,AF420056.1,94.118,85,5,0,1,85,1438,1522,3.03E-26,130
OTU_58,AF420055.1,94.118,85,5,0,1,85,1396,1480,3.03E-26,130
OTU_58,AF420054.1,94.118,85,5,0,1,85,1396,1480,3.03E-26,130
OTU_60,CP050569.1,100,92,0,0,1,92,13521257,13521166,1.82E-38,171
OTU_60,CP050620.1,100,92,0,0,1,92,13523582,13523491,1.82E-38,171
OTU_60,HG994395.1,100,92,0,0,1,92,15332240,15332149,1.82E-38,171
OTU_60,AB048589.1,100,92,0,0,1,92,4166,4257,1.82E-38,171
OTU_60,CP050580.1,95.652,92,4,0,1,92,596885,596794,8.51E-32,148
OTU_60,CP050629.1,95.652,92,4,0,1,92,598107,598016,8.51E-32,148
OTU_60,HG994412.1,95.652,92,4,0,1,92,2822875,2822784,8.51E-32,148
OTU_60,AB048588.1,95.652,92,4,0,1,92,3648,3739,8.51E-32,148
OTU_60,AC187326.11,94.565,92,5,0,1,92,101025,101116,3.96E-30,143
OTU_60,HG994405.1,92.391,92,5,1,1,92,34541102,34541013,3.08E-26,130
OTU_63,NC_026465.1,100,90,0,0,1,90,2269,2358,2.27E-37,167
OTU_63,MN816304.1,96.667,90,3,0,1,90,2263,2352,2.28E-32,150
OTU_63,OK163841.1,94.444,90,5,0,1,90,2266,2355,4.95E-29,139
OTU_63,GQ410327.1,94.444,90,5,0,1,90,962,1051,4.95E-29,139
OTU_63,GQ410332.1,93.333,90,6,0,1,90,960,1049,2.30E-27,134
OTU_63,GQ410331.1,93.407,91,4,2,1,90,961,1050,2.30E-27,134
OTU_63,GQ410330.1,93.407,91,4,2,1,90,961,1050,2.30E-27,134
OTU_63,NC_046915.1,92.222,90,7,0,1,90,2265,2354,1.07E-25,128
OTU_63,AF044616.1,92.222,90,7,0,1,90,321,410,1.07E-25,128
OTU_63,KC248381.1,91.111,90,8,0,1,90,314,403,4.98E-24,122
OTU_64,OM502028.1,100,94,0,0,1,94,1177131,1177038,1.45E-39,174
OTU_64,OQ199568.1,96.809,94,3,0,1,94,2253,2346,1.46E-34,158
OTU_64,MF893899.1,95.745,94,4,0,1,94,2246,2339,6.81E-33,152
OTU_64,MF893898.1,95.745,94,4,0,1,94,2246,2339,6.81E-33,152
OTU_64,OQ199567.1,95.745,94,4,0,1,94,2253,2346,6.81E-33,152
OTU_64,NC_026976.1,95.745,94,4,0,1,94,2780,2873,6.81E-33,152
OTU_64,KM360179.1,95.745,94,4,0,1,94,2782,2875,6.81E-33,152
OTU_64,MT300202.1,95.745,94,4,0,1,94,2243,2336,6.81E-33,152
OTU_64,MT300197.1,95.745,94,4,0,1,94,2238,2331,6.81E-33,152
OTU_64,MT300196.1,95.745,94,4,0,1,94,2239,2332,6.81E-33,152
OTU_65,NM_001195043.2,97.872,94,2,0,1,94,855,948,3.14E-36,163
OTU_65,OQ199736.1,93.617,94,6,0,1,94,2244,2337,1.47E-29,141
OTU_65,OQ199735.1,93.617,94,6,0,1,94,2244,2337,1.47E-29,141
OTU_65,OQ199703.1,93.617,94,6,0,1,94,2244,2337,1.47E-29,141
OTU_65,OQ199702.1,93.617,94,6,0,1,94,2244,2337,1.47E-29,141
OTU_65,OQ199701.1,93.617,94,6,0,1,94,2244,2337,1.47E-29,141
OTU_65,OQ199700.1,93.617,94,6,0,1,94,2244,2337,1.47E-29,141
OTU_65,OQ199699.1,93.617,94,6,0,1,94,2244,2337,1.47E-29,141
OTU_65,OQ199571.1,93.617,94,6,0,1,94,2249,2342,1.47E-29,141
OTU_65,AY360297.1,93.617,94,6,0,1,94,231,138,1.47E-29,141
OTU_67,MG250566.1,100,94,0,0,2,95,3518,3611,1.48E-39,174
OTU_67,MG250534.1,100,94,0,0,2,95,3518,3611,1.48E-39,174
OTU_67,MG250533.1,100,94,0,0,2,95,3518,3611,1.48E-39,174
OTU_67,MG250531.1,100,94,0,0,2,95,3518,3611,1.48E-39,174
OTU_67,MG250523.1,100,94,0,0,2,95,3518,3611,1.48E-39,174
OTU_67,KT194217.1,100,94,0,0,2,95,3517,3610,1.48E-39,174
OTU_67,KT279759.1,100,94,0,0,2,95,2263,2356,1.48E-39,174
OTU_67,KP765602.1,100,94,0,0,2,95,3568,3661,1.48E-39,174
OTU_67,KC505410.1,100,94,0,0,2,95,3567,3660,1.48E-39,174
OTU_67,KF472177.1,100,94,0,0,2,95,3517,3610,1.48E-39,174
OTU_68,OU893338.1,100,29,0,0,76,104,13564921,13564949,0.002,54.7
OTU_69,MW703460.1,100,93,0,0,1,93,243,335,5.14E-39,172
OTU_69,MW703459.1,100,93,0,0,1,93,243,335,5.14E-39,172
OTU_69,OP575307.1,100,93,0,0,1,93,2702,2794,5.14E-39,172
OTU_69,OL628830.1,100,93,0,0,1,93,2260,2352,5.14E-39,172
OTU_69,MZ061601.1,100,93,0,0,1,93,321,413,5.14E-39,172
OTU_69,MZ061600.1,100,93,0,0,1,93,321,413,5.14E-39,172
OTU_69,MZ061599.1,100,93,0,0,1,93,321,413,5.14E-39,172
OTU_69,MZ061598.1,100,93,0,0,1,93,321,413,5.14E-39,172
OTU_69,MZ061595.1,100,93,0,0,1,93,321,413,5.14E-39,172
OTU_69,MZ061594.1,100,93,0,0,1,93,321,413,5.14E-39,172
OTU_70,NC_022154.1,100,109,0,0,1,109,26811,26703,8.33E-48,202
OTU_70,NC_036103.1,97.248,109,3,0,1,109,3769,3877,8.39E-43,185
OTU_70,NC_010166.1,97.248,109,3,0,1,109,1856,1964,8.39E-43,185
OTU_70,NC_022168.1,96.33,109,4,0,1,109,3706,3598,3.90E-41,180
OTU_70,NC_022161.1,96.33,109,4,0,1,109,9478,9586,3.90E-41,180
OTU_70,MT421958.1,95.413,109,5,0,1,109,3935,3827,1.82E-39,174
OTU_70,NC_050841.1,95.413,109,5,0,1,109,9393,9285,1.82E-39,174
OTU_70,CP117544.1,94.495,109,6,0,1,109,9978,10086,8.45E-38,169
OTU_70,NC_013255.1,94.495,109,6,0,1,109,30247,30355,8.45E-38,169
OTU_70,OM373203.1,93.578,109,7,0,1,109,2411,2519,3.93E-36,163
OTU_71,NC_035815.1,96.739,92,3,0,1,92,2438,2529,1.83E-33,154
OTU_71,KY410900.1,96.739,92,3,0,1,92,2276,2367,1.83E-33,154
OTU_71,KY410899.1,96.739,92,3,0,1,92,2275,2366,1.83E-33,154
OTU_71,AY227453.1,96.739,92,3,0,1,92,315,406,1.83E-33,154
OTU_71,KY410919.1,89.362,94,6,4,1,92,2278,2369,8.63E-22,115
OTU_71,NC_035816.1,89.362,94,6,4,1,92,2500,2591,8.63E-22,115
OTU_71,KY410918.1,89.362,94,6,4,1,92,2282,2373,8.63E-22,115
OTU_71,KY410917.1,89.362,94,6,4,1,92,2280,2371,8.63E-22,115
OTU_72,OR327028.1,100,86,0,0,1,86,2263,2348,3.53E-35,159
OTU_72,OR327027.1,100,86,0,0,1,86,2263,2348,3.53E-35,159
OTU_72,OR327026.1,100,86,0,0,1,86,2263,2348,3.53E-35,159
OTU_72,OR327025.1,100,86,0,0,1,86,2263,2348,3.53E-35,159
OTU_72,OR327024.1,100,86,0,0,1,86,2263,2348,3.53E-35,159
OTU_72,OR327023.1,100,86,0,0,1,86,2263,2348,3.53E-35,159
OTU_72,OR327022.1,100,86,0,0,1,86,2263,2348,3.53E-35,159
OTU_72,OR327021.1,100,86,0,0,1,86,2263,2348,3.53E-35,159
OTU_72,OR327020.1,100,86,0,0,1,86,2263,2348,3.53E-35,159
OTU_72,OR327019.1,100,86,0,0,1,86,2263,2348,3.53E-35,159
OTU_73,XM_011996668.1,98.936,94,1,0,1,94,1140,1233,6.76E-38,169
OTU_73,XM_031666222.1,97.872,94,2,0,1,94,3405,3498,3.14E-36,163
OTU_73,XM_012089318.1,97.872,94,2,0,1,94,1140,1233,3.14E-36,163
OTU_73,XM_033179866.1,96.809,94,3,0,1,94,1150,1243,1.46E-34,158
OTU_73,XM_031935420.1,96.809,94,3,0,1,94,1141,1234,1.46E-34,158
OTU_73,XM_025386835.1,96.809,94,3,0,1,94,2006,2099,1.46E-34,158
OTU_73,XM_030927256.1,95.745,94,4,0,1,94,1150,1243,6.81E-33,152
OTU_73,XM_011959258.1,95.745,94,4,0,1,94,1141,1234,6.81E-33,152
OTU_73,NG_027509.3,90.217,92,8,1,3,94,1235,1325,6.90E-23,119
OTU_73,MZ040940.1,89.535,86,9,0,9,94,324,409,4.15E-20,110
OTU_74,AC239395.3,100,93,0,0,1,93,130292,130200,5.14E-39,172
OTU_74,AL030997.1,100,93,0,0,1,93,23064,23156,5.14E-39,172
OTU_74,CT841529.2,97.849,93,2,0,1,93,145542,145634,1.11E-35,161
OTU_74,CT573436.2,97.849,93,2,0,1,93,130608,130516,1.11E-35,161
OTU_74,AP025376.1,100,28,0,0,55,82,12744995,12744968,0.007,52.8
OTU_76,JQ790019.1,88.679,53,6,0,44,96,49,101,2.87E-07,67.6
OTU_77,AC215276.3,98.901,91,1,0,1,91,143248,143338,2.99E-36,163
OTU_79,NC_026120.1,96.809,94,3,0,1,94,2244,2337,1.46E-34,158
OTU_79,OQ199570.1,95.745,94,4,0,1,94,2245,2338,6.81E-33,152
OTU_79,XR_006698753.1,95.745,94,4,0,1,94,1150,1243,6.81E-33,152
OTU_79,MW090144.1,95.745,94,4,0,1,94,63,156,6.81E-33,152
OTU_79,MW090143.1,95.745,94,4,0,1,94,63,156,6.81E-33,152
OTU_79,MT300218.1,95.745,94,4,0,1,94,2245,2338,6.81E-33,152
OTU_79,MT300217.1,95.745,94,4,0,1,94,2245,2338,6.81E-33,152
OTU_79,MT300216.1,95.745,94,4,0,1,94,2245,2338,6.81E-33,152
OTU_79,MT300215.1,95.745,94,4,0,1,94,2246,2339,6.81E-33,152
OTU_79,MT300214.1,95.745,94,4,0,1,94,2242,2335,6.81E-33,152
OTU_86,AL117351.12,100,93,0,0,1,93,46783,46875,5.14E-39,172
OTU_87,AC012365.6,100,91,0,0,1,91,41592,41682,6.42E-38,169
OTU_87,NG_023475.4,97.802,91,2,0,1,91,1212,1302,1.39E-34,158
OTU_87,NG_027507.2,96.703,91,3,0,1,91,1203,1293,6.47E-33,152
OTU_87,MZ041122.1,96.703,91,3,0,1,91,318,408,6.47E-33,152
OTU_87,FN674038.1,86.813,91,12,0,1,91,238,328,6.60E-18,102
OTU_87,AL583743.3,86.813,91,12,0,1,91,23523,23613,6.60E-18,102
OTU_87,AL390802.2,86.813,91,12,0,1,91,103116,103206,6.60E-18,102
OTU_89,MZ041130.1,89.362,94,10,0,1,94,319,412,6.90E-23,119
OTU_89,MZ041121.1,89.362,94,10,0,1,94,319,412,6.90E-23,119
OTU_89,AC225831.5,89.362,94,10,0,1,94,13194,13287,6.90E-23,119
OTU_89,AC207616.3,89.362,94,10,0,1,94,100698,100791,6.90E-23,119
OTU_89,KC757406.1,88.043,92,11,0,1,92,2276,2367,4.15E-20,110
OTU_89,XM_011959258.1,82.979,94,16,0,1,94,1141,1234,7.00E-13,86.1
OTU_91,OY720315.1,94.286,35,2,0,23,57,7327258,7327292,0.002,54.7
OTU_91,OX467718.1,100,29,0,0,66,94,28093990,28093962,0.002,54.7
OTU_91,OX467711.1,100,29,0,0,66,94,63942923,63942951,0.002,54.7
OTU_91,OX419208.1,100,29,0,0,64,92,60312571,60312543,0.002,54.7
OTU_93,NG_023461.1,98.947,95,1,0,1,95,1225,1319,1.91E-38,171
OTU_93,FN674006.1,98.947,95,1,0,1,95,458,552,1.91E-38,171
OTU_93,NG_001337.2,98.947,95,1,0,1,95,52404,52498,1.91E-38,171
OTU_93,AF029308.1,98.947,95,1,0,1,95,52449,52543,1.91E-38,171
OTU_93,AL356489.14,98.947,95,1,0,1,95,3804,3898,1.91E-38,171
OTU_93,NG_077210.1,96.842,95,3,0,1,95,511,605,4.14E-35,159
OTU_93,AC244472.2,96.842,95,3,0,1,95,110226,110320,4.14E-35,159
OTU_93,AC239612.3,96.842,95,3,0,1,95,64738,64644,4.14E-35,159
OTU_93,NG_001333.2,96.842,95,3,0,1,95,501065,501159,4.14E-35,159
OTU_93,AC231380.2,96.842,95,3,0,1,95,112143,112049,4.14E-35,159
OTU_94,AL035427.17,100,99,0,0,1,99,150710,150808,2.61E-42,183
OTU_94,FN674048.1,100,74,0,0,26,99,1,74,2.06E-28,137
OTU_95,XM_031656858.1,100,89,0,0,1,89,648,736,8.31E-37,165
OTU_95,XM_011722773.2,100,89,0,0,1,89,1455,1543,8.31E-37,165
OTU_95,XM_012058929.1,100,89,0,0,1,89,3220,3308,8.31E-37,165
OTU_95,XM_011978151.1,100,89,0,0,1,89,975,1063,8.31E-37,165
OTU_95,XM_037982621.1,100,89,0,0,1,89,646,734,8.31E-37,165
OTU_95,NM_001195028.2,100,88,0,0,1,88,1084,1171,2.99E-36,163
OTU_95,XM_023231922.2,97.727,88,2,0,2,89,650,737,6.47E-33,152
OTU_95,XM_011936688.1,97.727,88,2,0,2,89,975,1062,6.47E-33,152
OTU_95,XM_033186823.1,98.81,84,1,0,2,85,646,729,2.33E-32,150
OTU_95,XM_010365112.2,96.591,88,3,0,2,89,659,746,3.01E-31,147
OTU_97,NC_026976.1,97.872,94,2,0,1,94,2780,2873,3.14E-36,163
OTU_97,MT300243.1,97.872,94,2,0,1,94,2246,2339,3.14E-36,163
OTU_97,MT300246.1,97.826,92,2,0,3,94,2248,2339,4.07E-35,159
OTU_97,MF893969.1,96.809,94,3,0,1,94,2246,2339,1.46E-34,158
OTU_97,MF893967.1,96.809,94,3,0,1,94,2246,2339,1.46E-34,158
OTU_97,MF893966.1,96.809,94,3,0,1,94,2246,2339,1.46E-34,158
OTU_97,MT300207.1,96.809,94,3,0,1,94,2232,2325,1.46E-34,158
OTU_97,MT300205.1,96.809,94,3,0,1,94,2245,2338,1.46E-34,158
OTU_97,MT300204.1,96.809,94,3,0,1,94,2245,2338,1.46E-34,158
OTU_97,MT300203.1,96.809,94,3,0,1,94,2241,2334,1.46E-34,158
OTU_99,OR269158.1,100,101,0,0,1,101,2308,2408,2.08E-43,187
OTU_99,OR269157.1,100,101,0,0,1,101,2308,2408,2.08E-43,187
OTU_99,OR269156.1,100,101,0,0,1,101,2308,2408,2.08E-43,187
OTU_99,OR269155.1,100,101,0,0,1,101,2309,2409,2.08E-43,187
OTU_99,OR269154.1,100,101,0,0,1,101,2309,2409,2.08E-43,187
OTU_99,OR269153.1,100,101,0,0,1,101,2309,2409,2.08E-43,187
OTU_99,MZ962673.1,100,101,0,0,1,101,2308,2408,2.08E-43,187
OTU_99,MZ922472.1,100,101,0,0,1,101,2308,2408,2.08E-43,187
OTU_99,MN720361.1,100,101,0,0,1,101,2308,2408,2.08E-43,187
OTU_99,MZ895121.1,100,101,0,0,1,101,2308,2408,2.08E-43,187
OTU_101,AF420058.1,87.5,88,11,0,1,88,1414,1501,6.60E-18,102
OTU_101,AF420053.1,87.5,88,11,0,1,88,1414,1501,6.60E-18,102
OTU_101,AY603036.1,87.5,88,11,0,1,88,810,897,6.60E-18,102
OTU_101,AC090204.11,85.227,88,9,3,1,88,135241,135324,1.85E-13,87.9
OTU_101,NG_027498.2,82.955,88,15,0,1,88,1216,1303,3.09E-11,80.5
OTU_101,OM502028.1,82.418,91,16,0,1,91,13758025,13757935,3.09E-11,80.5
OTU_104,OR591248.1,100,92,0,0,1,92,335,426,1.82E-38,171
OTU_104,OR129838.1,100,92,0,0,1,92,2216,2307,1.82E-38,171
OTU_104,OR129837.1,100,92,0,0,1,92,2249,2340,1.82E-38,171
OTU_104,OM743429.1,100,92,0,0,1,92,2248,2339,1.82E-38,171
OTU_104,OM743428.1,100,92,0,0,1,92,2263,2354,1.82E-38,171
OTU_104,OM743427.1,100,92,0,0,1,92,2263,2354,1.82E-38,171
OTU_104,OM743426.1,100,92,0,0,1,92,2263,2354,1.82E-38,171
OTU_104,OM743425.1,100,92,0,0,1,92,2263,2354,1.82E-38,171
OTU_104,OM743424.1,100,92,0,0,1,92,2263,2354,1.82E-38,171
OTU_104,OM743423.1,100,92,0,0,1,92,2263,2354,1.82E-38,171
OTU_106,LR812524.1,100,32,0,0,50,81,44609448,44609479,4.67E-05,60.2
OTU_109,NM_001195043.2,96.809,94,3,0,1,94,855,948,1.46E-34,158
OTU_109,OQ199571.1,94.681,94,5,0,1,94,2249,2342,3.17E-31,147
OTU_109,OP088126.1,94.681,94,5,0,1,94,294,387,3.17E-31,147
OTU_109,NC_028592.1,93.617,94,6,0,1,94,2259,2352,1.47E-29,141
OTU_109,KP090062.1,93.617,94,6,0,1,94,2249,2342,1.47E-29,141
OTU_109,MT949692.1,93.478,92,6,0,3,94,2787,2878,1.91E-28,137
OTU_109,MT755630.1,93.478,92,6,0,3,94,2789,2880,1.91E-28,137
OTU_109,OQ199736.1,92.553,94,7,0,1,94,2244,2337,6.85E-28,135
OTU_109,OQ199735.1,92.553,94,7,0,1,94,2244,2337,6.85E-28,135
OTU_109,OQ199703.1,92.553,94,7,0,1,94,2244,2337,6.85E-28,135
OTU_111,OR360243.1,98.913,92,0,1,1,91,289,380,2.99E-36,163
OTU_111,OR360227.1,98.913,92,0,1,1,91,289,380,2.99E-36,163
OTU_111,OR360214.1,98.913,92,0,1,1,91,289,380,2.99E-36,163
OTU_111,OR360199.1,98.913,92,0,1,1,91,289,380,2.99E-36,163
OTU_111,OR360198.1,98.913,92,0,1,1,91,289,380,2.99E-36,163
OTU_111,OR360197.1,98.913,92,0,1,1,91,289,380,2.99E-36,163
OTU_111,OR360196.1,98.913,92,0,1,1,91,289,380,2.99E-36,163
OTU_111,OR360194.1,98.913,92,0,1,1,91,289,380,2.99E-36,163
OTU_111,OR360187.1,98.913,92,0,1,1,91,290,381,2.99E-36,163
OTU_111,OR360185.1,98.913,92,0,1,1,91,288,379,2.99E-36,163
OTU_112,AC213900.3,100,94,0,0,1,94,17965,18058,1.45E-39,174
OTU_112,MZ040940.1,93.023,86,6,0,9,94,324,409,4.13E-25,126
OTU_112,NG_027509.3,90.217,92,8,1,3,94,1235,1325,6.90E-23,119
OTU_112,NM_001195058.2,86.17,94,13,0,1,94,1143,1236,6.95E-18,102
OTU_115,NM_001195073.3,98.936,94,1,0,1,94,1111,1204,6.76E-38,169
OTU_115,NG_027492.2,92.632,95,5,2,1,94,624,717,6.85E-28,135
OTU_115,NM_001195058.2,87.234,94,12,0,1,94,1143,1236,1.49E-19,108
OTU_115,NG_027509.3,86.957,92,11,1,3,94,1235,1325,6.95E-18,102
OTU_115,JQ257001.1,82.558,86,15,0,9,94,2260,2345,1.17E-10,78.7
OTU_117,OW284519.1,88.06,67,8,0,33,99,27834044,27833978,3.53E-11,80.5
OTU_117,OW284519.1,90.566,53,5,0,38,90,5237914,5237966,2.12E-08,71.3
OTU_117,OW284519.1,82.857,70,12,0,30,99,760579,760648,3.55E-06,63.9
OTU_117,OW284519.1,82.857,70,12,0,30,99,7179976,7180045,3.55E-06,63.9
OTU_117,OW284519.1,83.099,71,10,2,30,99,21478756,21478825,3.55E-06,63.9
OTU_117,OW284519.1,83.582,67,11,0,33,99,25629818,25629752,3.55E-06,63.9
OTU_117,OW284519.1,83.333,66,11,0,34,99,7100001,7100066,1.28E-05,62.1
OTU_117,OW284519.1,83.333,66,10,1,34,99,18128752,18128816,4.60E-05,60.2
OTU_117,OW284519.1,82.09,67,12,0,33,99,1758321,1758255,1.65E-04,58.4
OTU_117,OW284519.1,83.871,62,9,1,33,93,5300084,5300023,1.65E-04,58.4
OTU_117,OW284519.1,82.09,67,12,0,33,99,9414897,9414831,1.65E-04,58.4
OTU_117,OW284519.1,82.09,67,12,0,33,99,18128581,18128515,1.65E-04,58.4
OTU_117,OW284519.1,82.09,67,12,0,33,99,19496881,19496815,1.65E-04,58.4
OTU_117,OW284519.1,82.09,67,12,0,33,99,19699503,19699437,1.65E-04,58.4
OTU_117,OW284519.1,86.538,52,7,0,30,81,19699670,19699721,1.65E-04,58.4
OTU_117,OW284519.1,84.746,59,8,1,30,87,22995171,22995229,1.65E-04,58.4
OTU_117,OW284519.1,81.429,70,13,0,30,99,26332230,26332299,1.65E-04,58.4
OTU_117,OW284519.1,81.429,70,13,0,30,99,26544722,26544791,1.65E-04,58.4
OTU_117,OW284519.1,82.09,67,12,0,33,99,27279400,27279334,1.65E-04,58.4
OTU_117,OW284519.1,82.09,67,12,0,33,99,29430633,29430567,1.65E-04,58.4
OTU_117,OW284519.1,85.455,55,8,0,30,84,29430800,29430854,1.65E-04,58.4
OTU_117,OW284519.1,81.429,70,13,0,30,99,29784492,29784561,1.65E-04,58.4
OTU_117,OW284519.1,85.455,55,6,2,20,74,364933,364985,5.95E-04,56.5
OTU_117,OW284519.1,87.5,48,6,0,37,84,3227363,3227316,5.95E-04,56.5
OTU_117,OW284519.1,88.889,45,5,0,30,74,11705721,11705765,5.95E-04,56.5
OTU_117,OW284519.1,88.889,45,5,0,30,74,14466011,14466055,5.95E-04,56.5
OTU_117,OW284519.1,82.09,67,11,1,33,99,16357638,16357573,5.95E-04,56.5
OTU_117,OW284519.1,82.353,68,9,3,33,99,16834520,16834455,5.95E-04,56.5
OTU_117,OW284519.1,82.54,63,11,0,37,99,18608512,18608450,5.95E-04,56.5
OTU_117,OW284519.1,88.889,45,5,0,33,77,19130067,19130023,5.95E-04,56.5
OTU_117,OW284519.1,81.429,70,12,1,30,99,19474233,19474301,5.95E-04,56.5
OTU_117,OW284519.1,82.54,63,11,0,37,99,19543002,19542940,5.95E-04,56.5
OTU_117,OW284519.1,82.09,67,11,1,33,99,20028420,20028355,5.95E-04,56.5
OTU_117,OW284519.1,82.54,63,11,0,33,95,20841405,20841343,5.95E-04,56.5
OTU_117,OW284519.1,81.69,71,10,3,30,99,20841572,20841640,5.95E-04,56.5
OTU_117,OW284519.1,90.476,42,4,0,33,74,21043579,21043538,5.95E-04,56.5
OTU_117,OW284519.1,83.607,61,8,2,33,92,21478589,21478530,5.95E-04,56.5
OTU_117,OW284519.1,81.429,70,12,1,30,99,22321426,22321494,5.95E-04,56.5
OTU_117,OW284519.1,81.429,70,12,1,30,99,25430788,25430856,5.95E-04,56.5
OTU_117,OW284519.1,82.09,67,11,1,33,99,26544555,26544490,5.95E-04,56.5
OTU_117,OW284519.1,82.09,67,11,1,33,99,26875721,26875656,5.95E-04,56.5
OTU_117,OW284519.1,85.185,54,8,0,46,99,27080012,27079959,5.95E-04,56.5
OTU_117,OW284519.1,88.889,45,5,0,30,74,27120294,27120338,5.95E-04,56.5
OTU_117,OW284519.1,90.476,42,4,0,33,74,28567147,28567188,5.95E-04,56.5
OTU_117,OW284519.1,87.5,48,5,1,47,93,18985710,18985663,0.002,54.7
OTU_117,OW284519.1,96.774,31,1,0,47,77,13930441,13930411,0.008,52.8
OTU_117,OW284519.1,84.906,53,7,1,47,99,16357806,16357857,0.008,52.8
OTU_117,OW284519.1,100,28,0,0,47,74,19497060,19497087,0.008,52.8
OTU_117,OW284519.1,100,28,0,0,47,74,20811552,20811579,0.008,52.8
OTU_117,OW284519.1,84.906,53,7,1,47,99,21043763,21043814,0.008,52.8
OTU_117,OW284515.1,87.143,70,9,0,30,99,28263390,28263459,3.53E-11,80.5
OTU_117,OW284515.1,86.567,67,9,0,33,99,1212788,1212722,1.64E-09,75
OTU_117,OW284515.1,85.714,70,10,0,30,99,2146886,2146955,1.64E-09,75
OTU_117,OW284515.1,86.567,67,9,0,33,99,10669261,10669195,1.64E-09,75
OTU_117,OW284515.1,86.567,67,9,0,33,99,22659471,22659405,1.64E-09,75
OTU_117,OW284515.1,87.302,63,8,0,37,99,7610105,7610043,5.91E-09,73.1
OTU_117,OW284515.1,87.097,62,8,0,38,99,28179601,28179540,2.12E-08,71.3
OTU_117,OW284515.1,84.286,70,11,0,30,99,1631202,1631271,7.64E-08,69.4
OTU_117,OW284515.1,84.286,70,11,0,30,99,10673159,10673228,7.64E-08,69.4
OTU_117,OW284515.1,84.848,66,10,0,34,99,60016432,60016497,2.75E-07,67.6
OTU_117,OW284515.1,88.679,53,6,0,47,99,55908627,55908575,9.88E-07,65.8
OTU_117,OW284515.1,88.462,52,6,0,33,84,5354082,5354031,3.55E-06,63.9
OTU_117,OW284515.1,82.857,70,12,0,30,99,19563470,19563539,3.55E-06,63.9
OTU_117,OW284515.1,82.857,70,12,0,30,99,22223412,22223481,3.55E-06,63.9
OTU_117,OW284515.1,83.582,67,11,0,33,99,28263279,28263213,3.55E-06,63.9
OTU_117,OW284515.1,83.333,72,8,4,30,99,48505227,48505296,3.55E-06,63.9
OTU_117,OW284515.1,83.582,67,11,0,33,99,60150633,60150567,3.55E-06,63.9
OTU_117,OW284515.1,82.857,70,11,1,30,99,28286344,28286412,1.28E-05,62.1
OTU_117,OW284515.1,92.857,42,3,0,33,74,53906563,53906604,1.28E-05,62.1
OTU_117,OW284515.1,83.582,67,10,1,33,99,60150802,60150867,1.28E-05,62.1
OTU_117,OW284515.1,86.792,53,7,0,47,99,24667975,24667923,4.60E-05,60.2
OTU_117,OW284515.1,86.792,53,7,0,47,99,24882956,24882904,4.60E-05,60.2
OTU_117,OW284515.1,86.792,53,7,0,47,99,42912238,42912290,4.60E-05,60.2
OTU_117,OW284515.1,83.871,62,10,0,38,99,52300214,52300153,4.60E-05,60.2
OTU_117,OW284515.1,82.09,67,12,0,33,99,3737895,3737829,1.65E-04,58.4
OTU_117,OW284515.1,85.455,55,8,0,30,84,3738062,3738116,1.65E-04,58.4
OTU_117,OW284515.1,82.09,67,12,0,33,99,6406126,6406060,1.65E-04,58.4
OTU_117,OW284515.1,81.429,70,13,0,30,99,17836283,17836352,1.65E-04,58.4
OTU_117,OW284515.1,86.538,52,7,0,33,84,19124051,19124102,1.65E-04,58.4
OTU_117,OW284515.1,82.09,67,12,0,33,99,27468131,27468065,1.65E-04,58.4
OTU_117,OW284515.1,86.538,52,7,0,33,84,29389827,29389878,1.65E-04,58.4
OTU_117,OW284515.1,80.822,73,14,0,27,99,29527237,29527309,1.65E-04,58.4
OTU_117,OW284515.1,83.607,61,10,0,37,97,37741474,37741414,1.65E-04,58.4
OTU_117,OW284515.1,82.09,67,12,0,33,99,46876680,46876614,1.65E-04,58.4
OTU_117,OW284515.1,81.429,70,13,0,30,99,48431752,48431821,1.65E-04,58.4
OTU_117,OW284515.1,82.09,67,12,0,33,99,51655724,51655658,1.65E-04,58.4
OTU_117,OW284515.1,82.09,67,12,0,33,99,53595402,53595336,1.65E-04,58.4
OTU_117,OW284515.1,85.455,55,8,0,30,84,54820185,54820239,1.65E-04,58.4
OTU_117,OW284515.1,82.09,67,12,0,33,99,56672834,56672768,1.65E-04,58.4
OTU_117,OW284515.1,82.09,67,12,0,33,99,61393825,61393759,1.65E-04,58.4
OTU_117,OW284515.1,86.275,51,7,0,34,84,640478,640528,5.95E-04,56.5
OTU_117,OW284515.1,82.09,67,11,1,33,99,3688838,3688773,5.95E-04,56.5
OTU_117,OW284515.1,88.889,45,5,0,33,77,4857674,4857630,5.95E-04,56.5
OTU_117,OW284515.1,86.275,51,7,0,34,84,5178495,5178545,5.95E-04,56.5
OTU_117,OW284515.1,83.607,61,9,1,34,93,6746182,6746242,5.95E-04,56.5
OTU_117,OW284515.1,88.889,45,5,0,33,77,6958317,6958273,5.95E-04,56.5
OTU_117,OW284515.1,82.54,63,11,0,37,99,7448175,7448113,5.95E-04,56.5
OTU_117,OW284515.1,88.889,45,5,0,33,77,17520367,17520323,5.95E-04,56.5
OTU_117,OW284515.1,88.889,45,5,0,33,77,17827836,17827792,5.95E-04,56.5
OTU_117,OW284515.1,82.09,67,11,1,33,99,17880088,17880023,5.95E-04,56.5
OTU_117,OW284515.1,82.54,63,11,0,37,99,23747725,23747663,5.95E-04,56.5
OTU_117,OW284515.1,88.889,45,5,0,33,77,25726882,25726838,5.95E-04,56.5
OTU_117,OW284515.1,81.429,70,12,1,30,99,27776028,27776096,5.95E-04,56.5
OTU_117,OW284515.1,87.5,48,6,0,37,84,30777977,30778024,5.95E-04,56.5
OTU_117,OW284515.1,86.275,51,7,0,34,84,37742762,37742812,5.95E-04,56.5
OTU_117,OW284515.1,82.09,67,11,1,33,99,46030130,46030065,5.95E-04,56.5
OTU_117,OW284515.1,81.429,70,12,1,30,99,55908808,55908876,5.95E-04,56.5
OTU_117,OW284515.1,87.5,48,6,0,37,84,57745260,57745213,5.95E-04,56.5
OTU_117,OW284515.1,81.429,70,12,1,30,99,58787061,58787129,5.95E-04,56.5
OTU_117,OW284515.1,87.755,49,4,2,26,74,61638273,61638227,5.95E-04,56.5
OTU_117,OW284515.1,92.105,38,3,0,47,84,2068933,2068896,0.002,54.7
OTU_117,OW284515.1,84.906,53,8,0,47,99,29385285,29385233,0.002,54.7
OTU_117,OW284515.1,84.906,53,8,0,47,99,52451339,52451287,0.002,54.7
OTU_117,OW284515.1,85.185,54,6,2,47,99,52701927,52701875,0.002,54.7
OTU_117,OW284515.1,84.906,53,8,0,47,99,62892151,62892203,0.002,54.7
OTU_117,OW284515.1,100,28,0,0,47,74,52702125,52702152,0.008,52.8
OTU_117,OW284515.1,82.258,62,10,1,38,99,52778148,52778208,0.008,52.8
OTU_117,OW284512.1,88.06,67,8,0,33,99,9632895,9632829,3.53E-11,80.5
OTU_117,OW284512.1,88.06,67,8,0,33,99,35774522,35774588,3.53E-11,80.5
OTU_117,OW284512.1,85.915,71,8,2,30,99,23330147,23330216,1.64E-09,75
OTU_117,OW284512.1,90.385,52,5,0,33,84,49879642,49879591,7.64E-08,69.4
OTU_117,OW284512.1,85.714,63,9,0,37,99,70440933,70440871,2.75E-07,67.6
OTU_117,OW284512.1,82.857,70,12,0,30,99,10915067,10915136,3.55E-06,63.9
OTU_117,OW284512.1,81.25,80,13,2,20,99,21545319,21545396,3.55E-06,63.9
OTU_117,OW284512.1,83.582,67,11,0,33,99,30021511,30021445,3.55E-06,63.9
OTU_117,OW284512.1,83.099,71,10,2,30,99,48229478,48229547,3.55E-06,63.9
OTU_117,OW284512.1,83.582,67,11,0,33,99,60561782,60561716,3.55E-06,63.9
OTU_117,OW284512.1,82.857,70,12,0,30,99,61134171,61134240,3.55E-06,63.9
OTU_117,OW284512.1,88.462,52,6,0,33,84,68094831,68094882,3.55E-06,63.9
OTU_117,OW284512.1,92.857,42,3,0,33,74,41733505,41733546,1.28E-05,62.1
OTU_117,OW284512.1,83.582,67,10,1,33,99,63478915,63478850,1.28E-05,62.1
OTU_117,OW284512.1,84.127,63,10,0,37,99,67395146,67395084,1.28E-05,62.1
OTU_117,OW284512.1,86.792,53,7,0,47,99,4696552,4696500,4.60E-05,60.2
OTU_117,OW284512.1,81.429,70,13,0,30,99,7686836,7686905,1.65E-04,58.4
OTU_117,OW284512.1,82.09,67,12,0,33,99,10776934,10776868,1.65E-04,58.4
OTU_117,OW284512.1,82.09,67,12,0,33,99,11195341,11195275,1.65E-04,58.4
OTU_117,OW284512.1,82.09,67,12,0,33,99,11842970,11842904,1.65E-04,58.4
OTU_117,OW284512.1,82.353,68,10,2,33,99,17633200,17633266,1.65E-04,58.4
OTU_117,OW284512.1,82.09,67,12,0,33,99,26440318,26440252,1.65E-04,58.4
OTU_117,OW284512.1,82.09,67,12,0,33,99,33810819,33810753,1.65E-04,58.4
OTU_117,OW284512.1,82.09,67,12,0,33,99,34283295,34283229,1.65E-04,58.4
OTU_117,OW284512.1,82.09,67,12,0,33,99,34306848,34306782,1.65E-04,58.4
OTU_117,OW284512.1,82.09,67,12,0,33,99,49851120,49851054,1.65E-04,58.4
OTU_117,OW284512.1,85.455,55,8,0,30,84,67251692,67251746,1.65E-04,58.4
OTU_117,OW284512.1,81.429,70,13,0,30,99,69419822,69419891,1.65E-04,58.4
OTU_117,OW284512.1,82.09,67,12,0,33,99,72396647,72396581,1.65E-04,58.4
OTU_117,OW284512.1,82.54,63,11,0,37,99,5536985,5536923,5.95E-04,56.5
OTU_117,OW284512.1,87.5,48,6,0,37,84,5537160,5537207,5.95E-04,56.5
OTU_117,OW284512.1,81.69,71,9,4,33,99,7686669,7686599,5.95E-04,56.5
OTU_117,OW284512.1,82.09,67,11,1,33,99,8600948,8600883,5.95E-04,56.5
OTU_117,OW284512.1,87.5,48,6,0,27,74,12787820,12787867,5.95E-04,56.5
OTU_117,OW284512.1,82.54,63,11,0,37,99,23500487,23500425,5.95E-04,56.5
OTU_117,OW284512.1,82.54,63,11,0,37,99,34283467,34283529,5.95E-04,56.5
OTU_117,OW284512.1,81.429,70,12,1,30,99,34285735,34285803,5.95E-04,56.5
OTU_117,OW284512.1,84.746,59,6,3,37,92,38978679,38978621,5.95E-04,56.5
OTU_117,OW284512.1,81.429,70,12,1,30,99,48188918,48188986,5.95E-04,56.5
OTU_117,OW284512.1,87.5,48,6,0,33,80,48229311,48229264,5.95E-04,56.5
OTU_117,OW284512.1,81.429,70,12,1,30,99,49078742,49078810,5.95E-04,56.5
OTU_117,OW284512.1,86.275,51,7,0,34,84,51377755,51377805,5.95E-04,56.5
OTU_117,OW284512.1,81.429,70,12,1,30,99,53851138,53851206,5.95E-04,56.5
OTU_117,OW284512.1,82.54,63,11,0,37,99,57625807,57625745,5.95E-04,56.5
OTU_117,OW284512.1,82.54,63,11,0,37,99,57660635,57660573,5.95E-04,56.5
OTU_117,OW284512.1,81.429,70,12,1,30,99,58726838,58726906,5.95E-04,56.5
OTU_117,OW284512.1,88.889,45,5,0,30,74,65533627,65533671,5.95E-04,56.5
OTU_117,OW284512.1,82.09,67,11,1,33,99,66037457,66037392,5.95E-04,56.5
OTU_117,OW284512.1,81.429,70,12,1,30,99,68199075,68199143,5.95E-04,56.5
OTU_117,OW284512.1,81.429,70,12,1,30,99,68818245,68818313,5.95E-04,56.5
OTU_117,OW284512.1,88.889,45,5,0,33,77,69079708,69079664,5.95E-04,56.5
OTU_117,OW284512.1,88.889,45,5,0,33,77,69419666,69419622,5.95E-04,56.5
OTU_117,OW284512.1,88.889,45,5,0,33,77,74036339,74036295,5.95E-04,56.5
OTU_117,OW284512.1,88.889,45,5,0,30,74,77660979,77661023,5.95E-04,56.5
OTU_117,OW284512.1,86.275,51,7,0,34,84,79586454,79586504,5.95E-04,56.5
OTU_117,OW284512.1,90.244,41,4,0,37,77,8636802,8636762,0.002,54.7
OTU_117,OW284512.1,88.636,44,5,0,41,84,13771521,13771564,0.002,54.7
OTU_117,OW284512.1,84.906,53,8,0,47,99,20416491,20416439,0.002,54.7
OTU_117,OW284516.1,85.714,70,10,0,30,99,7986075,7986144,1.64E-09,75
OTU_117,OW284516.1,85.075,67,10,0,33,99,7176255,7176189,7.64E-08,69.4
OTU_117,OW284516.1,82.857,70,12,0,30,99,29194313,29194382,3.55E-06,63.9
OTU_117,OW284516.1,83.582,67,11,0,33,99,40774090,40774024,3.55E-06,63.9
OTU_117,OW284516.1,83.582,67,11,0,33,99,44195901,44195835,3.55E-06,63.9
OTU_117,OW284516.1,83.582,67,11,0,33,99,46315184,46315118,3.55E-06,63.9
OTU_117,OW284516.1,83.582,67,10,1,33,99,7321130,7321065,1.28E-05,62.1
OTU_117,OW284516.1,83.824,68,8,3,33,99,19946411,19946346,1.28E-05,62.1
OTU_117,OW284516.1,84.375,64,9,1,30,92,26630098,26630161,1.28E-05,62.1
OTU_117,OW284516.1,84.127,63,10,0,37,99,36968054,36968116,1.28E-05,62.1
OTU_117,OW284516.1,80.769,78,13,2,22,99,44230703,44230778,4.60E-05,60.2
OTU_117,OW284516.1,86.792,53,7,0,47,99,49977412,49977360,4.60E-05,60.2
OTU_117,OW284516.1,85.455,55,8,0,30,84,938756,938810,1.65E-04,58.4
OTU_117,OW284516.1,82.09,67,12,0,33,99,4291655,4291589,1.65E-04,58.4
OTU_117,OW284516.1,82.09,67,12,0,33,99,6626674,6626608,1.65E-04,58.4
OTU_117,OW284516.1,85.455,55,8,0,30,84,9331935,9331989,1.65E-04,58.4
OTU_117,OW284516.1,82.353,68,10,2,33,99,9947826,9947760,1.65E-04,58.4
OTU_117,OW284516.1,81.429,70,13,0,30,99,21551306,21551375,1.65E-04,58.4
OTU_117,OW284516.1,85.455,55,8,0,30,84,27358727,27358781,1.65E-04,58.4
OTU_117,OW284516.1,85.455,55,8,0,30,84,41007488,41007542,1.65E-04,58.4
OTU_117,OW284516.1,82.09,67,12,0,33,99,45760022,45759956,1.65E-04,58.4
OTU_117,OW284516.1,82.09,67,12,0,33,99,49568407,49568341,1.65E-04,58.4
OTU_117,OW284516.1,81.429,70,13,0,30,99,49580181,49580250,1.65E-04,58.4
OTU_117,OW284516.1,81.429,70,13,0,30,99,49730130,49730199,1.65E-04,58.4
OTU_117,OW284516.1,87.755,49,6,0,33,81,50069198,50069150,1.65E-04,58.4
OTU_117,OW284516.1,82.09,67,12,0,33,99,50383807,50383741,1.65E-04,58.4
OTU_117,OW284516.1,81.429,70,12,1,30,99,2936664,2936732,5.95E-04,56.5
OTU_117,OW284516.1,88.889,45,5,0,30,74,3044390,3044434,5.95E-04,56.5
OTU_117,OW284516.1,88.889,45,5,0,30,74,4938938,4938982,5.95E-04,56.5
OTU_117,OW284516.1,88.889,45,5,0,33,77,6152424,6152380,5.95E-04,56.5
OTU_117,OW284516.1,88.889,45,5,0,30,74,6152591,6152635,5.95E-04,56.5
OTU_117,OW284516.1,88.889,45,5,0,30,74,6551354,6551398,5.95E-04,56.5
OTU_117,OW284516.1,90.476,42,4,0,33,74,9947976,9948017,5.95E-04,56.5
OTU_117,OW284516.1,87.5,48,6,0,37,84,15446837,15446790,5.95E-04,56.5
OTU_117,OW284516.1,86.275,51,7,0,34,84,15448211,15448261,5.95E-04,56.5
OTU_117,OW284516.1,82.54,63,11,0,37,99,17616217,17616155,5.95E-04,56.5
OTU_117,OW284516.1,82.54,63,11,0,37,99,21570698,21570636,5.95E-04,56.5
OTU_117,OW284516.1,88.889,45,5,0,33,77,29194146,29194102,5.95E-04,56.5
OTU_117,OW284516.1,87.5,48,6,0,37,84,30952677,30952724,5.95E-04,56.5
OTU_117,OW284516.1,82.54,63,11,0,37,99,36245932,36245870,5.95E-04,56.5
OTU_117,OW284516.1,88.889,45,5,0,30,74,42030213,42030257,5.95E-04,56.5
OTU_117,OW284516.1,88.889,45,5,0,30,74,45760189,45760233,5.95E-04,56.5
OTU_117,OW284516.1,81.429,70,12,1,30,99,46315351,46315419,5.95E-04,56.5
OTU_117,OW284516.1,83.871,62,7,3,33,92,49580014,49579954,5.95E-04,56.5
OTU_117,OW284516.1,82.54,63,11,0,37,99,49918980,49918918,5.95E-04,56.5
OTU_117,OW284516.1,82.09,67,11,1,33,99,52541402,52541337,5.95E-04,56.5
OTU_117,OW284516.1,87.5,48,6,0,37,84,52878279,52878232,5.95E-04,56.5
OTU_117,OW284516.1,86,50,7,0,50,99,3044223,3044174,0.002,54.7
OTU_117,OW284516.1,92.105,38,3,0,47,84,49324825,49324862,0.002,54.7
OTU_117,OW284516.1,92.105,38,3,0,37,74,49723974,49724011,0.002,54.7
OTU_117,OW284513.1,86.567,67,9,0,33,99,22735685,22735619,1.64E-09,75
OTU_117,OW284513.1,86.567,67,9,0,33,99,31232554,31232620,1.64E-09,75
OTU_117,OW284513.1,84.507,71,9,2,30,99,61207141,61207210,7.64E-08,69.4
OTU_117,OW284513.1,85.075,67,10,0,33,99,67556456,67556390,7.64E-08,69.4
OTU_117,OW284513.1,83.333,72,12,0,28,99,43501361,43501432,2.75E-07,67.6
OTU_117,OW284513.1,83.582,67,11,0,33,99,3175986,3175920,3.55E-06,63.9
OTU_117,OW284513.1,83.582,67,11,0,33,99,7616989,7616923,3.55E-06,63.9
OTU_117,OW284513.1,83.582,67,11,0,33,99,19746625,19746559,3.55E-06,63.9
OTU_117,OW284513.1,88.462,52,6,0,33,84,20501811,20501760,3.55E-06,63.9
OTU_117,OW284513.1,84.615,65,8,2,20,84,20501970,20502032,3.55E-06,63.9
OTU_117,OW284513.1,83.582,67,11,0,33,99,20561375,20561309,3.55E-06,63.9
OTU_117,OW284513.1,88.462,52,6,0,33,84,23156851,23156902,3.55E-06,63.9
OTU_117,OW284513.1,83.582,67,10,1,33,99,22271072,22271007,1.28E-05,62.1
OTU_117,OW284513.1,82.857,70,11,1,30,99,22499238,22499306,1.28E-05,62.1
OTU_117,OW284513.1,81.944,72,13,0,28,99,23372298,23372369,1.28E-05,62.1
OTU_117,OW284513.1,83.333,66,11,0,34,99,40212921,40212986,1.28E-05,62.1
OTU_117,OW284513.1,85.484,62,6,3,33,92,64706118,64706058,1.28E-05,62.1
OTU_117,OW284513.1,86.792,53,7,0,47,99,11845597,11845545,4.60E-05,60.2
OTU_117,OW284513.1,86.792,53,7,0,47,99,43501027,43500975,4.60E-05,60.2
OTU_117,OW284513.1,84.127,63,9,1,37,99,53986499,53986438,4.60E-05,60.2
OTU_117,OW284513.1,86.792,53,7,0,47,99,53986760,53986812,4.60E-05,60.2
OTU_117,OW284513.1,82.09,67,12,0,33,99,309296,309230,1.65E-04,58.4
OTU_117,OW284513.1,82.09,67,12,0,33,99,713167,713101,1.65E-04,58.4
OTU_117,OW284513.1,85.455,55,8,0,30,84,1010082,1010136,1.65E-04,58.4
OTU_117,OW284513.1,85.455,55,8,0,30,84,2064083,2064137,1.65E-04,58.4
OTU_117,OW284513.1,81.429,70,13,0,30,99,12016198,12016267,1.65E-04,58.4
OTU_117,OW284513.1,81.429,70,13,0,30,99,14620428,14620497,1.65E-04,58.4
OTU_117,OW284513.1,82.09,67,12,0,33,99,22499071,22499005,1.65E-04,58.4
OTU_117,OW284513.1,81.429,70,13,0,30,99,26152993,26153062,1.65E-04,58.4
OTU_117,OW284513.1,80.769,78,12,3,22,99,56969488,56969414,1.65E-04,58.4
OTU_117,OW284513.1,83.077,65,10,1,30,93,57645175,57645239,1.65E-04,58.4
OTU_117,OW284513.1,81.429,70,13,0,30,99,71714127,71714196,1.65E-04,58.4
OTU_117,OW284513.1,81.429,70,12,1,30,99,309463,309531,5.95E-04,56.5
OTU_117,OW284513.1,82.09,67,11,1,33,99,2356136,2356071,5.95E-04,56.5
OTU_117,OW284513.1,86.275,51,7,0,33,83,3776969,3776919,5.95E-04,56.5
OTU_117,OW284513.1,82.54,63,11,0,37,99,7101714,7101776,5.95E-04,56.5
OTU_117,OW284513.1,82.09,67,11,1,33,99,11607279,11607214,5.95E-04,56.5
OTU_117,OW284513.1,82.09,67,11,1,33,99,12016035,12015970,5.95E-04,56.5
OTU_117,OW284513.1,86.275,51,7,0,34,84,13484581,13484631,5.95E-04,56.5
OTU_117,OW284513.1,82.54,63,11,0,37,99,18478597,18478535,5.95E-04,56.5
OTU_117,OW284513.1,88.889,45,5,0,30,74,18776743,18776787,5.95E-04,56.5
OTU_117,OW284513.1,88.889,45,5,0,33,77,23372133,23372089,5.95E-04,56.5
OTU_117,OW284513.1,87.5,48,6,0,37,84,23994442,23994395,5.95E-04,56.5
OTU_117,OW284513.1,82.09,67,11,1,33,99,25797249,25797184,5.95E-04,56.5
OTU_117,OW284513.1,82.09,67,11,1,33,99,26582094,26582029,5.95E-04,56.5
OTU_117,OW284513.1,86.275,51,7,0,34,84,27223280,27223330,5.95E-04,56.5
OTU_117,OW284513.1,82.09,67,11,1,33,99,29942094,29942029,5.95E-04,56.5
OTU_117,OW284513.1,88.889,45,5,0,33,77,32146233,32146189,5.95E-04,56.5
OTU_117,OW284513.1,82.09,67,11,1,33,99,32146403,32146468,5.95E-04,56.5
OTU_117,OW284513.1,82.54,63,11,0,37,99,39230340,39230278,5.95E-04,56.5
OTU_117,OW284513.1,86.275,51,7,0,34,84,39231970,39232020,5.95E-04,56.5
OTU_117,OW284513.1,88.889,45,5,0,33,77,52943316,52943272,5.95E-04,56.5
OTU_117,OW284513.1,88.889,45,5,0,33,77,62521533,62521489,5.95E-04,56.5
OTU_117,OW284513.1,86.275,51,7,0,34,84,62604567,62604617,5.95E-04,56.5
OTU_117,OW284513.1,88.889,45,5,0,33,77,66843754,66843710,5.95E-04,56.5
OTU_117,OW284513.1,87.234,47,6,0,38,84,3872640,3872686,0.002,54.7
OTU_117,OW284513.1,88.636,44,5,0,37,80,13585756,13585713,0.002,54.7
OTU_117,OW284513.1,84.906,53,8,0,47,99,15404798,15404850,0.002,54.7
OTU_117,OW284513.1,92.105,38,3,0,40,77,44206406,44206369,0.002,54.7
OTU_117,OW284513.1,84.906,53,8,0,47,99,58073572,58073520,0.002,54.7
OTU_117,OW284513.1,84.906,53,8,0,47,99,59353864,59353812,0.002,54.7
OTU_117,OW284514.1,87.302,63,8,0,37,99,51754813,51754751,5.91E-09,73.1
OTU_117,OW284514.1,85.938,64,9,0,33,96,6534000,6534063,7.64E-08,69.4
OTU_117,OW284514.1,84.848,66,10,0,34,99,58043651,58043716,2.75E-07,67.6
OTU_117,OW284514.1,83.582,67,11,0,33,99,4411910,4411844,3.55E-06,63.9
OTU_117,OW284514.1,82.857,70,12,0,30,99,6284128,6284197,3.55E-06,63.9
OTU_117,OW284514.1,82.051,78,11,3,22,99,9290695,9290621,3.55E-06,63.9
OTU_117,OW284514.1,83.582,67,11,0,33,99,15723913,15723847,3.55E-06,63.9
OTU_117,OW284514.1,83.582,67,11,0,33,99,24516875,24516809,3.55E-06,63.9
OTU_117,OW284514.1,83.582,67,11,0,33,99,38003095,38003029,3.55E-06,63.9
OTU_117,OW284514.1,83.582,67,11,0,33,99,52547942,52548008,3.55E-06,63.9
OTU_117,OW284514.1,83.582,67,11,0,33,99,53892348,53892282,3.55E-06,63.9
OTU_117,OW284514.1,91.111,45,4,0,33,77,631302,631258,1.28E-05,62.1
OTU_117,OW284514.1,82.857,70,11,1,30,99,11273060,11273128,1.28E-05,62.1
OTU_117,OW284514.1,83.824,68,8,3,33,99,23866887,23866822,1.28E-05,62.1
OTU_117,OW284514.1,84.127,63,10,0,37,99,52119998,52119936,1.28E-05,62.1
OTU_117,OW284514.1,89.362,47,5,0,37,83,8027939,8027893,4.60E-05,60.2
OTU_117,OW284514.1,94.737,38,2,0,37,74,8604116,8604079,4.60E-05,60.2
OTU_117,OW284514.1,86.792,53,7,0,47,99,43799065,43799013,4.60E-05,60.2
OTU_117,OW284514.1,86.792,53,7,0,47,99,43800335,43800387,4.60E-05,60.2
OTU_117,OW284514.1,86.792,53,7,0,47,99,47026036,47026088,4.60E-05,60.2
OTU_117,OW284514.1,89.362,47,5,0,37,83,61941853,61941807,4.60E-05,60.2
OTU_117,OW284514.1,85.455,55,8,0,30,84,594343,594397,1.65E-04,58.4
OTU_117,OW284514.1,82.09,67,12,0,33,99,798876,798810,1.65E-04,58.4
OTU_117,OW284514.1,82.353,68,10,2,33,99,1263579,1263513,1.65E-04,58.4
OTU_117,OW284514.1,81.429,70,13,0,30,99,4965855,4965924,1.65E-04,58.4
OTU_117,OW284514.1,82.09,67,12,0,33,99,6200486,6200420,1.65E-04,58.4
OTU_117,OW284514.1,81.429,70,13,0,30,99,7421007,7421076,1.65E-04,58.4
OTU_117,OW284514.1,85.455,55,8,0,30,84,9009477,9009531,1.65E-04,58.4
OTU_117,OW284514.1,83.077,65,9,2,20,84,14985998,14986060,1.65E-04,58.4
OTU_117,OW284514.1,82.09,67,12,0,33,99,15547248,15547182,1.65E-04,58.4
OTU_117,OW284514.1,82.09,67,12,0,33,99,18208554,18208488,1.65E-04,58.4
OTU_117,OW284514.1,82.09,67,12,0,33,99,19006400,19006334,1.65E-04,58.4
OTU_117,OW284514.1,81.429,70,13,0,30,99,19278213,19278282,1.65E-04,58.4
OTU_117,OW284514.1,81.429,70,13,0,30,99,21221709,21221778,1.65E-04,58.4
OTU_117,OW284514.1,82.09,67,12,0,33,99,21388817,21388751,1.65E-04,58.4
OTU_117,OW284514.1,85.455,55,8,0,30,84,25280417,25280471,1.65E-04,58.4
OTU_117,OW284514.1,86.538,52,7,0,33,84,52809309,52809258,1.65E-04,58.4
OTU_117,OW284514.1,82.09,67,12,0,33,99,54401920,54401854,1.65E-04,58.4
OTU_117,OW284514.1,85.714,56,7,1,37,91,59908202,59908147,1.65E-04,58.4
OTU_117,OW284514.1,81.429,70,13,0,30,99,66017425,66017494,1.65E-04,58.4
OTU_117,OW284514.1,81.429,70,12,1,30,99,799041,799109,5.95E-04,56.5
OTU_117,OW284514.1,88.889,45,5,0,33,77,3395516,3395472,5.95E-04,56.5
OTU_117,OW284514.1,90.476,42,4,0,33,74,3395682,3395723,5.95E-04,56.5
OTU_117,OW284514.1,83.607,61,9,1,34,93,8645643,8645703,5.95E-04,56.5
OTU_117,OW284514.1,82.54,63,11,0,37,99,9773752,9773690,5.95E-04,56.5
OTU_117,OW284514.1,81.429,70,12,1,30,99,15547414,15547482,5.95E-04,56.5
OTU_117,OW284514.1,86.275,51,7,0,34,84,17681621,17681671,5.95E-04,56.5
OTU_117,OW284514.1,81.429,70,12,1,30,99,17910009,17910077,5.95E-04,56.5
OTU_117,OW284514.1,81.429,70,12,1,30,99,24535277,24535345,5.95E-04,56.5
OTU_117,OW284514.1,81.818,66,12,0,34,99,25946187,25946252,5.95E-04,56.5
OTU_117,OW284514.1,86.275,51,7,0,34,84,25985989,25986039,5.95E-04,56.5
OTU_117,OW284514.1,88.889,45,5,0,33,77,27222049,27222005,5.95E-04,56.5
OTU_117,OW284514.1,82.09,67,11,1,33,99,28846796,28846731,5.95E-04,56.5
OTU_117,OW284514.1,81.429,70,12,1,30,99,31025663,31025731,5.95E-04,56.5
OTU_117,OW284514.1,82.54,63,11,0,37,99,33678028,33677966,5.95E-04,56.5
OTU_117,OW284514.1,86.275,51,7,0,34,84,49727983,49728033,5.95E-04,56.5
OTU_117,OW284514.1,86.275,51,7,0,34,84,52121579,52121629,5.95E-04,56.5
OTU_117,OW284514.1,80,80,13,3,20,99,55443834,55443910,5.95E-04,56.5
OTU_117,OW284514.1,88.889,45,5,0,30,74,61918437,61918481,5.95E-04,56.5
OTU_117,OW284514.1,92.105,38,3,0,37,74,17681145,17681108,0.002,54.7
OTU_117,OW284514.1,82.54,63,10,1,37,99,19278014,19277953,0.002,54.7
OTU_117,OW284514.1,92.105,38,3,0,47,84,28826261,28826298,0.002,54.7
OTU_117,OW284514.1,84.906,53,8,0,47,99,52996596,52996544,0.002,54.7
OTU_117,OW284514.1,87.234,47,6,0,37,83,61943884,61943838,0.002,54.7
OTU_117,OW284514.1,90.244,41,4,0,34,74,61944258,61944298,0.002,54.7
OTU_117,OY720685.1,85.294,68,8,1,32,99,11853894,11853829,7.64E-08,69.4
OTU_117,OY720685.1,83.824,68,9,1,32,99,11855638,11855703,3.55E-06,63.9
OTU_117,OY720685.1,85.246,61,9,0,39,99,21208444,21208384,3.55E-06,63.9
OTU_117,OY720685.1,83.824,68,9,1,32,99,21210193,21210258,3.55E-06,63.9
OTU_117,OY720685.1,85.246,61,9,0,39,99,44328727,44328667,3.55E-06,63.9
OTU_117,OY720685.1,83.824,68,9,1,32,99,44330476,44330541,3.55E-06,63.9
OTU_117,OY720685.1,85.246,61,9,0,39,99,52262626,52262566,3.55E-06,63.9
OTU_117,OW284518.1,85.075,67,10,0,33,99,29180579,29180645,7.64E-08,69.4
OTU_117,OW284518.1,88.462,52,6,0,33,84,16955376,16955427,3.55E-06,63.9
OTU_117,OW284518.1,84.127,63,10,0,37,99,7972763,7972701,1.28E-05,62.1
OTU_117,OW284518.1,83.333,66,11,0,34,99,20219371,20219436,1.28E-05,62.1
OTU_117,OW284518.1,89.583,48,5,0,37,84,26498406,26498359,1.28E-05,62.1
OTU_117,OW284518.1,84.127,63,10,0,37,99,40477378,40477316,1.28E-05,62.1
OTU_117,OW284518.1,84.127,63,9,1,37,99,4715900,4715961,4.60E-05,60.2
OTU_117,OW284518.1,86.538,52,7,0,33,84,3075183,3075234,1.65E-04,58.4
OTU_117,OW284518.1,81.429,70,13,0,30,99,19952129,19952198,1.65E-04,58.4
OTU_117,OW284518.1,85.455,55,8,0,30,84,25651977,25652031,1.65E-04,58.4
OTU_117,OW284518.1,82.09,67,12,0,33,99,30503146,30503080,1.65E-04,58.4
OTU_117,OW284518.1,85.455,55,8,0,30,84,30503313,30503367,1.65E-04,58.4
OTU_117,OW284518.1,86.538,52,7,0,33,84,30507895,30507844,1.65E-04,58.4
OTU_117,OW284518.1,85.455,55,8,0,30,84,33594333,33594387,1.65E-04,58.4
OTU_117,OW284518.1,82.09,67,12,0,33,99,34453397,34453331,1.65E-04,58.4
OTU_117,OW284518.1,81.429,70,13,0,30,99,36391174,36391243,1.65E-04,58.4
OTU_117,OW284518.1,82.09,67,12,0,33,99,38030161,38030095,1.65E-04,58.4
OTU_117,OW284518.1,81.429,70,13,0,30,99,39700624,39700693,1.65E-04,58.4
OTU_117,OW284518.1,86.538,52,7,0,33,84,42406593,42406542,1.65E-04,58.4
OTU_117,OW284518.1,81.69,71,11,2,30,99,42504642,42504711,1.65E-04,58.4
OTU_117,OW284518.1,88.889,45,5,0,33,77,1850253,1850209,5.95E-04,56.5
OTU_117,OW284518.1,86.275,51,7,0,34,84,5203571,5203621,5.95E-04,56.5
OTU_117,OW284518.1,88.889,45,5,0,30,74,7357559,7357603,5.95E-04,56.5
OTU_117,OW284518.1,82.09,67,11,1,33,99,7790025,7789960,5.95E-04,56.5
OTU_117,OW284518.1,82.09,67,11,1,33,99,19951958,19951893,5.95E-04,56.5
OTU_117,OW284518.1,87.755,49,5,1,30,77,24122128,24122176,5.95E-04,56.5
OTU_117,OW284518.1,82.09,67,11,1,33,99,28549247,28549182,5.95E-04,56.5
OTU_117,OW284518.1,81.818,66,12,0,34,99,34453572,34453637,5.95E-04,56.5
OTU_117,OW284518.1,82.09,67,11,1,33,99,36391013,36390948,5.95E-04,56.5
OTU_117,OW284518.1,86.275,51,7,0,34,84,36578558,36578608,5.95E-04,56.5
OTU_117,OW284518.1,82.54,63,11,0,37,99,37246296,37246234,5.95E-04,56.5
OTU_117,OW284518.1,88.889,45,5,0,33,77,39357904,39357860,5.95E-04,56.5
OTU_117,OW284518.1,88.889,45,5,0,30,74,39358071,39358115,5.95E-04,56.5
OTU_117,OW284518.1,80,80,13,3,20,99,39667166,39667242,5.95E-04,56.5
OTU_117,OW284518.1,83.607,61,9,1,34,93,40465486,40465546,5.95E-04,56.5
OTU_117,OW284518.1,82.54,63,11,0,37,99,42241290,42241228,5.95E-04,56.5
OTU_117,OW284518.1,88.889,45,5,0,33,77,42504475,42504431,5.95E-04,56.5
OTU_117,OW284518.1,81.818,66,11,1,34,99,7790194,7790258,0.002,54.7
OTU_117,OW284518.1,96.774,31,1,0,47,77,35201006,35200976,0.008,52.8
OTU_117,OW284518.1,84.906,53,7,1,47,99,38532055,38532004,0.008,52.8
OTU_117,OW284517.1,85.714,63,9,0,37,99,34224386,34224324,2.75E-07,67.6
OTU_117,OW284517.1,84.848,66,10,0,34,99,34224688,34224753,2.75E-07,67.6
OTU_117,OW284517.1,85.714,63,9,0,37,99,36983937,36983875,2.75E-07,67.6
OTU_117,OW284517.1,87.273,55,7,0,30,84,3370027,3370081,3.55E-06,63.9
OTU_117,OW284517.1,83.582,67,11,0,33,99,16232519,16232453,3.55E-06,63.9
OTU_117,OW284517.1,82.857,70,12,0,30,99,26494440,26494509,3.55E-06,63.9
OTU_117,OW284517.1,83.582,67,10,1,33,99,5471086,5471021,1.28E-05,62.1
OTU_117,OW284517.1,91.111,45,4,0,33,77,14454151,14454107,1.28E-05,62.1
OTU_117,OW284517.1,82.857,70,11,1,30,99,19440830,19440898,1.28E-05,62.1
OTU_117,OW284517.1,83.582,67,10,1,33,99,22218649,22218584,1.28E-05,62.1
OTU_117,OW284517.1,83.333,66,11,0,34,99,30563170,30563235,1.28E-05,62.1
OTU_117,OW284517.1,82.857,70,11,1,30,99,34839364,34839432,1.28E-05,62.1
OTU_117,OW284517.1,82.09,67,12,0,33,99,2264807,2264741,1.65E-04,58.4
OTU_117,OW284517.1,81.429,70,13,0,30,99,2701670,2701739,1.65E-04,58.4
OTU_117,OW284517.1,81.429,70,13,0,30,99,19419074,19419143,1.65E-04,58.4
OTU_117,OW284517.1,82.09,67,12,0,33,99,19868031,19867965,1.65E-04,58.4
OTU_117,OW284517.1,82.09,67,12,0,33,99,24846995,24846929,1.65E-04,58.4
OTU_117,OW284517.1,86.538,52,7,0,33,84,27853661,27853712,1.65E-04,58.4
OTU_117,OW284517.1,81.429,70,13,0,30,99,28934578,28934647,1.65E-04,58.4
OTU_117,OW284517.1,81.429,70,13,0,30,99,34245662,34245731,1.65E-04,58.4
OTU_117,OW284517.1,81.429,70,13,0,30,99,37140117,37140186,1.65E-04,58.4
OTU_117,OW284517.1,82.09,67,12,0,33,99,38202015,38201949,1.65E-04,58.4
OTU_117,OW284517.1,82.09,67,11,1,33,99,2554393,2554328,5.95E-04,56.5
OTU_117,OW284517.1,87.5,48,6,0,37,84,3341049,3341096,5.95E-04,56.5
OTU_117,OW284517.1,82.54,63,11,0,37,99,6586076,6586014,5.95E-04,56.5
OTU_117,OW284517.1,86.275,51,7,0,34,84,11804966,11805016,5.95E-04,56.5
OTU_117,OW284517.1,81.429,70,12,1,30,99,19780276,19780344,5.95E-04,56.5
OTU_117,OW284517.1,86.275,51,7,0,34,84,20979437,20979487,5.95E-04,56.5
OTU_117,OW284517.1,86.538,52,6,1,33,84,21968402,21968452,5.95E-04,56.5
OTU_117,OW284517.1,88.889,45,5,0,33,77,23873025,23872981,5.95E-04,56.5
OTU_117,OW284517.1,81.429,70,12,1,30,99,23888544,23888612,5.95E-04,56.5
OTU_117,OW284517.1,82.54,63,11,0,37,99,25505474,25505412,5.95E-04,56.5
OTU_117,OW284517.1,86.275,51,7,0,34,84,27192874,27192924,5.95E-04,56.5
OTU_117,OW284517.1,86.275,51,7,0,34,84,28998233,28998283,5.95E-04,56.5
OTU_117,OW284517.1,90.476,42,4,0,33,74,29718204,29718163,5.95E-04,56.5
OTU_117,OW284517.1,88.889,45,5,0,33,77,30495194,30495150,5.95E-04,56.5
OTU_117,OW284517.1,82.09,67,11,1,33,99,34245500,34245435,5.95E-04,56.5
OTU_117,OW284517.1,82.09,67,11,1,33,99,34763587,34763522,5.95E-04,56.5
OTU_117,OW284517.1,80,80,13,3,20,99,34779175,34779251,5.95E-04,56.5
OTU_117,OW284517.1,82.09,67,11,1,33,99,35899220,35899155,5.95E-04,56.5
OTU_117,OW284517.1,88.889,45,5,0,30,74,37575158,37575202,5.95E-04,56.5
OTU_117,OW284517.1,82.09,67,11,1,33,99,38315017,38314952,5.95E-04,56.5
OTU_117,OW284517.1,81.429,70,12,1,30,99,38315161,38315229,5.95E-04,56.5
OTU_117,OW284517.1,88.889,45,5,0,33,77,41327251,41327207,5.95E-04,56.5
OTU_117,OW284517.1,88.889,45,5,0,30,74,41327411,41327455,5.95E-04,56.5
OTU_117,OW284517.1,92.105,38,3,0,47,84,2264953,2264990,0.002,54.7
OTU_117,OW284517.1,90.244,41,4,0,37,77,19418906,19418866,0.002,54.7
OTU_117,OW284517.1,92.105,38,3,0,47,84,19868208,19868245,0.002,54.7
OTU_117,OW284517.1,100,28,0,0,47,74,3369846,3369819,0.008,52.8
OTU_117,OW284517.1,96.774,31,1,0,47,77,26528255,26528225,0.008,52.8
OTU_117,OW284517.1,84.906,53,7,1,47,99,27192689,27192638,0.008,52.8
OTU_117,OY720684.1,85.246,61,9,0,39,99,4808311,4808251,3.55E-06,63.9
OTU_117,OY720684.1,83.824,68,9,1,32,99,4810060,4810125,3.55E-06,63.9
OTU_117,OY720684.1,85.246,61,9,0,39,99,14511864,14511804,3.55E-06,63.9
OTU_117,OY720684.1,83.824,68,9,1,32,99,14513613,14513678,3.55E-06,63.9
OTU_117,OY720684.1,85.246,61,9,0,39,99,25664844,25664784,3.55E-06,63.9
OTU_117,OY720684.1,83.824,68,9,1,32,99,25666593,25666658,3.55E-06,63.9
OTU_126,NG_027497.3,100,97,0,0,1,97,1223,1319,3.28E-41,180
OTU_126,AC202616.8,100,97,0,0,1,97,67561,67465,3.28E-41,180
OTU_126,AC200082.7,100,97,0,0,1,97,112627,112531,3.28E-41,180
OTU_126,NC_023963.1,88.235,51,3,2,48,97,2289,2337,1.60E-04,58.4
OTU_126,JQ256921.1,88.235,51,3,2,48,97,2289,2337,1.60E-04,58.4
OTU_126,JQ256922.1,100,29,0,0,69,97,2305,2333,0.002,54.7
OTU_126,JQ256920.1,100,29,0,0,69,97,2311,2339,0.002,54.7
OTU_126,JQ256919.1,100,29,0,0,69,97,2310,2338,0.002,54.7
OTU_126,HQ622808.1,77.551,98,17,4,1,97,2184,2277,0.002,54.7
OTU_126,HQ622802.1,100,29,0,0,69,97,2314,2342,0.002,54.7
OTU_137,MG250566.1,98.947,95,0,1,1,94,3517,3611,6.76E-38,169
OTU_137,MG250534.1,98.947,95,0,1,1,94,3517,3611,6.76E-38,169
OTU_137,MG250533.1,98.947,95,0,1,1,94,3517,3611,6.76E-38,169
OTU_137,MG250531.1,98.947,95,0,1,1,94,3517,3611,6.76E-38,169
OTU_137,MG250523.1,98.947,95,0,1,1,94,3517,3611,6.76E-38,169
OTU_137,KT194217.1,98.947,95,0,1,1,94,3516,3610,6.76E-38,169
OTU_137,KT279759.1,98.947,95,0,1,1,94,2262,2356,6.76E-38,169
OTU_137,KP765602.1,98.947,95,0,1,1,94,3567,3661,6.76E-38,169
OTU_137,KC505410.1,98.947,95,0,1,1,94,3566,3660,6.76E-38,169
OTU_137,KF472177.1,98.947,95,0,1,1,94,3516,3610,6.76E-38,169
OTU_140,OQ199665.1,98.936,94,1,0,1,94,2243,2336,6.76E-38,169
OTU_140,OQ199664.1,98.936,94,1,0,1,94,2243,2336,6.76E-38,169
OTU_140,OQ199663.1,98.936,94,1,0,1,94,2243,2336,6.76E-38,169
OTU_140,OQ199662.1,98.936,94,1,0,1,94,2243,2336,6.76E-38,169
OTU_140,OQ199661.1,98.936,94,1,0,1,94,2243,2336,6.76E-38,169
OTU_140,OQ199660.1,98.936,94,1,0,1,94,2243,2336,6.76E-38,169
OTU_140,OQ199659.1,98.936,94,1,0,1,94,2243,2336,6.76E-38,169
OTU_140,OQ199658.1,98.936,94,1,0,1,94,2243,2336,6.76E-38,169
OTU_140,OQ199657.1,98.936,94,1,0,1,94,2243,2336,6.76E-38,169
OTU_140,OQ199656.1,98.936,94,1,0,1,94,2243,2336,6.76E-38,169
OTU_141,NC_026120.1,96.809,94,3,0,1,94,2244,2337,1.46E-34,158
OTU_141,OQ199570.1,95.745,94,4,0,1,94,2245,2338,6.81E-33,152
OTU_141,NC_026976.1,95.745,94,4,0,1,94,2780,2873,6.81E-33,152
OTU_141,XR_006698753.1,95.745,94,4,0,1,94,1150,1243,6.81E-33,152
OTU_141,NC_023795.1,95.745,94,4,0,1,94,2766,2859,6.81E-33,152
OTU_141,MW090144.1,95.745,94,4,0,1,94,63,156,6.81E-33,152
OTU_141,MW090143.1,95.745,94,4,0,1,94,63,156,6.81E-33,152
OTU_141,OQ199569.1,94.681,94,5,0,1,94,2245,2338,3.17E-31,147
OTU_141,MT300243.1,94.681,94,5,0,1,94,2246,2339,3.17E-31,147
OTU_141,MT300207.1,94.681,94,5,0,1,94,2232,2325,3.17E-31,147
OTU_142,NG_027492.2,96.809,94,3,0,1,94,624,717,1.46E-34,158
OTU_142,NM_001195073.3,92.632,95,5,2,1,94,1111,1204,6.85E-28,135
OTU_144,MZ041129.1,96.809,94,3,0,1,94,319,412,1.46E-34,158
OTU_144,MZ041130.1,95.745,94,4,0,1,94,319,412,6.81E-33,152
OTU_144,MZ041121.1,95.745,94,4,0,1,94,319,412,6.81E-33,152
OTU_144,MZ041132.1,88.298,94,11,0,1,94,321,414,3.21E-21,113
OTU_146,LR990100.1,86.076,79,11,0,19,97,500960,501038,7.35E-13,86.1
OTU_147,NC_056988.1,93.333,90,3,3,5,93,2264,2351,3.14E-26,130
OTU_147,NC_035822.1,93.103,87,3,3,5,91,2351,2434,1.46E-24,124
OTU_147,MT259588.1,90.526,95,5,4,1,93,13272,13364,5.25E-24,122
OTU_147,NC_049119.1,90.426,94,7,2,1,93,2258,2350,5.25E-24,122
OTU_147,KR868707.1,93.023,86,3,3,6,91,2258,2340,5.25E-24,122
OTU_147,NC_014858.1,90.426,94,5,4,1,93,2262,2352,1.89E-23,121
OTU_147,MT381933.1,88.298,94,7,4,1,93,2248,2338,4.09E-20,110
OTU_147,NC_014871.1,88.298,94,7,4,1,93,2261,2351,4.09E-20,110
OTU_147,MT381942.1,88.764,89,8,1,5,93,2255,2341,1.47E-19,108
OTU_147,NC_035572.1,87.368,95,7,4,1,93,2443,2534,1.90E-18,104
OTU_149,OY720315.1,97.143,35,1,0,23,57,7327258,7327292,4.67E-05,60.2
OTU_152,NG_027492.2,98.837,86,1,0,13,98,632,717,2.02E-33,154
OTU_152,NM_001195073.3,91.954,87,5,2,13,98,1119,1204,2.05E-23,121
OTU_152,MZ040959.1,89.535,86,9,0,13,98,329,414,4.43E-20,110
OTU_152,MZ040948.1,89.535,86,9,0,13,98,329,414,4.43E-20,110
OTU_152,MZ040939.1,89.535,86,9,0,13,98,329,414,4.43E-20,110
OTU_152,MZ040937.1,89.535,86,9,0,13,98,329,414,4.43E-20,110
OTU_152,MZ041115.1,89.535,86,9,0,13,98,329,414,4.43E-20,110
OTU_152,AC225831.5,89.535,86,9,0,13,98,13202,13287,4.43E-20,110
OTU_152,AC207616.3,89.535,86,9,0,13,98,100706,100791,4.43E-20,110
OTU_152,NC_008216.1,87.912,91,11,0,8,98,2256,2346,1.59E-19,108
OTU_162,MZ041127.1,100,94,0,0,1,94,318,411,1.45E-39,174
OTU_162,MZ041117.1,98.936,94,1,0,1,94,318,411,6.76E-38,169
OTU_162,MZ041116.1,98.936,94,1,0,1,94,318,411,6.76E-38,169
OTU_162,MZ040959.1,92.553,94,7,0,1,94,321,414,6.85E-28,135
OTU_162,MZ040948.1,92.553,94,7,0,1,94,321,414,6.85E-28,135
OTU_162,MZ040939.1,92.553,94,7,0,1,94,321,414,6.85E-28,135
OTU_162,MZ040937.1,92.553,94,7,0,1,94,321,414,6.85E-28,135
OTU_162,MZ041115.1,92.553,94,7,0,1,94,321,414,6.85E-28,135
OTU_163,KY464177.1,95.699,93,2,1,1,93,2208,2298,8.66E-32,148
OTU_163,NC_036729.1,95.699,93,2,1,1,93,2258,2348,8.66E-32,148
OTU_163,OQ708102.1,93.548,93,4,2,1,93,298,388,1.87E-28,137
OTU_163,OQ256747.1,93.548,93,4,2,1,93,340,430,1.87E-28,137
OTU_163,OQ256743.1,93.548,93,4,2,1,93,340,430,1.87E-28,137
OTU_163,OQ256742.1,93.548,93,4,2,1,93,338,428,1.87E-28,137
OTU_163,OQ256741.1,93.548,93,4,2,1,93,344,434,1.87E-28,137
OTU_163,OQ256740.1,93.548,93,4,2,1,93,340,430,1.87E-28,137
OTU_163,OQ256739.1,93.548,93,4,2,1,93,340,430,1.87E-28,137
OTU_163,OQ256735.1,93.548,93,4,2,1,93,340,430,1.87E-28,137
OTU_164,KC757406.1,95.745,94,4,0,1,94,2276,2369,6.81E-33,152
OTU_164,MZ040959.1,93.478,92,6,0,1,92,321,412,1.91E-28,137
OTU_164,MZ040948.1,93.478,92,6,0,1,92,321,412,1.91E-28,137
OTU_164,MZ040939.1,93.478,92,6,0,1,92,321,412,1.91E-28,137
OTU_164,MZ040937.1,93.478,92,6,0,1,92,321,412,1.91E-28,137
OTU_164,MZ041115.1,93.478,92,6,0,1,92,321,412,1.91E-28,137
OTU_164,AC225831.5,92.391,92,7,0,1,92,13194,13285,8.87E-27,132
OTU_164,AC207616.3,92.391,92,7,0,1,92,100698,100789,8.87E-27,132
OTU_164,MZ041127.1,88.043,92,11,0,1,92,318,409,4.15E-20,110
OTU_171,KU682697.1,85.542,83,10,1,12,92,2255,2337,6.77E-13,86.1
OTU_171,KJ193021.1,85.542,83,10,1,12,92,330,412,6.77E-13,86.1
OTU_171,KJ193017.1,85.542,83,10,1,12,92,330,412,6.77E-13,86.1
OTU_171,JQ256913.1,85.542,83,10,1,12,92,2254,2336,6.77E-13,86.1
OTU_171,JQ256910.1,85.542,83,10,1,12,92,2254,2336,6.77E-13,86.1
OTU_171,EF597503.1,85.542,83,10,1,12,92,2208,2290,6.77E-13,86.1
OTU_171,AF420040.1,85.542,83,10,1,12,92,1415,1497,6.77E-13,86.1
OTU_171,AF435515.1,82.979,94,14,2,1,92,290,383,2.43E-12,84.2
OTU_171,KJ193019.1,84.337,83,11,1,12,92,330,412,3.15E-11,80.5
OTU_171,KJ193018.1,84.337,83,11,1,12,92,330,412,3.15E-11,80.5
OTU_175,AP002829.3,100,87,0,0,1,87,969,883,9.99E-36,161
OTU_175,NG_016423.2,98.851,87,1,0,1,87,304408,304322,4.65E-34,156
OTU_175,AP003461.2,98.851,87,1,0,1,87,15365,15279,4.65E-34,156
OTU_181,FN674038.1,100,91,0,0,1,91,238,328,6.42E-38,169
OTU_181,AL583743.3,100,91,0,0,1,91,23523,23613,6.42E-38,169
OTU_181,AL390802.2,100,91,0,0,1,91,103116,103206,6.42E-38,169
OTU_181,NG_046969.1,93.258,89,5,1,1,89,97079,96992,3.03E-26,130
OTU_181,NG_009904.1,93.258,89,5,1,1,89,113388,113475,3.03E-26,130
OTU_181,AF420060.1,92.308,91,7,0,1,91,1414,1504,3.03E-26,130
OTU_181,AL161450.14,93.258,89,5,1,1,89,74923,75010,3.03E-26,130
OTU_181,NG_023460.3,92.135,89,6,1,1,89,1225,1312,1.41E-24,124
OTU_181,AC145970.2,92.135,89,6,1,1,89,2791,2704,1.41E-24,124
OTU_181,AC004979.1,91.209,91,8,0,1,91,58857,58767,1.41E-24,124
OTU_185,OX596093.1,94.565,92,2,2,1,90,34703336,34703426,4.95E-29,139
OTU_185,OX459945.2,94.565,92,2,2,1,90,37021955,37022045,4.95E-29,139
OTU_185,XR_005718911.1,96.471,85,1,1,1,83,87,3,4.95E-29,139
OTU_185,OR360190.1,93.478,92,4,1,1,90,295,386,6.40E-28,135
OTU_185,OP088395.1,93.478,92,4,1,1,90,318,409,6.40E-28,135
OTU_185,OP088394.1,93.478,92,4,1,1,90,318,409,6.40E-28,135
OTU_185,OP088393.1,93.478,92,4,1,1,90,318,409,6.40E-28,135
OTU_185,OP088392.1,93.478,92,4,1,1,90,318,409,6.40E-28,135
OTU_185,OK183941.1,93.478,92,4,1,1,90,292,383,6.40E-28,135
OTU_185,CP011894.1,93.182,88,4,2,5,90,8896856,8896943,8.28E-27,132
OTU_188,ON746674.1,98.864,88,1,0,5,92,2252,2339,1.41E-34,158
OTU_188,NC_068695.1,98.864,88,1,0,5,92,2252,2339,1.41E-34,158
OTU_188,JF795308.1,94.318,88,5,0,5,92,1237,1324,6.63E-28,135
OTU_188,JF795307.1,94.318,88,5,0,5,92,1237,1324,6.63E-28,135
OTU_188,JF795317.1,84.615,91,7,5,5,91,1237,1324,2.43E-12,84.2
OTU_188,JF795312.1,84.615,91,7,5,5,91,2190,2277,2.43E-12,84.2
OTU_189,MF893916.1,97.872,94,2,0,1,94,2247,2340,3.14E-36,163
OTU_189,OQ199570.1,97.872,94,2,0,1,94,2245,2338,3.14E-36,163
OTU_189,NC_023795.1,97.872,94,2,0,1,94,2766,2859,3.14E-36,163
OTU_189,MW090144.1,97.872,94,2,0,1,94,63,156,3.14E-36,163
OTU_189,MW090143.1,97.872,94,2,0,1,94,63,156,3.14E-36,163
OTU_189,OQ199569.1,96.809,94,3,0,1,94,2245,2338,1.46E-34,158
OTU_189,MT300207.1,96.809,94,3,0,1,94,2232,2325,1.46E-34,158
OTU_189,MT300205.1,96.809,94,3,0,1,94,2245,2338,1.46E-34,158
OTU_189,MT300204.1,96.809,94,3,0,1,94,2245,2338,1.46E-34,158
OTU_189,MT300203.1,96.809,94,3,0,1,94,2241,2334,1.46E-34,158
OTU_191,OX421883.1,84.158,101,10,1,14,108,1504446,1504346,5.16E-15,93.5
OTU_192,AY360309.1,98.925,93,1,0,2,94,230,138,2.43E-37,167
OTU_192,OQ199747.1,97.849,93,2,0,2,94,2247,2339,1.13E-35,161
OTU_192,OQ199746.1,97.849,93,2,0,2,94,2246,2338,1.13E-35,161
OTU_192,OQ199745.1,97.849,93,2,0,2,94,2246,2338,1.13E-35,161
OTU_192,OQ199744.1,97.849,93,2,0,2,94,2246,2338,1.13E-35,161
OTU_192,OQ199743.1,97.849,93,2,0,2,94,2246,2338,1.13E-35,161
OTU_192,OQ199742.1,97.849,93,2,0,2,94,2246,2338,1.13E-35,161
OTU_192,OQ199741.1,97.849,93,2,0,2,94,2246,2338,1.13E-35,161
OTU_192,OQ199740.1,97.849,93,2,0,2,94,2246,2338,1.13E-35,161
OTU_192,OQ199739.1,97.849,93,2,0,2,94,2246,2338,1.13E-35,161
OTU_221,MG725631.1,98.925,93,0,1,2,93,2817,2909,8.60E-37,165
OTU_221,NC_039090.1,98.925,93,0,1,2,93,2777,2869,8.60E-37,165
OTU_221,MG250542.1,98.925,93,0,1,2,93,3518,3610,8.60E-37,165
OTU_221,MZ521005.1,98.925,93,0,1,2,93,344,436,8.60E-37,165
OTU_221,JN714139.1,98.925,93,0,1,2,93,253,345,8.60E-37,165
OTU_221,JN714133.1,98.925,93,0,1,2,93,323,415,8.60E-37,165
OTU_221,JN714131.1,98.925,93,0,1,2,93,295,387,8.60E-37,165
OTU_221,JF810372.1,98.925,93,0,1,2,93,234,326,8.60E-37,165
OTU_221,JF810371.1,98.925,93,0,1,2,93,275,367,8.60E-37,165
OTU_221,JF810370.1,98.925,93,0,1,2,93,275,367,8.60E-37,165
OTU_233,OY288228.1,96.774,31,1,0,52,82,1623813,1623783,0.008,52.8
OTU_233,OY288224.1,96.774,31,1,0,52,82,2031981,2031951,0.008,52.8
OTU_233,OY288218.1,96.774,31,1,0,52,82,3389199,3389169,0.008,52.8
OTU_233,OY288218.1,92.105,38,1,2,43,79,15790190,15790226,0.008,52.8
OTU_243,OX638390.1,96.774,31,1,0,25,55,12961167,12961197,0.007,52.8
OTU_244,MZ041128.1,98.936,94,1,0,1,94,320,413,6.76E-38,169
OTU_244,LC433817.2,90.426,94,9,0,1,94,96,189,1.48E-24,124
OTU_244,LC433813.1,90.426,94,9,0,1,94,314,407,1.48E-24,124
OTU_244,MK920181.1,90.217,92,7,1,3,94,303,392,6.90E-23,119
OTU_244,MK920180.1,90.217,92,7,1,3,94,303,392,6.90E-23,119
OTU_244,MK920179.1,90.217,92,7,1,3,94,303,392,6.90E-23,119
OTU_244,MK920178.1,90.217,92,7,1,3,94,303,392,6.90E-23,119
OTU_244,KP120599.1,90.217,92,7,1,3,94,295,384,6.90E-23,119
OTU_244,MW035019.1,90.217,92,7,1,3,94,3,92,6.90E-23,119
OTU_244,MW035012.1,90.217,92,7,1,3,94,3,92,6.90E-23,119
OTU_260,OR397962.1,97.872,94,2,0,1,94,2263,2356,3.14E-36,163
OTU_260,OR397961.1,97.872,94,2,0,1,94,2263,2356,3.14E-36,163
OTU_260,OR360233.1,97.872,94,2,0,1,94,301,394,3.14E-36,163
OTU_260,OR360223.1,97.872,94,2,0,1,94,301,394,3.14E-36,163
OTU_260,OR360216.1,97.872,94,2,0,1,94,301,394,3.14E-36,163
OTU_260,OR360215.1,97.872,94,2,0,1,94,301,394,3.14E-36,163
OTU_260,OR360178.1,97.872,94,2,0,1,94,301,394,3.14E-36,163
OTU_260,OR260477.1,97.872,94,2,0,1,94,2263,2356,3.14E-36,163
OTU_260,OR260476.1,97.872,94,2,0,1,94,2263,2356,3.14E-36,163
OTU_260,OR255999.1,97.872,94,2,0,1,94,2262,2355,3.14E-36,163
OTU_267,OX458317.1,100,31,0,0,1,31,11396877,11396847,1.93E-04,58.4
OTU_280,OX638390.1,86.792,53,3,4,25,75,12961167,12961217,6.04E-04,56.5
OTU_281,JN800721.1,98.889,90,1,0,3,92,2272,2361,1.09E-35,161
OTU_281,NC_004031.1,97.778,90,2,0,3,92,2272,2361,5.09E-34,156
OTU_284,AC255528.1,97.872,94,2,0,1,94,85575,85482,3.14E-36,163
OTU_284,NG_029631.2,97.872,94,2,0,1,94,521,614,3.14E-36,163
OTU_284,AL356135.11,97.872,94,2,0,1,94,40702,40795,3.14E-36,163
OTU_284,XR_008680359.1,89.362,94,10,0,1,94,373,466,6.90E-23,119
OTU_284,AP023488.1,89.362,94,10,0,1,94,673878,673971,6.90E-23,119
OTU_284,AC206041.4,89.362,94,10,0,1,94,195847,195754,6.90E-23,119
OTU_284,AC132822.3,89.362,94,10,0,1,94,101198,101291,6.90E-23,119
OTU_284,MN595730.2,87.778,90,11,0,5,94,2832,2921,5.37E-19,106
OTU_284,MN595687.2,87.778,90,11,0,5,94,2832,2921,5.37E-19,106
OTU_284,MT892955.1,87.778,90,11,0,5,94,2838,2927,5.37E-19,106
OTU_291,CP050569.1,96.739,92,3,0,1,92,13521257,13521166,1.83E-33,154
OTU_291,CP050620.1,96.739,92,3,0,1,92,13523582,13523491,1.83E-33,154
OTU_291,HG994395.1,96.739,92,3,0,1,92,15332240,15332149,1.83E-33,154
OTU_291,AB048589.1,96.739,92,3,0,1,92,4166,4257,1.83E-33,154
OTU_291,CP050580.1,92.391,92,7,0,1,92,596885,596794,8.57E-27,132
OTU_291,CP050629.1,92.391,92,7,0,1,92,598107,598016,8.57E-27,132
OTU_291,HG994412.1,92.391,92,7,0,1,92,2822875,2822784,8.57E-27,132
OTU_291,AB048588.1,92.391,92,7,0,1,92,3648,3739,8.57E-27,132
OTU_295,ON746674.1,98.913,92,0,1,1,91,2248,2339,2.99E-36,163
OTU_295,NC_068695.1,98.913,92,0,1,1,91,2248,2339,2.99E-36,163
OTU_295,JF795308.1,94.565,92,4,1,1,91,1233,1324,1.40E-29,141
OTU_295,JF795307.1,94.565,92,4,1,1,91,1233,1324,1.40E-29,141
OTU_295,JF795317.1,85.263,95,6,6,1,90,1233,1324,1.43E-14,91.6
OTU_295,JF795312.1,85.263,95,6,6,1,90,2186,2277,1.43E-14,91.6
OTU_298,XM_033179866.1,88.298,94,9,1,1,92,1150,1243,1.12E-20,111
OTU_298,XM_031935420.1,88.298,94,9,1,1,92,1141,1234,1.12E-20,111
OTU_298,XM_011996668.1,88.298,94,9,1,1,92,1140,1233,1.12E-20,111
OTU_298,XM_012089318.1,87.234,94,10,1,1,92,1140,1233,5.20E-19,106
OTU_298,XR_004436142.1,87.952,83,10,0,10,92,1353,1271,8.69E-17,99
OTU_298,MF362949.1,82.105,95,13,4,1,92,2836,2929,1.13E-10,78.7
OTU_298,KP834335.1,80.851,94,16,2,1,92,2658,2751,5.27E-09,73.1
OTU_298,KP834333.1,80.851,94,16,2,1,92,2659,2752,5.27E-09,73.1
OTU_304,LK110930.1,96.809,94,3,0,1,94,739,646,1.46E-34,158
OTU_304,LT629868.1,95.745,94,4,0,1,94,106678,106771,6.81E-33,152
OTU_304,LT629868.1,95.745,94,4,0,1,94,131629,131536,6.81E-33,152
OTU_304,JN854212.1,94.681,94,5,0,1,94,89542,89635,8.80E-32,148
OTU_304,NC_042485.1,94.681,94,5,0,1,94,4145,4238,3.17E-31,147
OTU_304,MW408731.1,94.681,94,5,0,1,94,4145,4238,3.17E-31,147
OTU_304,MK085992.1,93.617,94,6,0,1,94,4155,4248,1.47E-29,141
OTU_304,NC_042486.1,93.617,94,6,0,1,94,4155,4248,1.47E-29,141
OTU_304,NC_042484.1,93.617,94,6,0,1,94,4157,4250,1.47E-29,141
OTU_304,NC_042483.1,93.617,94,6,0,1,94,4164,4257,1.47E-29,141
OTU_304,MT215364.1,92.553,94,7,0,1,94,273,366,1.91E-28,137
OTU_305,AC239395.3,95.604,91,4,0,3,93,130290,130200,3.11E-31,147
OTU_305,AL030997.1,95.604,91,4,0,3,93,23066,23156,3.11E-31,147
OTU_305,CT841529.2,93.407,91,6,0,3,93,145544,145634,6.74E-28,135
OTU_305,CT573436.2,93.407,91,6,0,3,93,130606,130516,6.74E-28,135
OTU_307,OU744366.1,93.617,94,5,1,3,96,7353145,7353053,5.48E-29,139
OTU_307,OU744366.1,92.553,94,6,1,3,96,7011794,7011886,2.55E-27,134
OTU_307,OU744366.1,91.489,94,7,1,3,96,3876674,3876582,1.19E-25,128
OTU_307,OU744366.1,91.579,95,5,2,3,96,7726449,7726357,1.19E-25,128
OTU_307,OU744366.1,92.135,89,7,0,8,96,4794371,4794283,4.26E-25,126
OTU_307,OU744366.1,90.426,94,9,0,3,96,8031419,8031512,1.53E-24,124
OTU_307,OU744366.1,90.426,94,6,2,3,95,5260967,5261058,1.98E-23,121
OTU_307,OU744366.1,88.66,97,7,3,3,96,4931089,4931184,9.23E-22,115
OTU_307,OU744366.1,89.247,93,7,2,3,94,5059133,5059223,3.32E-21,113
OTU_307,OU744366.1,88.542,96,7,3,3,96,5677191,5677284,3.32E-21,113
OTU_307,OU744366.1,88.421,95,8,2,3,96,4267244,4267152,1.19E-20,111
OTU_307,OU744366.1,88.172,93,9,1,3,95,5111413,5111503,4.29E-20,110
OTU_307,OU744366.1,90.244,82,6,2,3,83,5556015,5556095,5.55E-19,106
OTU_307,OU744361.1,93.617,94,5,1,3,96,23932634,23932726,5.48E-29,139
OTU_307,OU744361.1,93.617,94,5,1,3,96,26354710,26354618,5.48E-29,139
OTU_307,OU744361.1,92.553,94,7,0,3,96,17643655,17643748,7.08E-28,135
OTU_307,OU744361.1,92.553,94,7,0,3,96,20119167,20119260,7.08E-28,135
OTU_307,OU744361.1,92.553,94,7,0,3,96,24332480,24332387,7.08E-28,135
OTU_307,OU744361.1,92.553,94,7,0,3,96,25893696,25893789,7.08E-28,135
OTU_307,OU744361.1,92.553,94,6,1,3,96,14753282,14753374,2.55E-27,134
OTU_307,OU744361.1,92.553,94,6,1,3,96,16712231,16712323,2.55E-27,134
OTU_307,OU744361.1,92.553,94,6,1,3,96,19874197,19874105,2.55E-27,134
OTU_307,OU744361.1,92.553,94,6,1,3,96,20626971,20626879,2.55E-27,134
OTU_307,OU744361.1,92.553,94,6,1,3,96,23282022,23282114,2.55E-27,134
OTU_307,OU744361.1,92.553,94,6,1,3,96,25197087,25196995,2.55E-27,134
OTU_307,OU744361.1,92.553,94,6,1,3,96,25791865,25791773,2.55E-27,134
OTU_307,OU744361.1,91.489,94,8,0,3,96,10928304,10928397,3.30E-26,130
OTU_307,OU744361.1,91.579,95,7,1,2,96,14765130,14765223,3.30E-26,130
OTU_307,OU744361.1,91.489,94,8,0,3,96,14879221,14879128,3.30E-26,130
OTU_307,OU744361.1,92.391,92,6,1,3,94,14901598,14901508,3.30E-26,130
OTU_307,OU744361.1,91.579,95,7,1,3,96,19288191,19288285,3.30E-26,130
OTU_307,OU744361.1,91.489,94,8,0,3,96,20345128,20345035,3.30E-26,130
OTU_307,OU744361.1,91.489,94,8,0,3,96,23684493,23684586,3.30E-26,130
OTU_307,OU744361.1,91.489,94,8,0,3,96,25963838,25963931,3.30E-26,130
OTU_307,OU744361.1,91.489,94,8,0,3,96,26796406,26796499,3.30E-26,130
OTU_307,OU744361.1,91.489,94,6,2,3,96,15447366,15447457,1.19E-25,128
OTU_307,OU744361.1,91.489,94,7,1,3,96,21518565,21518473,1.19E-25,128
OTU_307,OU744361.1,91.489,94,7,1,3,96,21703629,21703537,1.19E-25,128
OTU_307,OU744361.1,91.489,94,7,1,3,96,23294432,23294340,1.19E-25,128
OTU_307,OU744361.1,91.489,94,7,1,3,96,23332596,23332688,1.19E-25,128
OTU_307,OU744361.1,92.308,91,5,1,6,96,23445944,23445856,1.19E-25,128
OTU_307,OU744361.1,91.489,94,7,1,3,96,23571511,23571419,1.19E-25,128
OTU_307,OU744361.1,91.489,94,7,1,3,96,24932808,24932900,1.19E-25,128
OTU_307,OU744361.1,91.489,94,7,1,3,96,25309114,25309022,1.19E-25,128
OTU_307,OU744361.1,91.489,94,7,1,3,96,25559720,25559812,1.19E-25,128
OTU_307,OU744361.1,91.489,94,7,1,3,96,26768950,26768858,1.19E-25,128
OTU_307,OU744361.1,90.625,96,7,1,3,96,25029448,25029543,4.26E-25,126
OTU_307,OU744361.1,90.625,96,7,1,3,96,25171418,25171323,4.26E-25,126
OTU_307,OU744361.1,90.625,96,6,2,3,96,20673296,20673202,1.53E-24,124
OTU_307,OU744361.1,90.426,94,9,0,3,96,23476691,23476598,1.53E-24,124
OTU_307,OU744361.1,91.304,92,6,1,5,96,23929452,23929363,1.53E-24,124
OTU_307,OU744361.1,90.426,94,8,1,3,96,21389532,21389624,5.51E-24,122
OTU_307,OU744361.1,90.526,95,6,2,3,96,24107326,24107234,5.51E-24,122
OTU_307,OU744361.1,90.426,94,8,1,3,96,24399641,24399733,5.51E-24,122
OTU_307,OU744361.1,90.426,94,8,1,3,96,24486292,24486200,5.51E-24,122
OTU_307,OU744361.1,90.526,95,6,2,3,96,24523096,24523004,5.51E-24,122
OTU_307,OU744361.1,90.426,94,8,1,3,96,24805738,24805646,5.51E-24,122
OTU_307,OU744361.1,90.526,95,6,2,3,96,25010322,25010230,5.51E-24,122
OTU_307,OU744361.1,90.426,94,8,1,3,96,25335660,25335752,5.51E-24,122
OTU_307,OU744361.1,90.426,94,6,2,3,96,20567713,20567623,1.98E-23,121
OTU_307,OU744361.1,90.323,93,8,1,4,96,20593818,20593727,1.98E-23,121
OTU_307,OU744361.1,91.111,90,7,1,7,96,24524567,24524655,1.98E-23,121
OTU_307,OU744361.1,90.217,92,8,1,3,94,19172519,19172609,7.13E-23,119
OTU_307,OU744361.1,89.583,96,7,2,3,96,26362507,26362413,7.13E-23,119
OTU_307,OU744361.1,90.217,92,6,2,3,93,17344722,17344811,2.57E-22,117
OTU_307,OU744361.1,89.474,95,7,2,3,96,20669827,20669919,2.57E-22,117
OTU_307,OU744361.1,89.474,95,7,2,3,96,21095149,21095057,2.57E-22,117
OTU_307,OU744361.1,89.474,95,7,2,3,96,21464782,21464690,2.57E-22,117
OTU_307,OU744361.1,89.474,95,7,2,3,96,21559934,21559842,2.57E-22,117
OTU_307,OU744361.1,89.474,95,7,2,3,96,21935272,21935364,2.57E-22,117
OTU_307,OU744361.1,89.474,95,7,2,3,96,22384548,22384456,2.57E-22,117
OTU_307,OU744361.1,89.474,95,7,2,3,96,24324589,24324681,2.57E-22,117
OTU_307,OU744361.1,89.474,95,7,2,3,96,25779733,25779825,2.57E-22,117
OTU_307,OU744361.1,89.474,95,7,3,3,94,26027983,26027889,2.57E-22,117
OTU_307,OU744361.1,89.362,94,6,2,3,96,20065332,20065421,9.23E-22,115
OTU_307,OU744361.1,88.421,95,8,2,3,96,19412007,19411915,1.19E-20,111
OTU_307,OU744361.1,88.421,95,8,2,3,96,19512415,19512507,1.19E-20,111
OTU_307,OU744361.1,88.298,94,10,1,3,96,23696930,23696838,1.19E-20,111
OTU_307,OU744361.1,88.298,94,10,1,3,96,24833828,24833920,1.19E-20,111
OTU_307,OU744361.1,88.298,94,7,3,3,96,14731269,14731358,4.29E-20,110
OTU_307,OU744361.1,88.421,95,6,4,3,96,20144124,20144034,4.29E-20,110
OTU_307,OU744361.1,88.298,94,3,3,3,96,22873785,22873870,5.55E-19,106
OTU_307,OU744361.1,87.368,95,9,2,3,96,24494611,24494519,5.55E-19,106
OTU_307,OU744361.1,87.912,91,8,2,3,92,19977652,19977564,2.00E-18,104
OTU_307,OU744361.1,90.741,54,2,2,3,56,21060038,21059988,7.29E-08,69.4
OTU_307,OU744361.1,93.478,46,2,1,3,48,22062728,22062684,2.62E-07,67.6
OTU_307,OU744361.1,100,36,0,0,3,38,25565889,25565924,2.62E-07,67.6
OTU_307,OU744361.1,79.787,94,12,3,3,96,21437582,21437668,1.22E-05,62.1
OTU_307,OU744361.1,100,29,0,0,3,31,25473124,25473152,0.002,54.7
OTU_307,OU744360.1,93.617,94,5,1,3,96,24824604,24824696,5.48E-29,139
OTU_307,OU744360.1,92.553,94,7,0,3,96,17000207,17000114,7.08E-28,135
OTU_307,OU744360.1,92.553,94,6,1,3,96,16573413,16573321,2.55E-27,134
OTU_307,OU744360.1,92.553,94,6,1,3,96,20079928,20079836,2.55E-27,134
OTU_307,OU744360.1,92.553,94,6,1,3,96,21718192,21718100,2.55E-27,134
OTU_307,OU744360.1,92.553,94,5,1,3,96,21965666,21965575,2.55E-27,134
OTU_307,OU744360.1,92.553,94,6,1,3,96,24317483,24317575,2.55E-27,134
OTU_307,OU744360.1,92.553,94,6,1,3,96,26561155,26561063,2.55E-27,134
OTU_307,OU744360.1,91.489,94,8,0,3,96,22108088,22108181,3.30E-26,130
OTU_307,OU744360.1,91.489,94,8,0,3,96,24280082,24279989,3.30E-26,130
OTU_307,OU744360.1,91.579,95,6,2,3,96,26882036,26881943,3.30E-26,130
OTU_307,OU744360.1,91.489,94,7,1,3,96,11748590,11748498,1.19E-25,128
OTU_307,OU744360.1,91.579,95,5,2,3,96,18656956,18657048,1.19E-25,128
OTU_307,OU744360.1,91.489,94,6,2,3,96,18695102,18695193,1.19E-25,128
OTU_307,OU744360.1,91.489,94,7,1,3,96,19897336,19897244,1.19E-25,128
OTU_307,OU744360.1,91.579,95,5,2,3,96,22442530,22442438,1.19E-25,128
OTU_307,OU744360.1,90.625,96,6,2,2,96,20019343,20019250,1.53E-24,124
OTU_307,OU744360.1,90.426,94,9,0,3,96,20305812,20305719,1.53E-24,124
OTU_307,OU744360.1,90.526,95,8,1,3,96,24525559,24525653,1.53E-24,124
OTU_307,OU744360.1,90.526,95,8,1,3,96,26912771,26912677,1.53E-24,124
OTU_307,OU744360.1,90.526,95,6,2,3,96,12707459,12707367,5.51E-24,122
OTU_307,OU744360.1,90.426,94,8,1,3,96,21400635,21400543,5.51E-24,122
OTU_307,OU744360.1,90.526,95,6,2,3,96,21978896,21978804,5.51E-24,122
OTU_307,OU744360.1,90.426,94,8,1,3,96,22259010,22258918,5.51E-24,122
OTU_307,OU744360.1,90.526,95,6,2,3,96,25012579,25012487,5.51E-24,122
OTU_307,OU744360.1,90.217,92,9,0,3,94,22098324,22098415,1.98E-23,121
OTU_307,OU744360.1,89.474,95,7,2,3,96,9717633,9717725,2.57E-22,117
OTU_307,OU744360.1,89.583,96,5,3,3,96,24318814,24318906,2.57E-22,117
OTU_307,OU744360.1,89.474,95,7,2,3,96,26597314,26597222,2.57E-22,117
OTU_307,OU744360.1,89.362,94,7,2,3,96,22135817,22135907,9.23E-22,115
OTU_307,OU744360.1,88.298,94,11,0,3,96,16830677,16830584,3.32E-21,113
OTU_307,OU744360.1,88.421,95,8,2,3,96,18702058,18702150,1.19E-20,111
OTU_307,OU744360.1,88.421,95,8,2,3,96,22962717,22962625,1.19E-20,111
OTU_307,OU744360.1,88.542,96,6,3,3,96,25907340,25907248,1.19E-20,111
OTU_307,OU744360.1,87.5,96,8,3,3,96,17505839,17505746,1.54E-19,108
OTU_307,OU744360.1,86.17,94,11,1,3,96,20561555,20561646,2.58E-17,100
OTU_307,OU744358.1,93.617,94,5,1,3,96,6808941,6809033,5.48E-29,139
OTU_307,OU744358.1,92.553,94,7,0,3,96,8604358,8604451,7.08E-28,135
OTU_307,OU744358.1,92.553,94,7,0,3,96,11224170,11224263,7.08E-28,135
OTU_307,OU744358.1,92.553,94,6,1,3,96,830825,830733,2.55E-27,134
OTU_307,OU744358.1,92.553,94,6,1,3,96,2000216,2000124,2.55E-27,134
OTU_307,OU744358.1,92.553,94,6,1,3,96,3615476,3615568,2.55E-27,134
OTU_307,OU744358.1,92.553,94,6,1,3,96,6008775,6008867,2.55E-27,134
OTU_307,OU744358.1,92.553,94,6,1,3,96,6492819,6492727,2.55E-27,134
OTU_307,OU744358.1,92.553,94,6,1,3,96,6747344,6747436,2.55E-27,134
OTU_307,OU744358.1,92.553,94,6,1,3,96,7752399,7752307,2.55E-27,134
OTU_307,OU744358.1,91.489,94,8,0,3,96,2493572,2493479,3.30E-26,130
OTU_307,OU744358.1,91.579,95,7,1,2,96,10280047,10280140,3.30E-26,130
OTU_307,OU744358.1,91.489,94,7,1,3,96,2517194,2517286,1.19E-25,128
OTU_307,OU744358.1,91.489,94,7,1,3,96,3039096,3039188,1.19E-25,128
OTU_307,OU744358.1,91.489,94,7,1,3,96,3377283,3377375,1.19E-25,128
OTU_307,OU744358.1,91.489,94,7,1,3,96,5834788,5834696,1.19E-25,128
OTU_307,OU744358.1,91.489,94,7,1,3,96,6177350,6177258,1.19E-25,128
OTU_307,OU744358.1,91.489,94,7,1,3,96,6370323,6370415,1.19E-25,128
OTU_307,OU744358.1,91.489,94,7,1,3,96,6374973,6374881,1.19E-25,128
OTU_307,OU744358.1,91.489,94,7,1,3,96,7696414,7696506,1.19E-25,128
OTU_307,OU744358.1,91.489,94,7,1,3,96,8098832,8098740,1.19E-25,128
OTU_307,OU744358.1,91.489,94,6,1,3,96,10319026,10319117,1.19E-25,128
OTU_307,OU744358.1,91.489,94,6,1,3,96,21429185,21429094,1.19E-25,128
OTU_307,OU744358.1,91.489,94,6,2,3,96,22658670,22658761,1.19E-25,128
OTU_307,OU744358.1,91.489,94,7,1,3,96,31435399,31435491,1.19E-25,128
OTU_307,OU744358.1,90.625,96,7,1,3,96,7830421,7830326,4.26E-25,126
OTU_307,OU744358.1,90.526,95,8,1,3,96,6664955,6665049,1.53E-24,124
OTU_307,OU744358.1,90.526,95,8,1,3,96,7620345,7620251,1.53E-24,124
OTU_307,OU744358.1,90.426,94,9,0,3,96,7821587,7821680,1.53E-24,124
OTU_307,OU744358.1,90.625,96,6,2,3,96,8436423,8436329,1.53E-24,124
OTU_307,OU744358.1,90.526,95,8,1,3,96,8694952,8695046,1.53E-24,124
OTU_307,OU744358.1,90.526,95,7,2,3,96,8725353,8725260,1.53E-24,124
OTU_307,OU744358.1,90.526,95,8,1,3,96,21733318,21733412,1.53E-24,124
OTU_307,OU744358.1,90.426,94,8,1,3,96,1281852,1281944,5.51E-24,122
OTU_307,OU744358.1,90.426,94,8,1,3,96,2874609,2874517,5.51E-24,122
OTU_307,OU744358.1,90.526,95,6,2,3,96,3349343,3349435,5.51E-24,122
OTU_307,OU744358.1,90.526,95,5,3,3,96,4069941,4070032,5.51E-24,122
OTU_307,OU744358.1,90.426,94,8,1,3,96,6833159,6833067,5.51E-24,122
OTU_307,OU744358.1,90.426,94,8,1,3,96,7556757,7556665,5.51E-24,122
OTU_307,OU744358.1,90.526,95,6,2,3,96,7923397,7923305,5.51E-24,122
OTU_307,OU744358.1,90.426,94,8,1,3,96,7930241,7930333,5.51E-24,122
OTU_307,OU744358.1,90.526,95,6,2,3,96,8205305,8205397,5.51E-24,122
OTU_307,OU744358.1,90.526,95,6,2,3,96,8643369,8643461,5.51E-24,122
OTU_307,OU744358.1,90.426,94,7,1,3,96,8896974,8896883,5.51E-24,122
OTU_307,OU744358.1,90.426,94,8,1,3,96,8945299,8945391,5.51E-24,122
OTU_307,OU744358.1,90.426,94,7,1,3,96,10180602,10180693,5.51E-24,122
OTU_307,OU744358.1,90.526,95,6,2,3,96,10570137,10570229,5.51E-24,122
OTU_307,OU744358.1,90.426,94,8,1,3,96,13320796,13320888,5.51E-24,122
OTU_307,OU744358.1,90.426,94,8,1,3,96,29082969,29083061,5.51E-24,122
OTU_307,OU744358.1,89.583,96,8,1,3,96,2643854,2643759,1.98E-23,121
OTU_307,OU744358.1,90.323,93,8,1,3,95,12149010,12148919,1.98E-23,121
OTU_307,OU744358.1,89.362,94,10,0,3,96,1024714,1024621,7.13E-23,119
OTU_307,OU744358.1,90.323,93,6,2,3,94,1442194,1442104,7.13E-23,119
OTU_307,OU744358.1,89.583,96,7,2,3,96,3164115,3164021,7.13E-23,119
OTU_307,OU744358.1,89.583,96,6,2,3,96,4292690,4292597,7.13E-23,119
OTU_307,OU744358.1,89.583,96,7,2,3,96,4358157,4358063,7.13E-23,119
OTU_307,OU744358.1,89.474,95,9,1,2,96,7416927,7416834,7.13E-23,119
OTU_307,OU744358.1,89.583,96,7,2,3,96,8244540,8244634,7.13E-23,119
OTU_307,OU744358.1,89.583,96,6,3,3,96,8543761,8543668,7.13E-23,119
OTU_307,OU744358.1,89.474,95,9,1,3,96,11159910,11159816,7.13E-23,119
OTU_307,OU744358.1,89.474,95,7,2,3,96,1215300,1215208,2.57E-22,117
OTU_307,OU744358.1,89.474,95,7,2,3,96,1525659,1525751,2.57E-22,117
OTU_307,OU744358.1,89.583,96,5,3,3,96,2042842,2042934,2.57E-22,117
OTU_307,OU744358.1,89.474,95,7,2,3,96,2218899,2218807,2.57E-22,117
OTU_307,OU744358.1,89.474,95,7,2,3,96,3223571,3223479,2.57E-22,117
OTU_307,OU744358.1,89.474,95,6,3,3,96,5882778,5882687,2.57E-22,117
OTU_307,OU744358.1,88.776,98,7,1,3,96,8381071,8380974,2.57E-22,117
OTU_307,OU744358.1,89.474,95,7,3,3,96,9881206,9881114,2.57E-22,117
OTU_307,OU744358.1,89.474,95,7,2,3,96,10683342,10683250,2.57E-22,117
OTU_307,OU744358.1,89.474,95,7,2,3,96,11624521,11624429,2.57E-22,117
OTU_307,OU744358.1,89.362,94,7,1,3,96,8413159,8413249,9.23E-22,115
OTU_307,OU744358.1,89.362,94,7,2,5,96,8642293,8642385,9.23E-22,115
OTU_307,OU744358.1,89.247,93,6,3,3,94,7023734,7023823,3.32E-21,113
OTU_307,OU744358.1,88.542,96,8,2,2,96,7526418,7526325,3.32E-21,113
OTU_307,OU744358.1,89.247,93,7,2,3,94,14938989,14939079,3.32E-21,113
OTU_307,OU744358.1,88.542,96,8,2,3,96,14959514,14959420,3.32E-21,113
OTU_307,OU744358.1,88.542,96,7,2,3,96,24905913,24905820,3.32E-21,113
OTU_307,OU744358.1,87.755,98,8,2,3,96,5975229,5975132,1.19E-20,111
OTU_307,OU744358.1,89.888,89,6,2,3,90,6722962,6723048,1.19E-20,111
OTU_307,OU744358.1,89.655,87,9,0,7,93,7351035,7351121,1.19E-20,111
OTU_307,OU744358.1,88.421,95,8,2,3,96,23683687,23683779,1.19E-20,111
OTU_307,OU744358.1,88.298,94,8,2,4,96,6149466,6149557,4.29E-20,110
OTU_307,OU744358.1,87.5,96,8,2,3,96,1164931,1165024,1.54E-19,108
OTU_307,OU744358.1,87.368,95,10,2,3,96,3591340,3591433,1.54E-19,108
OTU_307,OU744358.1,88.172,93,8,2,3,94,5969124,5969034,1.54E-19,108
OTU_307,OU744358.1,87.629,97,7,3,3,96,8061008,8060914,1.54E-19,108
OTU_307,OU744358.1,88.889,90,7,2,3,91,10701947,10701860,1.54E-19,108
OTU_307,OU744358.1,88.043,92,8,2,3,93,1111745,1111834,5.55E-19,106
OTU_307,OU744358.1,88.298,94,3,5,3,96,1626586,1626501,5.55E-19,106
OTU_307,OU744358.1,87.368,95,9,2,3,96,7682966,7682874,5.55E-19,106
OTU_307,OU744358.1,91.139,79,6,1,3,80,9231310,9231232,5.55E-19,106
OTU_307,OU744358.1,90.123,81,6,1,2,80,5787225,5787145,2.00E-18,104
OTU_307,OU744358.1,86.17,94,3,3,3,96,7303085,7303002,4.32E-15,93.5
OTU_307,OU744358.1,83.158,95,14,2,3,96,7574910,7575003,7.24E-13,86.1
OTU_307,OU744358.1,95.652,46,0,1,2,47,11369939,11369896,5.63E-09,73.1
OTU_307,OU744358.1,100,36,0,0,3,38,23402735,23402700,2.62E-07,67.6
OTU_307,OU744356.1,93.617,94,5,1,3,96,17606178,17606270,5.48E-29,139
OTU_307,OU744356.1,92.553,94,7,0,3,96,1266410,1266503,7.08E-28,135
OTU_307,OU744356.1,92.553,94,7,0,3,96,1674491,1674398,7.08E-28,135
OTU_307,OU744356.1,92.553,94,7,0,3,96,1793109,1793202,7.08E-28,135
OTU_307,OU744356.1,92.553,94,7,0,3,96,4080320,4080227,7.08E-28,135
OTU_307,OU744356.1,92.553,94,7,0,3,96,8931062,8930969,7.08E-28,135
OTU_307,OU744356.1,92.553,94,6,1,3,96,7921118,7921210,2.55E-27,134
OTU_307,OU744356.1,92.553,94,6,1,3,96,8843813,8843905,2.55E-27,134
OTU_307,OU744356.1,92.553,94,6,1,3,96,10199921,10200013,2.55E-27,134
OTU_307,OU744356.1,92.553,94,6,1,3,96,11055425,11055333,2.55E-27,134
OTU_307,OU744356.1,92.553,94,6,1,3,96,27092739,27092831,2.55E-27,134
OTU_307,OU744356.1,91.579,95,7,1,3,96,4944958,4945052,3.30E-26,130
OTU_307,OU744356.1,91.489,94,8,0,3,96,8309329,8309422,3.30E-26,130
OTU_307,OU744356.1,91.489,94,8,0,3,96,9168377,9168470,3.30E-26,130
OTU_307,OU744356.1,91.579,95,5,2,3,96,2343124,2343216,1.19E-25,128
OTU_307,OU744356.1,91.489,94,7,1,3,96,2839165,2839257,1.19E-25,128
OTU_307,OU744356.1,91.489,94,6,2,3,96,2954648,2954739,1.19E-25,128
OTU_307,OU744356.1,91.489,94,7,1,3,96,5739168,5739076,1.19E-25,128
OTU_307,OU744356.1,91.489,94,6,1,3,96,5882820,5882729,1.19E-25,128
OTU_307,OU744356.1,91.489,94,6,1,3,96,6076339,6076430,1.19E-25,128
OTU_307,OU744356.1,91.489,94,7,1,3,96,7878677,7878585,1.19E-25,128
OTU_307,OU744356.1,91.579,95,5,2,3,96,10421761,10421853,1.19E-25,128
OTU_307,OU744356.1,91.489,94,7,1,3,96,11729116,11729024,1.19E-25,128
OTU_307,OU744356.1,91.579,95,5,2,3,96,11752410,11752502,1.19E-25,128
OTU_307,OU744356.1,91.489,94,7,1,3,96,11919637,11919729,1.19E-25,128
OTU_307,OU744356.1,91.489,94,6,1,3,96,29752401,29752310,1.19E-25,128
OTU_307,OU744356.1,91.398,93,7,1,3,95,21915562,21915471,4.26E-25,126
OTU_307,OU744356.1,90.526,95,7,1,3,95,1360861,1360767,1.53E-24,124
OTU_307,OU744356.1,90.426,94,9,0,3,96,1977141,1977234,1.53E-24,124
OTU_307,OU744356.1,90.625,96,6,2,3,96,5672757,5672663,1.53E-24,124
OTU_307,OU744356.1,90.526,95,8,1,3,96,11544238,11544144,1.53E-24,124
OTU_307,OU744356.1,90.426,94,9,0,3,96,11769713,11769620,1.53E-24,124
OTU_307,OU744356.1,90.426,94,9,0,3,96,31330474,31330381,1.53E-24,124
OTU_307,OU744356.1,90.526,95,6,2,3,96,1083303,1083211,5.51E-24,122
OTU_307,OU744356.1,90.526,95,6,2,3,96,2037638,2037546,5.51E-24,122
OTU_307,OU744356.1,90.426,94,7,1,3,96,4822171,4822262,5.51E-24,122
OTU_307,OU744356.1,90.526,95,6,2,3,96,5611270,5611362,5.51E-24,122
OTU_307,OU744356.1,90.426,94,8,1,3,96,6992215,6992307,5.51E-24,122
OTU_307,OU744356.1,90.526,95,6,2,3,96,8063413,8063321,5.51E-24,122
OTU_307,OU744356.1,90.426,94,8,1,3,96,8286478,8286386,5.51E-24,122
OTU_307,OU744356.1,90.526,95,6,2,3,96,8759587,8759679,5.51E-24,122
OTU_307,OU744356.1,90.526,95,6,2,3,96,8844008,8844100,5.51E-24,122
OTU_307,OU744356.1,90.426,94,8,1,3,96,11808504,11808596,5.51E-24,122
OTU_307,OU744356.1,90.426,94,7,1,3,96,11960929,11960838,5.51E-24,122
OTU_307,OU744356.1,90.426,94,8,1,3,96,12041701,12041609,5.51E-24,122
OTU_307,OU744356.1,90.526,95,6,3,3,96,15502686,15502778,5.51E-24,122
OTU_307,OU744356.1,90.526,95,6,2,3,96,32111173,32111265,5.51E-24,122
OTU_307,OU744356.1,90.426,94,6,2,4,96,1081463,1081372,1.98E-23,121
OTU_307,OU744356.1,90.426,94,6,2,3,95,1376595,1376504,1.98E-23,121
OTU_307,OU744356.1,90.323,93,6,2,3,94,2927731,2927641,7.13E-23,119
OTU_307,OU744356.1,89.583,96,7,2,3,96,5275705,5275799,7.13E-23,119
OTU_307,OU744356.1,90.323,93,6,2,5,96,5318006,5317916,7.13E-23,119
OTU_307,OU744356.1,89.583,96,6,2,3,96,5461007,5461100,7.13E-23,119
OTU_307,OU744356.1,89.362,94,10,0,3,96,7084544,7084637,7.13E-23,119
OTU_307,OU744356.1,89.362,94,8,1,3,96,2529077,2528986,2.57E-22,117
OTU_307,OU744356.1,89.474,95,7,2,3,96,5053283,5053191,2.57E-22,117
OTU_307,OU744356.1,89.474,95,7,2,3,96,5372928,5373020,2.57E-22,117
OTU_307,OU744356.1,89.474,95,7,2,3,96,5671736,5671828,2.57E-22,117
OTU_307,OU744356.1,89.474,95,7,2,3,96,6225090,6224998,2.57E-22,117
OTU_307,OU744356.1,89.362,94,9,1,3,96,7634475,7634383,2.57E-22,117
OTU_307,OU744356.1,89.474,95,7,2,3,96,7704451,7704543,2.57E-22,117
OTU_307,OU744356.1,89.474,95,7,2,3,96,10236010,10236102,2.57E-22,117
OTU_307,OU744356.1,89.474,95,7,2,3,96,15563661,15563569,2.57E-22,117
OTU_307,OU744356.1,89.474,95,7,2,3,96,15946984,15947076,2.57E-22,117
OTU_307,OU744356.1,88.542,96,9,2,3,96,6191614,6191519,9.23E-22,115
OTU_307,OU744356.1,89.362,94,7,2,4,96,13118449,13118540,9.23E-22,115
OTU_307,OU744356.1,90,90,6,2,3,91,2514516,2514603,3.32E-21,113
OTU_307,OU744356.1,88.298,94,11,0,3,96,3693207,3693300,3.32E-21,113
OTU_307,OU744356.1,88.542,96,7,2,3,96,5610921,5610828,3.32E-21,113
OTU_307,OU744356.1,88.421,95,7,2,3,95,2305763,2305855,1.19E-20,111
OTU_307,OU744356.1,88.421,95,8,2,3,96,4803318,4803410,1.19E-20,111
OTU_307,OU744356.1,88.421,95,8,2,3,96,5145043,5144951,1.19E-20,111
OTU_307,OU744356.1,88.421,95,8,2,3,96,6011084,6010992,1.19E-20,111
OTU_307,OU744356.1,89.773,88,7,1,3,90,6727157,6727242,1.19E-20,111
OTU_307,OU744356.1,88.421,95,8,2,3,96,8818418,8818510,1.19E-20,111
OTU_307,OU744356.1,88.298,94,7,2,3,96,2150789,2150878,4.29E-20,110
OTU_307,OU744356.1,87.5,96,10,1,3,96,12835976,12836071,4.29E-20,110
OTU_307,OU744356.1,87.5,96,8,2,3,96,2320457,2320364,1.54E-19,108
OTU_307,OU744356.1,87.368,95,9,2,3,96,5537308,5537400,5.55E-19,106
OTU_307,OU744356.1,87.368,95,9,2,3,96,8059885,8059977,5.55E-19,106
OTU_307,OU744356.1,87.234,94,9,2,4,96,5215430,5215339,2.00E-18,104
OTU_307,OU744356.1,90,80,6,1,3,82,2754652,2754729,7.18E-18,102
OTU_307,OU744356.1,86.17,94,11,1,3,96,15442726,15442635,2.58E-17,100
OTU_307,OU744356.1,90.141,71,5,2,3,73,5596455,5596387,1.56E-14,91.6
OTU_307,OU744356.1,88.71,62,7,0,4,65,9101447,9101386,4.35E-10,76.8
OTU_307,OU744356.1,95.745,47,0,1,3,49,4350697,4350741,1.57E-09,75
OTU_307,OU744355.1,93.617,94,5,1,3,96,41544471,41544563,5.48E-29,139
OTU_307,OU744355.1,92.553,94,6,1,3,96,8883085,8882993,2.55E-27,134
OTU_307,OU744355.1,92.553,94,6,1,3,96,36836413,36836321,2.55E-27,134
OTU_307,OU744355.1,92.553,94,6,1,3,96,44520889,44520981,2.55E-27,134
OTU_307,OU744355.1,92.553,94,6,1,3,96,45712582,45712490,2.55E-27,134
OTU_307,OU744355.1,92.553,94,6,1,3,96,46456697,46456605,2.55E-27,134
OTU_307,OU744355.1,92.553,94,6,1,3,96,46936119,46936211,2.55E-27,134
OTU_307,OU744355.1,92.553,94,6,1,3,96,48807709,48807617,2.55E-27,134
OTU_307,OU744355.1,92.553,94,6,1,3,96,51012242,51012334,2.55E-27,134
OTU_307,OU744355.1,92.391,92,7,0,3,94,8784084,8783993,9.16E-27,132
OTU_307,OU744355.1,92.473,93,6,1,3,95,50882743,50882652,9.16E-27,132
OTU_307,OU744355.1,91.489,94,8,0,3,96,37013441,37013534,3.30E-26,130
OTU_307,OU744355.1,92.391,92,6,1,3,94,40828387,40828477,3.30E-26,130
OTU_307,OU744355.1,91.489,94,8,0,3,96,43909818,43909725,3.30E-26,130
OTU_307,OU744355.1,91.489,94,8,0,3,96,46357827,46357920,3.30E-26,130
OTU_307,OU744355.1,91.579,95,7,1,2,96,47451983,47451890,3.30E-26,130
OTU_307,OU744355.1,91.579,95,6,2,3,96,47478953,47479046,3.30E-26,130
OTU_307,OU744355.1,91.579,95,5,2,3,96,23429950,23429858,1.19E-25,128
OTU_307,OU744355.1,91.489,94,7,1,3,96,47725004,47725096,1.19E-25,128
OTU_307,OU744355.1,91.489,94,7,1,3,96,48672362,48672270,1.19E-25,128
OTU_307,OU744355.1,91.489,94,7,1,3,96,50333745,50333653,1.19E-25,128
OTU_307,OU744355.1,91.489,94,7,1,3,96,50632728,50632820,1.19E-25,128
OTU_307,OU744355.1,90.625,96,7,1,3,96,41592882,41592787,4.26E-25,126
OTU_307,OU744355.1,90.426,94,9,0,3,96,40313168,40313075,1.53E-24,124
OTU_307,OU744355.1,90.625,96,6,2,3,96,47968508,47968414,1.53E-24,124
OTU_307,OU744355.1,90.426,94,8,1,3,96,13057239,13057331,5.51E-24,122
OTU_307,OU744355.1,90.526,95,6,2,3,96,36374581,36374489,5.51E-24,122
OTU_307,OU744355.1,90.526,95,6,2,3,96,37736849,37736757,5.51E-24,122
OTU_307,OU744355.1,90.526,95,6,2,3,96,37943880,37943788,5.51E-24,122
OTU_307,OU744355.1,90.426,94,8,1,3,96,40873193,40873285,5.51E-24,122
OTU_307,OU744355.1,90.526,95,6,2,3,96,45169532,45169440,5.51E-24,122
OTU_307,OU744355.1,90.526,95,6,2,3,96,45859950,45859858,5.51E-24,122
OTU_307,OU744355.1,90.426,94,8,1,3,96,46365767,46365675,5.51E-24,122
OTU_307,OU744355.1,90.526,95,6,2,3,96,47598642,47598550,5.51E-24,122
OTU_307,OU744355.1,90.426,94,8,1,3,96,48976164,48976256,5.51E-24,122
OTU_307,OU744355.1,90.426,94,7,1,3,96,51008052,51008143,5.51E-24,122
OTU_307,OU744355.1,90.426,94,6,2,3,96,35253669,35253759,1.98E-23,121
OTU_307,OU744355.1,89.691,97,7,2,3,96,37063768,37063864,1.98E-23,121
OTU_307,OU744355.1,90.323,93,8,1,3,95,38627538,38627447,1.98E-23,121
OTU_307,OU744355.1,90.323,93,7,1,4,96,47408108,47408198,1.98E-23,121
OTU_307,OU744355.1,90.323,93,8,1,4,96,50568453,50568544,1.98E-23,121
OTU_307,OU744355.1,89.583,96,7,2,2,96,38599780,38599687,7.13E-23,119
OTU_307,OU744355.1,89.474,95,8,2,3,96,39564893,39564800,7.13E-23,119
OTU_307,OU744355.1,89.362,94,10,0,3,96,45402505,45402412,7.13E-23,119
OTU_307,OU744355.1,90.323,93,6,2,3,95,46003693,46003782,7.13E-23,119
OTU_307,OU744355.1,89.474,95,7,2,3,96,9616064,9615972,2.57E-22,117
OTU_307,OU744355.1,89.474,95,7,2,3,96,17653081,17652989,2.57E-22,117
OTU_307,OU744355.1,89.474,95,7,2,3,96,36278139,36278047,2.57E-22,117
OTU_307,OU744355.1,89.474,95,7,2,3,96,37765494,37765586,2.57E-22,117
OTU_307,OU744355.1,92.593,81,6,0,3,83,40250674,40250594,2.57E-22,117
OTU_307,OU744355.1,89.362,94,8,1,3,96,45438456,45438547,2.57E-22,117
OTU_307,OU744355.1,89.474,95,7,2,3,96,46681058,46681150,2.57E-22,117
OTU_307,OU744355.1,89.474,95,7,2,3,96,48593516,48593608,2.57E-22,117
OTU_307,OU744355.1,89.474,95,7,2,3,96,49193786,49193694,2.57E-22,117
OTU_307,OU744355.1,89.474,95,7,2,3,96,49864266,49864174,2.57E-22,117
OTU_307,OU744355.1,89.362,94,8,1,3,96,50349748,50349839,2.57E-22,117
OTU_307,OU744355.1,89.474,95,7,2,3,96,50876278,50876370,2.57E-22,117
OTU_307,OU744355.1,89.362,94,7,2,3,96,36407713,36407623,9.23E-22,115
OTU_307,OU744355.1,89.13,92,9,1,3,94,35319707,35319797,3.32E-21,113
OTU_307,OU744355.1,88.542,96,7,3,3,96,36685865,36685958,3.32E-21,113
OTU_307,OU744355.1,90,90,6,2,8,96,47351007,47351094,3.32E-21,113
OTU_307,OU744355.1,88.542,96,7,2,3,96,49232096,49232189,3.32E-21,113
OTU_307,OU744355.1,88.421,95,8,2,3,96,38879160,38879252,1.19E-20,111
OTU_307,OU744355.1,88.421,95,8,2,3,96,47766346,47766254,1.19E-20,111
OTU_307,OU744355.1,88.421,95,8,2,3,96,50933784,50933692,1.19E-20,111
OTU_307,OU744355.1,87.368,95,9,2,3,96,36210742,36210650,5.55E-19,106
OTU_307,OU744355.1,87.368,95,9,2,3,96,44704091,44703999,5.55E-19,106
OTU_307,OU744355.1,87.368,95,9,2,3,96,47074127,47074035,5.55E-19,106
OTU_307,OU744355.1,87.368,95,9,2,3,96,48029091,48029183,5.55E-19,106
OTU_307,OU744355.1,87.368,95,9,2,3,96,49713196,49713104,5.55E-19,106
OTU_307,OU744355.1,86.957,92,10,1,3,94,47704649,47704560,7.18E-18,102
OTU_307,OU744355.1,86.316,95,9,2,3,95,38309341,38309249,2.58E-17,100
OTU_307,OU744355.1,86.316,95,10,2,3,96,50606340,50606432,2.58E-17,100
OTU_307,OU744355.1,85.263,95,11,2,3,96,48101268,48101360,1.20E-15,95.3
OTU_307,OU744355.1,100,32,0,0,3,34,50675164,50675133,4.39E-05,60.2
OTU_307,OW121699.1,92.553,94,7,0,3,96,15791971,15792064,7.08E-28,135
OTU_307,OW121699.1,91.579,95,8,0,2,96,1479787,1479881,9.16E-27,132
OTU_307,OW121699.1,91.489,94,7,1,3,96,51599011,51598919,1.19E-25,128
OTU_307,OW121699.1,90.426,94,9,0,3,96,13069723,13069630,1.53E-24,124
OTU_307,OW121699.1,90.426,94,9,0,3,96,37508176,37508269,1.53E-24,124
OTU_307,OW121699.1,90.426,94,9,0,3,96,52675604,52675697,1.53E-24,124
OTU_307,OW121699.1,89.474,95,9,1,3,96,53532420,53532326,7.13E-23,119
OTU_307,OW121699.1,88.298,94,11,0,3,96,37688369,37688276,3.32E-21,113
OTU_307,OU744364.1,92.553,94,7,0,3,96,1600383,1600290,7.08E-28,135
OTU_307,OU744364.1,92.553,94,7,0,3,96,2041552,2041645,7.08E-28,135
OTU_307,OU744364.1,92.553,94,7,0,3,96,8784212,8784119,7.08E-28,135
OTU_307,OU744364.1,92.553,94,6,1,3,96,4250634,4250542,2.55E-27,134
OTU_307,OU744364.1,92.553,94,6,1,3,96,11129599,11129691,2.55E-27,134
OTU_307,OU744364.1,91.489,94,8,0,3,96,2644886,2644793,3.30E-26,130
OTU_307,OU744364.1,91.489,94,8,0,3,96,4487258,4487165,3.30E-26,130
OTU_307,OU744364.1,91.489,94,7,1,3,96,4822522,4822614,1.19E-25,128
OTU_307,OU744364.1,92.222,90,7,0,3,92,12358699,12358788,1.19E-25,128
OTU_307,OU744364.1,90.526,95,7,2,3,96,1886295,1886202,1.53E-24,124
OTU_307,OU744364.1,92.045,88,7,0,3,90,3882474,3882387,1.53E-24,124
OTU_307,OU744364.1,90.426,94,9,0,3,96,6376959,6376866,1.53E-24,124
OTU_307,OU744364.1,90.426,94,9,0,3,96,8622642,8622549,1.53E-24,124
OTU_307,OU744364.1,90.426,94,7,2,3,96,1255769,1255678,5.51E-24,122
OTU_307,OU744364.1,90.526,95,6,2,3,96,1873621,1873529,5.51E-24,122
OTU_307,OU744364.1,90.526,95,6,2,3,96,2671501,2671409,5.51E-24,122
OTU_307,OU744364.1,90.426,94,7,2,3,96,3230504,3230413,5.51E-24,122
OTU_307,OU744364.1,90.426,94,8,1,3,96,4944381,4944289,5.51E-24,122
OTU_307,OU744364.1,90.426,94,8,1,3,96,7079178,7079086,5.51E-24,122
OTU_307,OU744364.1,90.426,94,8,1,3,96,10724835,10724743,5.51E-24,122
OTU_307,OU744364.1,90.526,95,6,2,3,96,11821927,11822019,5.51E-24,122
OTU_307,OU744364.1,89.474,95,7,2,3,96,1593037,1593129,2.57E-22,117
OTU_307,OU744364.1,89.474,95,7,2,3,96,1841308,1841400,2.57E-22,117
OTU_307,OU744364.1,89.362,94,8,2,5,96,2968699,2968792,2.57E-22,117
OTU_307,OU744364.1,89.474,95,7,2,3,96,4720909,4720817,2.57E-22,117
OTU_307,OU744364.1,88.542,96,9,1,3,96,3587442,3587347,9.23E-22,115
OTU_307,OU744364.1,88.542,96,7,2,3,96,3936869,3936962,3.32E-21,113
OTU_307,OU744364.1,89.13,92,8,1,3,94,11634101,11634012,3.32E-21,113
OTU_307,OU744364.1,88.421,95,8,2,3,96,1652011,1651919,1.19E-20,111
OTU_307,OU744364.1,88.421,95,8,2,3,96,2665055,2664963,1.19E-20,111
OTU_307,OU744364.1,88.421,95,8,2,3,96,3499920,3499828,1.19E-20,111
OTU_307,OU744364.1,88.421,95,8,2,3,96,3731334,3731242,1.19E-20,111
OTU_307,OU744364.1,88.421,95,8,2,3,96,7285754,7285662,1.19E-20,111
OTU_307,OU744364.1,87.368,95,9,2,3,96,1511098,1511006,5.55E-19,106
OTU_307,OU744364.1,87.097,93,6,4,3,95,3327365,3327279,2.58E-17,100
OTU_307,OU744364.1,88.889,81,6,3,3,80,915320,915240,3.34E-16,97.1
OTU_307,OU744364.1,85.263,95,11,2,3,96,1508575,1508667,1.20E-15,95.3
OTU_307,OU744364.1,91.228,57,2,2,3,58,2988062,2988116,1.57E-09,75
OTU_307,OU744364.1,89.655,58,6,0,3,60,5124087,5124030,1.57E-09,75
OTU_307,OU744363.1,92.553,94,7,0,3,96,5844073,5843980,7.08E-28,135
OTU_307,OU744363.1,92.553,94,6,1,3,96,3746610,3746702,2.55E-27,134
OTU_307,OU744363.1,92.553,94,6,1,3,96,4383857,4383765,2.55E-27,134
OTU_307,OU744363.1,92.553,94,6,1,3,96,5859973,5860065,2.55E-27,134
OTU_307,OU744363.1,92.553,94,6,1,3,96,9410662,9410754,2.55E-27,134
OTU_307,OU744363.1,92.553,94,6,1,3,96,10251783,10251691,2.55E-27,134
OTU_307,OU744363.1,91.489,94,8,0,3,96,2947304,2947211,3.30E-26,130
OTU_307,OU744363.1,91.489,94,8,0,3,96,7223117,7223210,3.30E-26,130
OTU_307,OU744363.1,91.489,94,6,1,3,96,7007090,7006999,1.19E-25,128
OTU_307,OU744363.1,91.489,94,7,1,3,96,9208140,9208232,1.19E-25,128
OTU_307,OU744363.1,90.625,96,7,2,3,96,1685333,1685238,4.26E-25,126
OTU_307,OU744363.1,90.625,96,6,2,2,96,1839975,1839882,1.53E-24,124
OTU_307,OU744363.1,90.426,94,9,0,3,96,6237692,6237599,1.53E-24,124
OTU_307,OU744363.1,90.526,95,6,2,3,96,2778595,2778687,5.51E-24,122
OTU_307,OU744363.1,90.526,95,6,2,3,96,3851699,3851607,5.51E-24,122
OTU_307,OU744363.1,90.526,95,6,2,3,96,5818055,5818147,5.51E-24,122
OTU_307,OU744363.1,90.426,94,7,2,3,96,6414826,6414917,5.51E-24,122
OTU_307,OU744363.1,90.526,95,6,2,3,96,9733806,9733714,5.51E-24,122
OTU_307,OU744363.1,89.583,96,8,2,2,96,2241563,2241469,1.98E-23,121
OTU_307,OU744363.1,89.474,95,7,2,3,96,2558437,2558345,2.57E-22,117
OTU_307,OU744363.1,89.474,95,7,2,3,96,7022341,7022249,2.57E-22,117
OTU_307,OU744363.1,89.362,94,8,2,3,96,12054779,12054688,2.57E-22,117
OTU_307,OU744363.1,90.11,91,5,3,3,92,6804638,6804551,9.23E-22,115
OTU_307,OU744363.1,88.542,96,7,2,3,96,2661346,2661439,3.32E-21,113
OTU_307,OU744363.1,88.421,95,8,2,3,96,714226,714134,1.19E-20,111
OTU_307,OU744363.1,88.421,95,8,2,3,96,2415076,2415168,1.19E-20,111
OTU_307,OU744363.1,88.421,95,8,2,3,96,3515040,3515132,1.19E-20,111
OTU_307,OU744363.1,88.421,95,8,2,3,96,6362248,6362156,1.19E-20,111
OTU_307,OU744363.1,88.421,95,8,2,3,96,7290688,7290780,1.19E-20,111
OTU_307,OU744363.1,88.421,95,8,2,3,96,8201050,8200958,1.19E-20,111
OTU_307,OU744363.1,89.231,65,6,1,3,67,1579425,1579362,3.37E-11,80.5
OTU_307,OU744363.1,100,35,0,0,3,37,3445783,3445749,9.43E-07,65.8
OTU_307,OU744362.1,92.553,94,7,0,3,96,17390808,17390715,7.08E-28,135
OTU_307,OU744362.1,92.553,94,7,0,3,96,21982082,21981989,7.08E-28,135
OTU_307,OU744362.1,92.553,94,6,1,3,96,20320145,20320053,2.55E-27,134
OTU_307,OU744362.1,92.553,94,6,1,3,96,22754880,22754972,2.55E-27,134
OTU_307,OU744362.1,91.579,95,6,2,3,96,22350445,22350352,3.30E-26,130
OTU_307,OU744362.1,91.489,94,7,1,3,96,20513822,20513914,1.19E-25,128
OTU_307,OU744362.1,91.489,94,7,1,3,96,20528423,20528331,1.19E-25,128
OTU_307,OU744362.1,91.489,94,7,1,3,96,22686361,22686269,1.19E-25,128
OTU_307,OU744362.1,91.489,94,7,1,3,96,22689699,22689607,1.19E-25,128
OTU_307,OU744362.1,90.625,96,7,2,3,96,18559612,18559707,4.26E-25,126
OTU_307,OU744362.1,90.625,96,6,2,2,96,20562531,20562624,1.53E-24,124
OTU_307,OU744362.1,90.426,94,9,0,3,96,20759274,20759181,1.53E-24,124
OTU_307,OU744362.1,90.526,95,8,1,3,96,23032154,23032248,1.53E-24,124
OTU_307,OU744362.1,90.526,95,6,2,3,96,19845643,19845735,5.51E-24,122
OTU_307,OU744362.1,90.526,95,6,2,3,96,20300442,20300534,5.51E-24,122
OTU_307,OU744362.1,90.526,95,6,2,3,96,20747572,20747664,5.51E-24,122
OTU_307,OU744362.1,90.426,94,8,1,3,95,22588261,22588168,5.51E-24,122
OTU_307,OU744362.1,89.796,98,4,3,3,96,21655527,21655622,1.98E-23,121
OTU_307,OU744362.1,90.323,93,6,2,4,96,22642614,22642703,7.13E-23,119
OTU_307,OU744362.1,89.474,95,7,2,3,96,12068746,12068838,2.57E-22,117
OTU_307,OU744362.1,89.474,95,7,2,3,96,17734018,17733926,2.57E-22,117
OTU_307,OU744362.1,88.776,98,8,1,2,96,18357406,18357503,2.57E-22,117
OTU_307,OU744362.1,89.474,95,7,2,3,96,20421106,20421198,2.57E-22,117
OTU_307,OU744362.1,89.474,95,7,2,3,96,23525658,23525750,2.57E-22,117
OTU_307,OU744362.1,89.362,94,7,2,4,96,16198843,16198934,9.23E-22,115
OTU_307,OU744362.1,89.474,95,5,5,3,96,18474614,18474704,9.23E-22,115
OTU_307,OU744362.1,88.66,97,8,2,3,96,18781212,18781308,9.23E-22,115
OTU_307,OU744362.1,89.362,94,6,2,3,94,21625198,21625289,9.23E-22,115
OTU_307,OU744362.1,88.542,96,8,2,2,96,17465439,17465532,3.32E-21,113
OTU_307,OU744362.1,88.298,94,11,0,3,96,18095401,18095494,3.32E-21,113
OTU_307,OU744362.1,88.542,96,7,3,3,96,20236218,20236125,3.32E-21,113
OTU_307,OU744362.1,89.362,94,3,3,3,96,11861729,11861643,1.19E-20,111
OTU_307,OU744362.1,87.755,98,8,1,3,96,17917219,17917316,1.19E-20,111
OTU_307,OU744362.1,87.755,98,8,3,2,96,17947288,17947384,1.19E-20,111
OTU_307,OU744362.1,88.421,95,8,2,3,96,19195681,19195773,1.19E-20,111
OTU_307,OU744362.1,88.421,95,8,2,3,96,19795513,19795605,1.19E-20,111
OTU_307,OU744362.1,88.421,95,8,2,3,96,23278810,23278718,1.19E-20,111
OTU_307,OU744362.1,87.629,97,7,3,3,96,19296532,19296626,1.54E-19,108
OTU_307,OU744362.1,87.368,95,9,2,3,96,18221728,18221636,5.55E-19,106
OTU_307,OU744362.1,87.368,95,9,2,3,96,18558261,18558353,5.55E-19,106
OTU_307,OU744362.1,90.667,75,7,0,3,77,17957798,17957872,2.58E-17,100
OTU_307,OU744362.1,86.316,95,7,3,3,96,18101310,18101399,9.29E-17,99
OTU_307,OU744362.1,84.375,96,12,2,3,96,18725411,18725505,1.56E-14,91.6
OTU_307,OU744362.1,82.524,103,9,1,3,96,18761881,18761983,9.36E-12,82.4
OTU_307,OU744362.1,86.667,75,7,1,3,74,18192238,18192312,3.37E-11,80.5
OTU_307,OU744362.1,100,30,0,0,3,32,18738561,18738590,5.67E-04,56.5
OTU_307,OU744362.1,100,28,0,0,3,30,23694198,23694171,0.007,52.8
OTU_317,LR824631.2,100,29,0,0,47,75,2129301,2129273,0.002,54.7
OTU_317,OX424421.1,100,28,0,0,48,75,24651088,24651115,0.007,52.8
OTU_328,OU830597.1,100,30,0,0,44,73,45472511,45472482,4.67E-04,56.5
OTU_328,OX485827.1,100,28,0,0,52,79,79094644,79094671,0.006,52.8
OTU_328,OX449118.1,100,28,0,0,52,79,61225936,61225909,0.006,52.8
OTU_328,XM_009030281.1,100,28,0,0,52,79,856,829,0.006,52.8
OTU_328,OU795004.1,100,28,0,0,52,79,8855831,8855804,0.006,52.8
OTU_343,OX421408.1,100,82,0,0,1,82,28949525,28949444,5.56E-33,152
OTU_343,OX421408.1,98.78,82,1,0,1,82,29067582,29067663,2.59E-31,147
OTU_343,OX421408.1,96.104,77,3,0,1,77,24643465,24643389,3.37E-25,126
OTU_343,OX421408.1,98.571,70,1,0,13,82,24605762,24605693,1.21E-24,124
OTU_343,OX421408.1,100,50,0,0,1,50,4590413,4590462,3.42E-15,93.5
OTU_343,OY757318.1,98.78,82,1,0,1,82,19900974,19900893,2.59E-31,147
OTU_343,OY757318.1,98.78,82,1,0,1,82,43233730,43233649,2.59E-31,147
OTU_343,OY757318.1,98.78,82,1,0,1,82,58446540,58446459,2.59E-31,147
OTU_343,OY757318.1,98.78,82,1,0,1,82,62429988,62429907,2.59E-31,147
OTU_343,OY757318.1,98.78,82,1,0,1,82,86087418,86087499,2.59E-31,147
OTU_343,OY757318.1,97.561,82,2,0,1,82,59635122,59635203,1.20E-29,141
OTU_343,OY757318.1,96.341,82,3,0,1,82,44638743,44638662,5.60E-28,135
OTU_343,OY757318.1,97.143,70,2,0,13,82,78153134,78153065,5.64E-23,119
OTU_343,OY757318.1,94.203,69,4,0,14,82,23558734,23558802,4.39E-19,106
OTU_343,OY757318.1,94.34,53,3,0,30,82,46162559,46162611,7.40E-12,82.4
OTU_343,OY757242.1,98.78,82,1,0,1,82,20126692,20126773,2.59E-31,147
OTU_343,OY757242.1,98.78,82,1,0,1,82,20139945,20140026,2.59E-31,147
OTU_343,OY757242.1,98.78,82,1,0,1,82,20153129,20153210,2.59E-31,147
OTU_343,OY757242.1,98.78,82,1,0,1,82,20173825,20173906,2.59E-31,147
OTU_343,OY757242.1,98.78,82,1,0,1,82,20187009,20187090,2.59E-31,147
OTU_343,OY757242.1,98.78,82,1,0,1,82,20194311,20194392,2.59E-31,147
OTU_343,OY757242.1,98.78,82,1,0,1,82,20207611,20207692,2.59E-31,147
OTU_343,OY757242.1,98.78,82,1,0,1,82,20220925,20221006,2.59E-31,147
OTU_343,OY757242.1,98.78,82,1,0,1,82,20234240,20234321,2.59E-31,147
OTU_343,OY757242.1,97.561,82,2,0,1,82,20120779,20120860,1.20E-29,141
OTU_343,OY757242.1,98.413,63,1,0,1,63,19263221,19263159,9.43E-21,111
OTU_343,OY754937.1,98.78,82,1,0,1,82,1550554,1550473,2.59E-31,147
OTU_343,OY755088.1,98.78,82,1,0,1,82,8682241,8682160,2.59E-31,147
OTU_343,OY755088.1,98.78,82,1,0,1,82,8721286,8721205,2.59E-31,147
OTU_343,OY755088.1,98.78,82,1,0,1,82,8746711,8746630,2.59E-31,147
OTU_343,OY755088.1,98.78,82,1,0,1,82,8766922,8766841,2.59E-31,147
OTU_343,OY755088.1,98.78,82,1,0,1,82,8787187,8787106,2.59E-31,147
OTU_343,OY755088.1,98.78,82,1,0,1,82,8811148,8811067,2.59E-31,147
OTU_343,OY755088.1,98.78,82,1,0,1,82,8833742,8833823,2.59E-31,147
OTU_343,OY755088.1,98.78,82,1,0,1,82,8854185,8854266,2.59E-31,147
OTU_343,OY755088.1,98.78,82,1,0,1,82,8864310,8864391,2.59E-31,147
OTU_343,OY755088.1,98.78,82,1,0,1,82,8884569,8884650,2.59E-31,147
OTU_343,OY755088.1,98.78,82,1,0,1,82,8895667,8895586,2.59E-31,147
OTU_343,OY755088.1,98.78,82,1,0,1,82,8916105,8916024,2.59E-31,147
OTU_343,OY755088.1,98.78,82,1,0,1,82,8934025,8934106,2.59E-31,147
OTU_343,OY755088.1,98.78,82,1,0,1,82,8958755,8958674,2.59E-31,147
OTU_343,OY755088.1,98.78,82,1,0,1,82,8979194,8979113,2.59E-31,147
OTU_343,OY755088.1,98.78,82,1,0,1,82,9003801,9003720,2.59E-31,147
OTU_343,OY755088.1,98.78,82,1,0,1,82,9029820,9029739,2.59E-31,147
OTU_343,OY755088.1,98.78,82,1,0,1,82,9062952,9062871,2.59E-31,147
OTU_343,OY755088.1,98.78,82,1,0,1,82,9150810,9150729,2.59E-31,147
OTU_343,OY755088.1,98.78,82,1,0,1,82,9176834,9176753,2.59E-31,147
OTU_343,OY755088.1,98.78,82,1,0,1,82,9224106,9224025,2.59E-31,147
OTU_343,OY755088.1,98.78,82,1,0,1,82,9249458,9249377,2.59E-31,147
OTU_343,OY755088.1,98.78,82,1,0,1,82,9333490,9333409,2.59E-31,147
OTU_343,OY755088.1,98.78,82,1,0,1,82,9358382,9358301,2.59E-31,147
OTU_343,OY755088.1,98.78,82,1,0,1,82,9426254,9426173,2.59E-31,147
OTU_343,OY755088.1,98.78,82,1,0,1,82,9460036,9459955,2.59E-31,147
OTU_343,OY755088.1,98.78,82,1,0,1,82,9480473,9480392,2.59E-31,147
OTU_343,OY755088.1,98.78,82,1,0,1,82,9506515,9506434,2.59E-31,147
OTU_343,OY755088.1,98.78,82,1,0,1,82,9526945,9526864,2.59E-31,147
OTU_343,OY755088.1,98.78,82,1,0,1,82,9576971,9576890,2.59E-31,147
OTU_343,OY755088.1,98.78,82,1,0,1,82,9602917,9602836,2.59E-31,147
OTU_343,OY755088.1,98.78,82,1,0,1,82,9674320,9674239,2.59E-31,147
OTU_343,OY755088.1,98.78,82,1,0,1,82,9726867,9726786,2.59E-31,147
OTU_343,OY755088.1,98.78,82,1,0,1,82,9977036,9976955,2.59E-31,147
OTU_343,OY755088.1,98.78,82,1,0,1,82,10082760,10082679,2.59E-31,147
OTU_343,OY755088.1,98.78,82,1,0,1,82,12608631,12608712,2.59E-31,147
OTU_343,OY755088.1,98.78,82,1,0,1,82,17807541,17807460,2.59E-31,147
OTU_343,OY755088.1,98.78,82,1,0,1,82,17823875,17823794,2.59E-31,147
OTU_343,OY755088.1,98.387,62,1,0,1,62,9556098,9556037,3.39E-20,110
OTU_343,OY755045.1,98.78,82,1,0,1,82,73560349,73560430,2.59E-31,147
OTU_343,OY755045.1,98.78,82,1,0,1,82,73581236,73581317,2.59E-31,147
OTU_343,OY755045.1,98.78,82,1,0,1,82,73603359,73603440,2.59E-31,147
OTU_343,OY755045.1,98.78,82,1,0,1,82,73623367,73623448,2.59E-31,147
OTU_343,OY755045.1,98.78,82,1,0,1,82,73669968,73670049,2.59E-31,147
OTU_343,OY755045.1,98.78,82,1,0,1,82,73747075,73746994,2.59E-31,147
OTU_343,OY755045.1,98.78,82,1,0,1,82,73790538,73790457,2.59E-31,147
OTU_343,OY755045.1,98.78,82,1,0,1,82,73806281,73806200,2.59E-31,147
OTU_343,OY755045.1,98.78,82,1,0,1,82,73853410,73853329,2.59E-31,147
OTU_343,XR_009619511.1,98.78,82,1,0,1,82,3341,3422,2.59E-31,147
OTU_343,XR_009618952.1,98.78,82,1,0,1,82,3341,3422,2.59E-31,147
OTU_343,XR_009618621.1,98.78,82,1,0,1,82,3339,3420,2.59E-31,147
OTU_343,XR_009618440.1,98.78,82,1,0,1,82,3340,3421,2.59E-31,147
OTU_353,NM_001195073.3,97.872,94,2,0,1,94,1111,1204,3.14E-36,163
OTU_353,NG_027492.2,91.579,95,6,2,1,94,624,717,3.19E-26,130
OTU_353,NM_001195058.2,87.234,94,12,0,1,94,1143,1236,1.49E-19,108
OTU_353,NG_027509.3,86.957,92,11,1,3,94,1235,1325,6.95E-18,102
OTU_374,OR397962.1,97.872,94,2,0,1,94,2263,2356,3.14E-36,163
OTU_374,OR397961.1,97.872,94,2,0,1,94,2263,2356,3.14E-36,163
OTU_374,OR360233.1,97.872,94,2,0,1,94,301,394,3.14E-36,163
OTU_374,OR360223.1,97.872,94,2,0,1,94,301,394,3.14E-36,163
OTU_374,OR360216.1,97.872,94,2,0,1,94,301,394,3.14E-36,163
OTU_374,OR360215.1,97.872,94,2,0,1,94,301,394,3.14E-36,163
OTU_374,OR360178.1,97.872,94,2,0,1,94,301,394,3.14E-36,163
OTU_374,OR260477.1,97.872,94,2,0,1,94,2263,2356,3.14E-36,163
OTU_374,OR260476.1,97.872,94,2,0,1,94,2263,2356,3.14E-36,163
OTU_374,OR255999.1,97.872,94,2,0,1,94,2262,2355,3.14E-36,163
OTU_383,OX387271.1,100,28,0,0,73,100,6443009,6442982,0.008,52.8
OTU_392,XM_023046776.1,92.683,82,6,0,1,82,295,376,6.21E-23,119
OTU_403,MW703460.1,98.925,93,0,1,1,92,243,335,8.45E-37,165
OTU_403,MW703459.1,98.925,93,0,1,1,92,243,335,8.45E-37,165
OTU_403,OP575307.1,98.925,93,0,1,1,92,2702,2794,8.45E-37,165
OTU_403,OL628830.1,98.925,93,0,1,1,92,2260,2352,8.45E-37,165
OTU_403,MZ061601.1,98.925,93,0,1,1,92,321,413,8.45E-37,165
OTU_403,MZ061600.1,98.925,93,0,1,1,92,321,413,8.45E-37,165
OTU_403,MZ061599.1,98.925,93,0,1,1,92,321,413,8.45E-37,165
OTU_403,MZ061598.1,98.925,93,0,1,1,92,321,413,8.45E-37,165
OTU_403,MZ061595.1,98.925,93,0,1,1,92,321,413,8.45E-37,165
OTU_403,MZ061594.1,98.925,93,0,1,1,92,321,413,8.45E-37,165
OTU_412,OX638390.1,88.462,52,4,2,25,75,12961167,12961217,1.30E-05,62.1
OTU_432,MN192057.1,98.936,94,0,1,1,93,773,866,2.39E-37,167
OTU_432,MH444415.1,98.936,94,0,1,1,93,2828,2921,2.39E-37,167
OTU_432,MH444414.1,98.936,94,0,1,1,93,2827,2920,2.39E-37,167
OTU_432,MH444413.1,98.936,94,0,1,1,93,2827,2920,2.39E-37,167
OTU_432,MH444412.1,98.936,94,0,1,1,93,2828,2921,2.39E-37,167
OTU_432,MH444411.1,98.936,94,0,1,1,93,2827,2920,2.39E-37,167
OTU_432,OP718242.1,98.936,94,0,1,1,93,2828,2921,2.39E-37,167
OTU_432,OP004735.1,98.936,94,0,1,1,93,2828,2921,2.39E-37,167
OTU_432,MT506242.1,98.936,94,0,1,1,93,2829,2922,2.39E-37,167
OTU_432,MH894759.1,100,87,0,0,7,93,2751,2837,1.11E-35,161
OTU_439,OR397962.1,98.925,93,1,0,2,94,2264,2356,2.43E-37,167
OTU_439,OR397961.1,98.925,93,1,0,2,94,2264,2356,2.43E-37,167
OTU_439,OR360233.1,98.925,93,1,0,2,94,302,394,2.43E-37,167
OTU_439,OR360223.1,98.925,93,1,0,2,94,302,394,2.43E-37,167
OTU_439,OR360216.1,98.925,93,1,0,2,94,302,394,2.43E-37,167
OTU_439,OR360215.1,98.925,93,1,0,2,94,302,394,2.43E-37,167
OTU_439,OR360178.1,98.925,93,1,0,2,94,302,394,2.43E-37,167
OTU_439,OR260477.1,98.925,93,1,0,2,94,2264,2356,2.43E-37,167
OTU_439,OR260476.1,98.925,93,1,0,2,94,2264,2356,2.43E-37,167
OTU_439,OR255999.1,98.925,93,1,0,2,94,2263,2355,2.43E-37,167
OTU_442,OC914826.1,93.269,104,7,0,1,104,341448,341345,2.21E-33,154
OTU_445,OX638390.1,87.755,49,2,4,25,71,12961167,12961213,0.002,54.7
OTU_451,OQ731981.1,98.925,93,1,0,1,93,2828,2920,2.43E-37,167
OTU_451,OQ731953.1,98.925,93,1,0,1,93,2828,2920,2.43E-37,167
OTU_451,OP718247.1,98.925,93,1,0,1,93,2826,2918,2.43E-37,167
OTU_451,OP718244.1,98.925,93,1,0,1,93,2826,2918,2.43E-37,167
OTU_451,OP004731.1,98.925,93,1,0,1,93,2828,2920,2.43E-37,167
OTU_451,ON155590.1,98.925,93,1,0,1,93,2828,2920,2.43E-37,167
OTU_451,ON155583.1,98.925,93,1,0,1,93,2828,2920,2.43E-37,167
OTU_451,ON155578.1,98.925,93,1,0,1,93,2828,2920,2.43E-37,167
OTU_451,ON155576.1,98.925,93,1,0,1,93,2828,2920,2.43E-37,167
OTU_451,ON155574.1,98.925,93,1,0,1,93,2828,2920,2.43E-37,167
OTU_455,OR397962.1,97.872,94,2,0,1,94,2263,2356,3.14E-36,163
OTU_455,OR397961.1,97.872,94,2,0,1,94,2263,2356,3.14E-36,163
OTU_455,OR360233.1,97.872,94,2,0,1,94,301,394,3.14E-36,163
OTU_455,OR360223.1,97.872,94,2,0,1,94,301,394,3.14E-36,163
OTU_455,OR360216.1,97.872,94,2,0,1,94,301,394,3.14E-36,163
OTU_455,OR360215.1,97.872,94,2,0,1,94,301,394,3.14E-36,163
OTU_455,OR360178.1,97.872,94,2,0,1,94,301,394,3.14E-36,163
OTU_455,OR260477.1,97.872,94,2,0,1,94,2263,2356,3.14E-36,163
OTU_455,OR260476.1,97.872,94,2,0,1,94,2263,2356,3.14E-36,163
OTU_455,OR255999.1,97.872,94,2,0,1,94,2262,2355,3.14E-36,163
OTU_467,OR397962.1,97.872,94,2,0,1,94,2263,2356,3.14E-36,163
OTU_467,OR397961.1,97.872,94,2,0,1,94,2263,2356,3.14E-36,163
OTU_467,OR360233.1,97.872,94,2,0,1,94,301,394,3.14E-36,163
OTU_467,OR360223.1,97.872,94,2,0,1,94,301,394,3.14E-36,163
OTU_467,OR360216.1,97.872,94,2,0,1,94,301,394,3.14E-36,163
OTU_467,OR360215.1,97.872,94,2,0,1,94,301,394,3.14E-36,163
OTU_467,OR360178.1,97.872,94,2,0,1,94,301,394,3.14E-36,163
OTU_467,OR260477.1,97.872,94,2,0,1,94,2263,2356,3.14E-36,163
OTU_467,OR260476.1,97.872,94,2,0,1,94,2263,2356,3.14E-36,163
OTU_467,OR255999.1,97.872,94,2,0,1,94,2262,2355,3.14E-36,163
OTU_485,XM_023055382.1,97.222,36,1,0,2,37,1418,1383,1.20E-05,62.1
OTU_485,XR_002706512.1,88.235,51,6,0,2,52,3205,3155,1.20E-05,62.1
OTU_485,XR_002706511.1,88.235,51,6,0,2,52,3855,3805,1.20E-05,62.1
OTU_485,XR_002706510.1,88.235,51,6,0,2,52,3917,3867,1.20E-05,62.1
OTU_485,XR_002706509.1,88.235,51,6,0,2,52,3857,3807,1.20E-05,62.1
OTU_485,XM_023048233.1,88.235,51,6,0,2,52,3917,3867,1.20E-05,62.1
OTU_485,XM_023050717.1,87.755,49,6,0,4,52,420,372,1.55E-04,58.4
OTU_485,XM_023050716.1,87.755,49,6,0,4,52,420,372,1.55E-04,58.4
OTU_486,OY720315.1,92.683,41,3,0,17,57,7327252,7327292,4.67E-05,60.2
OTU_486,OY288209.1,100,28,0,0,57,84,9337343,9337316,0.008,52.8
OTU_491,AY131544.1,93.75,80,5,0,4,83,301,380,1.60E-23,121
OTU_497,OR397962.1,97.872,94,2,0,1,94,2263,2356,3.14E-36,163
OTU_497,OR397961.1,97.872,94,2,0,1,94,2263,2356,3.14E-36,163
OTU_497,OR360233.1,97.872,94,2,0,1,94,301,394,3.14E-36,163
OTU_497,OR360223.1,97.872,94,2,0,1,94,301,394,3.14E-36,163
OTU_497,OR360216.1,97.872,94,2,0,1,94,301,394,3.14E-36,163
OTU_497,OR360215.1,97.872,94,2,0,1,94,301,394,3.14E-36,163
OTU_497,OR360178.1,97.872,94,2,0,1,94,301,394,3.14E-36,163
OTU_497,OR260477.1,97.872,94,2,0,1,94,2263,2356,3.14E-36,163
OTU_497,OR260476.1,97.872,94,2,0,1,94,2263,2356,3.14E-36,163
OTU_497,OR255999.1,97.872,94,2,0,1,94,2262,2355,3.14E-36,163
OTU_513,KY824825.1,98.901,91,1,0,3,93,2831,2921,3.09E-36,163
OTU_513,OR643892.1,97.872,94,1,1,1,93,2828,2921,1.11E-35,161
OTU_513,OR643891.1,97.872,94,1,1,1,93,2824,2917,1.11E-35,161
OTU_513,OR652292.1,97.872,94,1,1,1,93,2830,2923,1.11E-35,161
OTU_513,OR621378.1,97.872,94,1,1,1,93,2832,2925,1.11E-35,161
OTU_513,OR567879.1,97.872,94,1,1,1,93,2827,2920,1.11E-35,161
OTU_513,OR557276.1,97.872,94,1,1,1,93,2830,2923,1.11E-35,161
OTU_513,OR495985.1,97.872,94,1,1,1,93,2828,2921,1.11E-35,161
OTU_513,OR494553.1,97.872,94,1,1,1,93,2828,2921,1.11E-35,161
OTU_513,OR468127.1,97.872,94,1,1,1,93,2829,2922,1.11E-35,161
OTU_525,MF893969.1,98.901,91,1,0,1,91,2246,2336,3.09E-36,163
OTU_525,MF893967.1,98.901,91,1,0,1,91,2246,2336,3.09E-36,163
OTU_525,MF893966.1,98.901,91,1,0,1,91,2246,2336,3.09E-36,163
OTU_525,MF893965.1,98.901,91,1,0,1,91,2246,2336,3.09E-36,163
OTU_525,MF893964.1,98.901,91,1,0,1,91,2246,2336,3.09E-36,163
OTU_525,MF893963.1,98.901,91,1,0,1,91,2246,2336,3.09E-36,163
OTU_525,MT300207.1,98.901,91,1,0,1,91,2232,2322,3.09E-36,163
OTU_525,MT300205.1,98.901,91,1,0,1,91,2245,2335,3.09E-36,163
OTU_525,MT300204.1,98.901,91,1,0,1,91,2245,2335,3.09E-36,163
OTU_525,MT300203.1,98.901,91,1,0,1,91,2241,2331,3.09E-36,163
OTU_528,OY725353.1,90,40,4,0,46,85,13896198,13896159,0.006,52.8
OTU_528,OY725350.1,100,28,0,0,46,73,8766667,8766694,0.006,52.8
OTU_528,OY725348.1,90,40,4,0,46,85,17780019,17779980,0.006,52.8
OTU_528,OY725348.1,100,28,0,0,46,73,19501025,19501052,0.006,52.8
OTU_528,OY725346.1,91.892,37,3,0,46,82,5933778,5933742,0.006,52.8
OTU_528,OY725345.1,100,28,0,0,46,73,27842248,27842275,0.006,52.8
OTU_528,OY725344.1,100,28,0,0,46,73,3990095,3990122,0.006,52.8
OTU_528,OY725343.1,100,28,0,0,46,73,13021443,13021470,0.006,52.8
OTU_528,OY725342.1,100,28,0,0,46,73,12107219,12107192,0.006,52.8
OTU_528,OY725340.1,100,28,0,0,46,73,20938081,20938108,0.006,52.8
OTU_528,OY725337.1,100,28,0,0,46,73,29172417,29172390,0.006,52.8
OTU_531,OX453257.1,100,29,0,0,39,67,1779031,1779059,0.002,54.7
OTU_575,OR643892.1,98.889,90,1,0,2,91,2829,2918,1.13E-35,161
OTU_575,OR643891.1,98.889,90,1,0,2,91,2825,2914,1.13E-35,161
OTU_575,OR652292.1,98.889,90,1,0,2,91,2831,2920,1.13E-35,161
OTU_575,OR621378.1,98.889,90,1,0,2,91,2833,2922,1.13E-35,161
OTU_575,OR567879.1,98.889,90,1,0,2,91,2828,2917,1.13E-35,161
OTU_575,OR557276.1,98.889,90,1,0,2,91,2831,2920,1.13E-35,161
OTU_575,OR495985.1,98.889,90,1,0,2,91,2829,2918,1.13E-35,161
OTU_575,OR494553.1,98.889,90,1,0,2,91,2829,2918,1.13E-35,161
OTU_575,OR468127.1,98.889,90,1,0,2,91,2830,2919,1.13E-35,161
OTU_575,OR327029.1,98.889,90,1,0,2,91,2828,2917,1.13E-35,161
OTU_579,XM_023047655.1,96.104,77,3,0,4,80,1307,1231,3.23E-25,126
OTU_579,XM_023047654.1,96.104,77,3,0,4,80,1359,1283,3.23E-25,126
OTU_579,XM_023047653.1,96.104,77,3,0,4,80,1335,1259,3.23E-25,126
OTU_579,XM_023047652.1,96.104,77,3,0,4,80,1317,1241,3.23E-25,126
OTU_579,XM_023047651.1,96.104,77,3,0,4,80,1359,1283,3.23E-25,126
OTU_579,XM_023047650.1,96.104,77,3,0,4,80,1323,1247,3.23E-25,126
OTU_579,XM_023047649.1,96.104,77,3,0,4,80,1329,1253,3.23E-25,126
OTU_579,XM_023047648.1,96.104,77,3,0,4,80,1360,1284,3.23E-25,126
OTU_579,XM_023047647.1,96.104,77,3,0,4,80,1335,1259,3.23E-25,126
OTU_579,XM_023047646.1,96.104,77,3,0,4,80,1338,1262,3.23E-25,126
OTU_610,OU911090.1,97.059,34,1,0,55,88,16036507,16036540,1.40E-04,58.4
OTU_616,OR397962.1,97.872,94,2,0,1,94,2263,2356,3.14E-36,163
OTU_616,OR397961.1,97.872,94,2,0,1,94,2263,2356,3.14E-36,163
OTU_616,OR360233.1,97.872,94,2,0,1,94,301,394,3.14E-36,163
OTU_616,OR360223.1,97.872,94,2,0,1,94,301,394,3.14E-36,163
OTU_616,OR360216.1,97.872,94,2,0,1,94,301,394,3.14E-36,163
OTU_616,OR360215.1,97.872,94,2,0,1,94,301,394,3.14E-36,163
OTU_616,OR360178.1,97.872,94,2,0,1,94,301,394,3.14E-36,163
OTU_616,OR260477.1,97.872,94,2,0,1,94,2263,2356,3.14E-36,163
OTU_616,OR260476.1,97.872,94,2,0,1,94,2263,2356,3.14E-36,163
OTU_616,OR255999.1,97.872,94,2,0,1,94,2262,2355,3.14E-36,163
OTU_626,OR397962.1,100,91,0,0,1,91,2263,2353,6.65E-38,169
OTU_626,OR397961.1,100,91,0,0,1,91,2263,2353,6.65E-38,169
OTU_626,OR360233.1,100,91,0,0,1,91,301,391,6.65E-38,169
OTU_626,OR360223.1,100,91,0,0,1,91,301,391,6.65E-38,169
OTU_626,OR360216.1,100,91,0,0,1,91,301,391,6.65E-38,169
OTU_626,OR360215.1,100,91,0,0,1,91,301,391,6.65E-38,169
OTU_626,OR360178.1,100,91,0,0,1,91,301,391,6.65E-38,169
OTU_626,OR260477.1,100,91,0,0,1,91,2263,2353,6.65E-38,169
OTU_626,OR260476.1,100,91,0,0,1,91,2263,2353,6.65E-38,169
OTU_626,OR255999.1,100,91,0,0,1,91,2262,2352,6.65E-38,169
OTU_634,OR397962.1,97.872,94,2,0,1,94,2263,2356,3.14E-36,163
OTU_634,OR397961.1,97.872,94,2,0,1,94,2263,2356,3.14E-36,163
OTU_634,OR360233.1,97.872,94,2,0,1,94,301,394,3.14E-36,163
OTU_634,OR360223.1,97.872,94,2,0,1,94,301,394,3.14E-36,163
OTU_634,OR360216.1,97.872,94,2,0,1,94,301,394,3.14E-36,163
OTU_634,OR360215.1,97.872,94,2,0,1,94,301,394,3.14E-36,163
OTU_634,OR360178.1,97.872,94,2,0,1,94,301,394,3.14E-36,163
OTU_634,OR260477.1,97.872,94,2,0,1,94,2263,2356,3.14E-36,163
OTU_634,OR260476.1,97.872,94,2,0,1,94,2263,2356,3.14E-36,163
OTU_634,OR255999.1,97.872,94,2,0,1,94,2262,2355,3.14E-36,163
OTU_655,MF893989.1,98.913,92,1,0,3,94,2247,2338,8.74E-37,165
OTU_655,MF893988.1,98.913,92,1,0,3,94,2247,2338,8.74E-37,165
OTU_655,MF893987.1,98.913,92,1,0,3,94,2247,2338,8.74E-37,165
OTU_655,MF893986.1,98.913,92,1,0,3,94,2251,2342,8.74E-37,165
OTU_655,MF893985.1,98.913,92,1,0,3,94,2247,2338,8.74E-37,165
OTU_655,MF893984.1,98.913,92,1,0,3,94,2247,2338,8.74E-37,165
OTU_655,MF893983.1,98.913,92,1,0,3,94,2247,2338,8.74E-37,165
OTU_655,KM851035.1,98.913,92,1,0,3,94,2248,2339,8.74E-37,165
OTU_655,KM851022.1,98.913,92,1,0,3,94,2248,2339,8.74E-37,165
OTU_655,XR_006700350.1,98.913,92,1,0,3,94,1158,1249,8.74E-37,165
OTU_701,KJ721821.1,96.25,80,3,0,1,80,232,311,6.95E-27,132
OTU_701,AY131486.1,96.25,80,3,0,1,80,300,379,6.95E-27,132
OTU_701,KU739459.1,92.5,80,6,0,1,80,12932,12853,7.00E-22,115
OTU_701,KU739457.1,93.506,77,5,0,4,80,10314,10238,7.00E-22,115
OTU_701,AY131449.1,93.506,77,3,2,5,80,306,381,2.52E-21,113
OTU_701,EU247994.1,92.105,76,6,0,5,80,276,351,1.17E-19,108
OTU_701,KJ721836.1,91.139,79,3,3,5,80,237,314,1.51E-18,104
OTU_701,AY131583.1,90.244,82,5,2,1,80,300,380,1.51E-18,104
OTU_701,NC_082144.1,90.909,77,6,1,5,80,12944,12868,5.45E-18,102
OTU_701,KP250279.1,90.909,77,5,2,5,80,794,869,5.45E-18,102
OTU_706,OX421890.1,89.831,59,6,0,19,77,32289456,32289398,3.58E-10,76.8
OTU_719,MF944145.1,100,89,0,0,1,89,237,325,8.01E-37,165
OTU_719,KU739458.1,95.506,89,4,0,1,89,13004,12916,3.75E-30,143
OTU_719,MT908115.1,95.506,89,4,0,1,89,250,338,3.75E-30,143
OTU_719,MT903965.1,92.222,90,6,1,1,89,268,357,3.78E-25,126
OTU_719,MT913524.1,91.111,90,7,1,1,89,268,357,1.76E-23,121
OTU_719,MF944130.1,88.889,90,9,1,1,89,236,325,3.81E-20,110
OTU_719,JN581769.1,88.764,89,10,0,1,89,289,377,3.81E-20,110
OTU_719,JN581768.1,88.764,89,10,0,1,89,291,379,3.81E-20,110
OTU_719,EF187956.1,87.64,89,11,0,1,89,260,348,1.77E-18,104
OTU_719,EF187955.1,87.64,89,11,0,1,89,260,348,1.77E-18,104
OTU_754,CP125847.1,100,28,0,0,72,99,14387358,14387331,0.009,52.8
OTU_761,AC215276.3,97.802,91,2,0,1,91,143248,143338,1.39E-34,158
OTU_810,KT587454.1,97.872,94,2,0,1,94,2833,2926,3.14E-36,163
OTU_810,KT587372.1,97.872,94,2,0,1,94,2833,2926,3.14E-36,163
OTU_810,MG272710.1,97.872,94,2,0,1,94,2828,2921,3.14E-36,163
OTU_810,OM638242.1,97.872,94,2,0,1,94,2830,2923,3.14E-36,163
OTU_810,OM638241.1,97.872,94,2,0,1,94,2831,2924,3.14E-36,163
OTU_810,AY714029.1,97.872,94,2,0,1,94,2828,2921,3.14E-36,163
OTU_810,MK059700.1,97.826,92,2,0,3,94,2732,2823,4.07E-35,159
OTU_810,OR643892.1,97.826,92,2,0,3,94,2830,2921,4.07E-35,159
OTU_810,OR643891.1,97.826,92,2,0,3,94,2826,2917,4.07E-35,159
OTU_810,OR652292.1,97.826,92,2,0,3,94,2832,2923,4.07E-35,159
OTU_888,OR397962.1,97.872,94,2,0,1,94,2263,2356,3.14E-36,163
OTU_888,OR397961.1,97.872,94,2,0,1,94,2263,2356,3.14E-36,163
OTU_888,OR360233.1,97.872,94,2,0,1,94,301,394,3.14E-36,163
OTU_888,OR360223.1,97.872,94,2,0,1,94,301,394,3.14E-36,163
OTU_888,OR360216.1,97.872,94,2,0,1,94,301,394,3.14E-36,163
OTU_888,OR360215.1,97.872,94,2,0,1,94,301,394,3.14E-36,163
OTU_888,OR360178.1,97.872,94,2,0,1,94,301,394,3.14E-36,163
OTU_888,OR260477.1,97.872,94,2,0,1,94,2263,2356,3.14E-36,163
OTU_888,OR260476.1,97.872,94,2,0,1,94,2263,2356,3.14E-36,163
OTU_888,OR255999.1,97.872,94,2,0,1,94,2262,2355,3.14E-36,163
OTU_896,OR643892.1,98.889,90,1,0,2,91,2829,2918,1.13E-35,161
OTU_896,OR643891.1,98.889,90,1,0,2,91,2825,2914,1.13E-35,161
OTU_896,OR652292.1,98.889,90,1,0,2,91,2831,2920,1.13E-35,161
OTU_896,OR621378.1,98.889,90,1,0,2,91,2833,2922,1.13E-35,161
OTU_896,OR567879.1,98.889,90,1,0,2,91,2828,2917,1.13E-35,161
OTU_896,OR557276.1,98.889,90,1,0,2,91,2831,2920,1.13E-35,161
OTU_896,OR495985.1,98.889,90,1,0,2,91,2829,2918,1.13E-35,161
OTU_896,OR494553.1,98.889,90,1,0,2,91,2829,2918,1.13E-35,161
OTU_896,OR468127.1,98.889,90,1,0,2,91,2830,2919,1.13E-35,161
OTU_896,OR327029.1,98.889,90,1,0,2,91,2828,2917,1.13E-35,161
OTU_923,MF893989.1,98.876,89,1,0,1,89,2245,2333,4.07E-35,159
OTU_923,MF893988.1,98.876,89,1,0,1,89,2245,2333,4.07E-35,159
OTU_923,MF893987.1,98.876,89,1,0,1,89,2245,2333,4.07E-35,159
OTU_923,MF893986.1,98.876,89,1,0,1,89,2249,2337,4.07E-35,159
OTU_923,MF893985.1,98.876,89,1,0,1,89,2245,2333,4.07E-35,159
OTU_923,MF893984.1,98.876,89,1,0,1,89,2245,2333,4.07E-35,159
OTU_923,MF893983.1,98.876,89,1,0,1,89,2245,2333,4.07E-35,159
OTU_923,KM851035.1,98.876,89,1,0,1,89,2246,2334,4.07E-35,159
OTU_923,KM851022.1,98.876,89,1,0,1,89,2246,2334,4.07E-35,159
OTU_923,XR_006700350.1,98.876,89,1,0,1,89,1156,1244,4.07E-35,159
OTU_965,OR397962.1,97.872,94,2,0,1,94,2263,2356,3.14E-36,163
OTU_965,OR397961.1,97.872,94,2,0,1,94,2263,2356,3.14E-36,163
OTU_965,OR360233.1,97.872,94,2,0,1,94,301,394,3.14E-36,163
OTU_965,OR360223.1,97.872,94,2,0,1,94,301,394,3.14E-36,163
OTU_965,OR360216.1,97.872,94,2,0,1,94,301,394,3.14E-36,163
OTU_965,OR360215.1,97.872,94,2,0,1,94,301,394,3.14E-36,163
OTU_965,OR360178.1,97.872,94,2,0,1,94,301,394,3.14E-36,163
OTU_965,OR260477.1,97.872,94,2,0,1,94,2263,2356,3.14E-36,163
OTU_965,OR260476.1,97.872,94,2,0,1,94,2263,2356,3.14E-36,163
OTU_965,OR255999.1,97.872,94,2,0,1,94,2262,2355,3.14E-36,163
