"","qseid","sseqid","n"
"1","OTU_1","KY409250.1",1
"2","OTU_1","KY409531.1",1
"3","OTU_1","KY409601.1",1
"4","OTU_1","KY409610.1",1
"5","OTU_1","KY409687.1",1
"6","OTU_1","KY409737.1",1
"7","OTU_1","KY409740.1",1
"8","OTU_1","KY409752.1",1
"9","OTU_1","KY410169.1",1
"10","OTU_1","KY645852.1",1
"11","OTU_1","KY670924.1",1
"12","OTU_1","KY680821.1",1
"13","OTU_1","KY824827.1",1
"14","OTU_1","KY849585.1",1
"15","OTU_1","LS997776.1",1
"16","OTU_1","MF055747.1",1
"17","OTU_1","MF055832.1",1
"18","OTU_1","MF056126.1",1
"19","OTU_1","MF056399.1",1
"20","OTU_1","MF056400.1",1
"21","OTU_1","MF057480.1",1
"22","OTU_1","MF057758.1",1
"23","OTU_1","MF057918.1",1
"24","OTU_1","MF058073.1",1
"25","OTU_1","MF058188.1",1
"26","OTU_1","MF058422.1",1
"27","OTU_1","MF058561.1",1
"28","OTU_1","MF498685.1",1
"29","OTU_1","MF498701.1",1
"30","OTU_1","MF498884.1",1
"31","OTU_1","MF522942.1",1
"32","OTU_1","MG272841.1",1
"33","OTU_1","MG273121.1",1
"34","OTU_1","MG571220.1",1
"35","OTU_1","MG646242.1",1
"36","OTU_1","MG660648.1",1
"37","OTU_1","MG672488.1",1
"38","OTU_1","MG952818.1",1
"39","OTU_1","MH120450.1",1
"40","OTU_1","MH120619.1",1
"41","OTU_1","MH120756.1",1
"42","OTU_1","MH120814.1",1
"43","OTU_1","MH351262.1",1
"44","OTU_1","MH449241.1",1
"45","OTU_1","MH981655.1",1
"46","OTU_1","MK059566.1",1
"47","OTU_1","MK059638.1",1
"48","OTU_1","MK128804.1",1
"49","OTU_1","MK139589.1",1
"50","OTU_1","MK175431.1",1
"51","OTU_1","MK217938.1",1
"52","OTU_1","MK248389.1",1
"53","OTU_1","MK265715.1",1
"54","OTU_1","MK408597.1",1
"55","OTU_1","MK617272.1",1
"56","OTU_1","MN595724.2",1
"57","OTU_1","MN595843.3",1
"58","OTU_1","MN610410.1",1
"59","OTU_1","MN687201.1",1
"60","OTU_1","MN687306.1",1
"61","OTU_1","MN699954.1",1
"62","OTU_1","MN848580.1",1
"63","OTU_1","MN849648.1",1
"64","OTU_1","MT419208.1",1
"65","OTU_1","MT419254.1",1
"66","OTU_1","MT506274.1",1
"67","OTU_1","MW467862.1",1
"68","OTU_1","MW513718.1",1
"69","OTU_1","MW698521.2",1
"70","OTU_1","MZ387171.1",1
"71","OTU_1","MZ387361.1",1
"72","OTU_1","MZ387538.1",1
"73","OTU_1","MZ387702.1",1
"74","OTU_1","MZ387983.1",1
"75","OTU_1","MZ846416.1",1
"76","OTU_1","MZ846736.1",1
"77","OTU_1","MZ847128.1",1
"78","OTU_1","MZ847324.1",1
"79","OTU_1","MZ847613.1",1
"80","OTU_1","MZ920456.1",1
"81","OTU_1","MZ920568.1",1
"82","OTU_1","MZ920737.1",1
"83","OTU_1","MZ920929.1",1
"84","OTU_1","OL638895.1",1
"85","OTU_1","OM638182.1",1
"86","OTU_1","OM638282.1",1
"87","OTU_1","OM714711.1",1
"88","OTU_1","ON155458.1",1
"89","OTU_1","OP004786.1",1
"90","OTU_1","OP682430.1",1
"91","OTU_1","OQ596594.1",1
"92","OTU_1","PP084263.1",1
"93","OTU_1","PQ002743.1",1
"94","OTU_1","PQ002752.1",1
"95","OTU_1","PQ137359.1",1
"96","OTU_1","PQ137371.1",1
"97","OTU_1","PV067371.1",1
"98","OTU_1","PV621645.1",1
"99","OTU_1","PV740852.1",1
"100","OTU_1","PX366866.1",1
"101","OTU_100","XM_023047130.2",1
"102","OTU_1001","AB719239.1",1
"103","OTU_1001","AB719240.1",1
"104","OTU_1001","AB719241.1",1
"105","OTU_1001","AB719249.1",1
"106","OTU_1001","AB719250.1",1
"107","OTU_1027","KY117541.1",1
"108","OTU_1027","KY410904.1",1
"109","OTU_1027","KY410907.1",1
"110","OTU_1027","MT231329.1",1
"111","OTU_104","KX929906.1",1
"112","OTU_104","NC_015244.1",1
"113","OTU_1042","XM_067266433.1",1
"114","OTU_1049","OZ310464.1",1
"115","OTU_1049","OZ310473.1",1
"116","OTU_1059","KY409250.1",1
"117","OTU_1059","KY409531.1",1
"118","OTU_1059","KY409601.1",1
"119","OTU_1059","KY409610.1",1
"120","OTU_1059","KY409687.1",1
"121","OTU_1059","KY409737.1",1
"122","OTU_1059","KY409740.1",1
"123","OTU_1059","KY409752.1",1
"124","OTU_1059","KY410169.1",1
"125","OTU_1059","KY645852.1",1
"126","OTU_1059","KY670924.1",1
"127","OTU_1059","KY680821.1",1
"128","OTU_1059","KY824827.1",1
"129","OTU_1059","KY849585.1",1
"130","OTU_1059","LS997776.1",1
"131","OTU_1059","MF055747.1",1
"132","OTU_1059","MF055832.1",1
"133","OTU_1059","MF056126.1",1
"134","OTU_1059","MF056399.1",1
"135","OTU_1059","MF056400.1",1
"136","OTU_1059","MF057480.1",1
"137","OTU_1059","MF057758.1",1
"138","OTU_1059","MF057918.1",1
"139","OTU_1059","MF058073.1",1
"140","OTU_1059","MF058188.1",1
"141","OTU_1059","MF058422.1",1
"142","OTU_1059","MF058561.1",1
"143","OTU_1059","MF498685.1",1
"144","OTU_1059","MF498701.1",1
"145","OTU_1059","MF498884.1",1
"146","OTU_1059","MF522942.1",1
"147","OTU_1059","MG272841.1",1
"148","OTU_1059","MG273121.1",1
"149","OTU_1059","MG571220.1",1
"150","OTU_1059","MG646242.1",1
"151","OTU_1059","MG660648.1",1
"152","OTU_1059","MG672488.1",1
"153","OTU_1059","MG952818.1",1
"154","OTU_1059","MH120450.1",1
"155","OTU_1059","MH120619.1",1
"156","OTU_1059","MH120756.1",1
"157","OTU_1059","MH120814.1",1
"158","OTU_1059","MH351262.1",1
"159","OTU_1059","MH449241.1",1
"160","OTU_1059","MH981655.1",1
"161","OTU_1059","MK059566.1",1
"162","OTU_1059","MK059638.1",1
"163","OTU_1059","MK128804.1",1
"164","OTU_1059","MK139589.1",1
"165","OTU_1059","MK175431.1",1
"166","OTU_1059","MK217938.1",1
"167","OTU_1059","MK248389.1",1
"168","OTU_1059","MK265715.1",1
"169","OTU_1059","MK408597.1",1
"170","OTU_1059","MK617272.1",1
"171","OTU_1059","MN595724.2",1
"172","OTU_1059","MN595843.3",1
"173","OTU_1059","MN610410.1",1
"174","OTU_1059","MN687201.1",1
"175","OTU_1059","MN687306.1",1
"176","OTU_1059","MN699954.1",1
"177","OTU_1059","MN848580.1",1
"178","OTU_1059","MN849648.1",1
"179","OTU_1059","MT419208.1",1
"180","OTU_1059","MT419254.1",1
"181","OTU_1059","MT506274.1",1
"182","OTU_1059","MW467862.1",1
"183","OTU_1059","MW513718.1",1
"184","OTU_1059","MW698521.2",1
"185","OTU_1059","MZ387171.1",1
"186","OTU_1059","MZ387361.1",1
"187","OTU_1059","MZ387538.1",1
"188","OTU_1059","MZ387702.1",1
"189","OTU_1059","MZ387983.1",1
"190","OTU_1059","MZ846416.1",1
"191","OTU_1059","MZ846736.1",1
"192","OTU_1059","MZ847128.1",1
"193","OTU_1059","MZ847324.1",1
"194","OTU_1059","MZ847613.1",1
"195","OTU_1059","MZ920456.1",1
"196","OTU_1059","MZ920568.1",1
"197","OTU_1059","MZ920737.1",1
"198","OTU_1059","MZ920929.1",1
"199","OTU_1059","OL638895.1",1
"200","OTU_1059","OM638182.1",1
"201","OTU_1059","OM638282.1",1
"202","OTU_1059","OM714711.1",1
"203","OTU_1059","ON155458.1",1
"204","OTU_1059","OP004786.1",1
"205","OTU_1059","OP682430.1",1
"206","OTU_1059","OQ596594.1",1
"207","OTU_1059","PP084263.1",1
"208","OTU_1059","PQ002743.1",1
"209","OTU_1059","PQ002752.1",1
"210","OTU_1059","PQ137359.1",1
"211","OTU_1059","PQ137371.1",1
"212","OTU_1059","PV067371.1",1
"213","OTU_1059","PV621645.1",1
"214","OTU_1059","PV740852.1",1
"215","OTU_1059","PX366866.1",1
"216","OTU_1061","OZ310744.1",1
"217","OTU_1063","AC025627.13",1
"218","OTU_1063","AC097526.3",1
"219","OTU_1063","CP034495.1",1
"220","OTU_1063","OK040661.1",1
"221","OTU_1077","AC025627.13",1
"222","OTU_1077","CP034495.1",1
"223","OTU_1077","OK040661.1",1
"224","OTU_11","PX416018.1",1
"225","OTU_11","PX416020.1",1
"226","OTU_11","PX416021.1",1
"227","OTU_1123","AF502344.1",1
"228","OTU_1123","XR_007726452.1",1
"229","OTU_1128","AC200082.7",1
"230","OTU_1128","AC202616.8",1
"231","OTU_113","AC062033.2",1
"232","OTU_113","FN673842.1",1
"233","OTU_113","XR_004027927.1",1
"234","OTU_1131","OZ172675.2",1
"235","OTU_1131","OZ310477.1",2
"236","OTU_1142","XM_071199861.1",1
"237","OTU_1142","XM_071199886.1",1
"238","OTU_1147","XM_071194703.1",1
"239","OTU_1155","XM_054091915.1",1
"240","OTU_1155","XM_054093469.1",1
"241","OTU_1155","XM_054873288.1",1
"242","OTU_1155","XM_054890078.1",1
"243","OTU_1157","XM_071194703.1",1
"244","OTU_1160","XM_023052148.2",1
"245","OTU_1160","XM_071200852.1",1
"246","OTU_1163","XM_023052148.2",1
"247","OTU_1163","XM_071200852.1",1
"248","OTU_1188","XR_011639775.1",1
"249","OTU_1188","XR_011639776.1",1
"250","OTU_1188","XR_011641168.1",1
"251","OTU_1188","XR_011641169.1",1
"252","OTU_1188","XR_011641170.1",1
"253","OTU_119","MW652803.1",1
"254","OTU_12","NC_032363.1",1
"255","OTU_121","AL158819.14",1
"256","OTU_1215","AC256206.1",1
"257","OTU_1215","AC270106.1",1
"258","OTU_123","LC537284.1",1
"259","OTU_1252","XM_025980587.1",1
"260","OTU_1255","XM_023044211.2",1
"261","OTU_1272","OZ296822.1",2
"262","OTU_128","AC012365.6",1
"263","OTU_1287","XM_023052148.2",1
"264","OTU_1287","XM_071200852.1",1
"265","OTU_1301","OZ310468.1",1
"266","OTU_1308","CP015878.1",1
"267","OTU_1319","XM_071194703.1",1
"268","OTU_1326","JF727163.1",1
"269","OTU_1326","JF727164.2",1
"270","OTU_1326","JF727165.2",1
"271","OTU_1326","JF727167.2",1
"272","OTU_1326","JF727168.1",1
"273","OTU_1326","JF727169.1",1
"274","OTU_1326","JF727170.2",1
"275","OTU_1326","JF727171.1",1
"276","OTU_1326","JF727172.2",1
"277","OTU_1326","JF727174.1",1
"278","OTU_1326","JF727177.1",1
"279","OTU_1326","JF727178.1",1
"280","OTU_1326","JF727180.2",1
"281","OTU_1326","JF727181.1",1
"282","OTU_1326","JF727194.1",1
"283","OTU_1326","JF727202.2",1
"284","OTU_1326","JF727205.1",1
"285","OTU_1326","JF727206.1",1
"286","OTU_1326","JF727209.1",1
"287","OTU_1326","JF727210.3",1
"288","OTU_1326","JF727211.2",1
"289","OTU_1326","JF727213.1",1
"290","OTU_1326","JF727214.1",1
"291","OTU_1326","JF727215.1",1
"292","OTU_1326","JF727216.1",1
"293","OTU_1326","JF727218.1",1
"294","OTU_1326","JF727225.1",1
"295","OTU_1326","JF727226.2",1
"296","OTU_1326","JF727227.2",1
"297","OTU_1326","JF727228.2",1
"298","OTU_1326","JF727229.1",1
"299","OTU_1326","JF727230.2",1
"300","OTU_1326","JF727231.3",1
"301","OTU_1326","JF727232.2",1
"302","OTU_1326","JF727233.1",1
"303","OTU_1326","JF727234.1",1
"304","OTU_1326","JF727235.1",1
"305","OTU_1326","JF727236.1",1
"306","OTU_1326","JF727237.1",1
"307","OTU_1326","JF727238.2",1
"308","OTU_1326","JN191217.1",1
"309","OTU_1326","JN191218.1",1
"310","OTU_1326","JN191219.1",1
"311","OTU_1326","JN191220.1",1
"312","OTU_1326","JN191221.1",1
"313","OTU_1326","JN191222.1",1
"314","OTU_1326","JN191224.1",1
"315","OTU_1326","JN191226.1",1
"316","OTU_1326","JN191227.1",1
"317","OTU_1326","JN191228.1",1
"318","OTU_1326","JN191229.1",1
"319","OTU_1326","JN191230.1",1
"320","OTU_1326","JN191231.1",1
"321","OTU_1326","JN191232.1",1
"322","OTU_1326","JN191234.1",1
"323","OTU_1326","JN191235.1",1
"324","OTU_1326","KJ192514.1",1
"325","OTU_1326","KM679417.1",1
"326","OTU_1326","KP317203.1",1
"327","OTU_1326","KU308530.1",1
"328","OTU_1326","KU308531.1",1
"329","OTU_1326","KU308532.1",1
"330","OTU_1326","KU308533.1",1
"331","OTU_1326","KU308540.1",1
"332","OTU_1326","KU308541.1",1
"333","OTU_1326","KU308542.1",1
"334","OTU_1326","KU308543.1",1
"335","OTU_1326","KU308545.1",1
"336","OTU_1326","KU308546.1",1
"337","OTU_1326","KU308547.1",1
"338","OTU_1326","KU353711.1",1
"339","OTU_1326","KU353712.1",1
"340","OTU_1326","KU353714.1",1
"341","OTU_1326","KU353715.1",1
"342","OTU_1326","KU353716.1",1
"343","OTU_1326","KU353717.1",1
"344","OTU_1326","KX211928.1",1
"345","OTU_1326","KX211929.1",1
"346","OTU_1326","KX211932.1",1
"347","OTU_1326","KX211933.1",1
"348","OTU_1326","KX211941.1",1
"349","OTU_1326","KX211942.1",1
"350","OTU_1326","KX211943.1",1
"351","OTU_1326","KX211944.1",1
"352","OTU_1326","KX211946.1",1
"353","OTU_1326","KX211951.1",1
"354","OTU_1326","KX211953.1",1
"355","OTU_1326","KX211954.1",1
"356","OTU_1326","KX211955.1",1
"357","OTU_1326","KX211956.1",1
"358","OTU_1326","KX211957.1",1
"359","OTU_1326","KX211958.1",1
"360","OTU_1326","KX211959.1",1
"361","OTU_1326","MK280465.1",1
"362","OTU_1326","MN298197.1",1
"363","OTU_1326","MW803833.1",1
"364","OTU_1326","OK184036.1",1
"365","OTU_1326","OK184039.1",1
"366","OTU_1326","OK184040.1",1
"367","OTU_1326","OK184041.1",1
"368","OTU_1339","XM_071200158.1",1
"369","OTU_1348","XM_071194703.1",1
"370","OTU_1352","AP039052.1",1
"371","OTU_1358","AB171754.1",1
"372","OTU_1358","AM492811.1",1
"373","OTU_1358","AM492812.1",1
"374","OTU_1358","AY224261.1",1
"375","OTU_1358","AY360266.1",1
"376","OTU_1358","AY360267.1",1
"377","OTU_1358","LC225390.1",1
"378","OTU_1358","LC225391.1",1
"379","OTU_1358","LC536645.1",1
"380","OTU_1358","MF893895.1",1
"381","OTU_1358","MH538951.1",1
"382","OTU_1358","NC_036508.1",1
"383","OTU_1358","OQ199572.1",1
"384","OTU_1358","OQ199573.1",1
"385","OTU_136","MH918120.1",1
"386","OTU_136","MH918121.1",1
"387","OTU_136","MT632636.1",1
"388","OTU_136","NC_008662.1",1
"389","OTU_136","NC_065093.1",1
"390","OTU_136","NC_071914.1",1
"391","OTU_136","OP931345.1",1
"392","OTU_136","OP931347.1",1
"393","OTU_136","OP931358.1",1
"394","OTU_136","OP931359.1",1
"395","OTU_136","OP931360.1",1
"396","OTU_136","OV522642.1",1
"397","OTU_136","OX442399.1",1
"398","OTU_136","PP928744.1",1
"399","OTU_136","PP928745.1",1
"400","OTU_136","PQ083400.1",1
"401","OTU_1361","AP025546.1",1
"402","OTU_1361","AP026087.1",1
"403","OTU_1361","AP027206.1",1
"404","OTU_1361","AP027626.1",1
"405","OTU_1361","AP038983.1",1
"406","OTU_1361","AP042623.1",1
"407","OTU_1361","AP042659.1",1
"408","OTU_1361","AP042673.1",1
"409","OTU_1361","CP073953.1",1
"410","OTU_1361","CP074942.1",1
"411","OTU_1361","CP074954.1",1
"412","OTU_1361","CP074963.1",1
"413","OTU_1361","CP075737.1",1
"414","OTU_1361","CP076262.1",1
"415","OTU_1361","CP076272.1",1
"416","OTU_1361","CP079767.1",1
"417","OTU_1361","CP084895.2",1
"418","OTU_1361","CP095801.1",1
"419","OTU_1361","CP099038.1",1
"420","OTU_1361","CP099098.1",1
"421","OTU_1361","CP099209.1",1
"422","OTU_1361","CP101522.1",1
"423","OTU_1361","CP101949.1",1
"424","OTU_1361","CP102378.1",1
"425","OTU_1361","CP102705.1",1
"426","OTU_1361","CP104598.1",1
"427","OTU_1361","CP104843.1",1
"428","OTU_1361","CP109874.1",1
"429","OTU_1361","CP110827.1",1
"430","OTU_1361","CP116044.1",1
"431","OTU_1361","CP116900.1",1
"432","OTU_1361","CP116925.1",1
"433","OTU_1361","CP117720.1",1
"434","OTU_1361","CP117959.1",1
"435","OTU_1361","CP119734.1",1
"436","OTU_1361","CP122315.1",1
"437","OTU_1361","CP122929.1",1
"438","OTU_1361","CP125688.1",1
"439","OTU_1361","CP125923.1",1
"440","OTU_1361","CP127262.1",1
"441","OTU_1361","CP128218.1",1
"442","OTU_1361","CP132983.1",1
"443","OTU_1361","CP134085.1",1
"444","OTU_1361","CP141196.1",1
"445","OTU_1361","CP141844.1",1
"446","OTU_1361","CP142843.1",1
"447","OTU_1361","CP145942.1",1
"448","OTU_1361","CP146250.1",1
"449","OTU_1361","CP147109.1",1
"450","OTU_1361","CP147422.1",1
"451","OTU_1361","CP148363.1",1
"452","OTU_1361","CP148391.1",1
"453","OTU_1361","CP148483.1",1
"454","OTU_1361","CP148498.1",1
"455","OTU_1361","CP151063.1",1
"456","OTU_1361","CP154596.1",1
"457","OTU_1361","CP157135.1",1
"458","OTU_1361","CP158674.1",1
"459","OTU_1361","CP159453.1",1
"460","OTU_1361","CP159644.1",1
"461","OTU_1361","CP160823.1",1
"462","OTU_1361","CP161338.1",1
"463","OTU_1361","CP162059.1",1
"464","OTU_1361","CP163757.1",1
"465","OTU_1361","CP164548.1",1
"466","OTU_1361","CP164786.1",1
"467","OTU_1361","CP164793.1",1
"468","OTU_1361","CP165060.1",1
"469","OTU_1361","CP165183.1",1
"470","OTU_1361","CP165497.1",1
"471","OTU_1361","CP166435.1",1
"472","OTU_1361","CP167195.1",1
"473","OTU_1361","CP169005.1",1
"474","OTU_1361","CP169149.1",1
"475","OTU_1361","CP169569.1",1
"476","OTU_1361","CP172152.1",1
"477","OTU_1361","CP172173.1",1
"478","OTU_1361","CP173544.1",1
"479","OTU_1361","CP173996.1",1
"480","OTU_1361","CP176687.1",1
"481","OTU_1361","CP177215.1",1
"482","OTU_1361","CP180625.1",1
"483","OTU_1361","CP180702.1",1
"484","OTU_1361","CP181392.1",1
"485","OTU_1361","CP181477.1",1
"486","OTU_1361","CP181779.1",1
"487","OTU_1361","CP182308.1",1
"488","OTU_1361","CP184820.1",1
"489","OTU_1361","CP184827.1",1
"490","OTU_1361","CP188138.1",1
"491","OTU_1361","CP194077.1",1
"492","OTU_1361","CP194953.1",1
"493","OTU_1361","CP195926.1",1
"494","OTU_1361","CP196285.1",1
"495","OTU_1361","CP196412.1",1
"496","OTU_1361","OX460322.1",1
"497","OTU_1361","OY762930.1",1
"498","OTU_1361","OZ039629.1",1
"499","OTU_1361","OZ039956.1",1
"500","OTU_1361","OZ043859.1",1
"501","OTU_137","MH918134.1",1
"502","OTU_137","MH918135.1",1
"503","OTU_137","OM736795.1",1
"504","OTU_137","OM736799.1",1
"505","OTU_137","OP931788.1",1
"506","OTU_137","OP931790.1",1
"507","OTU_137","OP931792.1",1
"508","OTU_137","OV522667.1",1
"509","OTU_137","OX439272.1",1
"510","OTU_137","PP928778.1",1
"511","OTU_1382","AP002944.1",1
"512","OTU_1382","AP006779.1",1
"513","OTU_1382","KJ627936.1",1
"514","OTU_1382","KM273828.1",1
"515","OTU_1382","LC533126.1",1
"516","OTU_1382","LC579395.1",1
"517","OTU_1382","LC601883.2",1
"518","OTU_1382","LC601886.2",1
"519","OTU_1382","LC753474.1",1
"520","OTU_1382","MN122917.1",1
"521","OTU_1382","MT484057.1",1
"522","OTU_1382","MW856890.1",1
"523","OTU_1382","MW856891.1",1
"524","OTU_1382","NC_011569.1",1
"525","OTU_1382","NC_041244.1",1
"526","OTU_1382","OL404937.1",1
"527","OTU_1382","OM736816.1",1
"528","OTU_1382","OP931333.1",1
"529","OTU_1382","OQ793762.1",1
"530","OTU_1382","OZ193855.1",1
"531","OTU_1382","PP411914.1",1
"532","OTU_1382","PP764783.1",1
"533","OTU_1384","MH372526.1",1
"534","OTU_1386","AP014522.1",1
"535","OTU_1386","AP024341.1",1
"536","OTU_1386","AP024342.1",1
"537","OTU_1386","CP000076.1",1
"538","OTU_1386","CP003190.1",1
"539","OTU_1386","CP013184.1",1
"540","OTU_1386","CP017964.1",1
"541","OTU_1386","CP022097.2",1
"542","OTU_1386","CP024025.1",1
"543","OTU_1386","CP032352.1",1
"544","OTU_1386","CP032353.1",1
"545","OTU_1386","CP032358.1",1
"546","OTU_1386","CP043179.1",1
"547","OTU_1386","CP051673.1",1
"548","OTU_1386","CP054869.1",1
"549","OTU_1386","CP054870.1",1
"550","OTU_1386","CP054871.1",1
"551","OTU_1386","CP054872.1",1
"552","OTU_1386","CP054873.1",1
"553","OTU_1386","CP054874.1",1
"554","OTU_1386","CP080512.1",1
"555","OTU_1386","CP087182.1",1
"556","OTU_1386","CP087189.1",1
"557","OTU_1386","CP097898.1",1
"558","OTU_1386","CP119324.1",1
"559","OTU_1386","CP142121.1",1
"560","OTU_1386","CP147777.1",1
"561","OTU_1386","CP157871.1",1
"562","OTU_1386","CP158490.1",1
"563","OTU_1386","CP158814.1",1
"564","OTU_1386","CP170569.1",1
"565","OTU_1386","CP171611.1",1
"566","OTU_1386","CP195076.1",1
"567","OTU_1386","CP195082.1",1
"568","OTU_1386","LS999205.1",1
"569","OTU_1393","OZ181336.1",1
"570","OTU_1393","OZ181337.1",1
"571","OTU_1394","XM_040852021.1",1
"572","OTU_1406","XR_011641907.1",1
"573","OTU_1411","XR_011639832.1",1
"574","OTU_1412","XM_071199238.1",1
"575","OTU_1412","XM_071199239.1",1
"576","OTU_1412","XM_071199240.1",1
"577","OTU_1412","XM_071199241.1",1
"578","OTU_1415","AY945938.1",1
"579","OTU_1415","D32013.1",1
"580","OTU_1415","J04639.1",1
"581","OTU_1415","XM_047292754.1",1
"582","OTU_142","AF402806.2",1
"583","OTU_142","BX572084.5",1
"584","OTU_142","NG_079282.1",1
"585","OTU_1422","AJ842846.1",1
"586","OTU_1434","XM_023054646.2",1
"587","OTU_144","NC_068695.1",1
"588","OTU_144","ON746674.1",1
"589","OTU_1447","MT975369.1",1
"590","OTU_1447","MT975370.1",1
"591","OTU_1447","MT975371.1",1
"592","OTU_1447","OP931498.1",1
"593","OTU_1447","OP931499.1",1
"594","OTU_1447","OP931504.1",1
"595","OTU_1447","OP931505.1",1
"596","OTU_1447","OP931529.1",1
"597","OTU_1447","OP931534.1",1
"598","OTU_1447","OP931548.1",1
"599","OTU_1468","XM_074173363.1",1
"600","OTU_1468","XM_074173364.1",1
"601","OTU_1468","XM_074173365.1",1
"602","OTU_1476","OZ310461.1",1
"603","OTU_1477","D32013.1",1
"604","OTU_1477","FJ356013.1",1
"605","OTU_1477","J04639.1",1
"606","OTU_148","XM_023044211.2",1
"607","OTU_1503","AF502307.1",1
"608","OTU_1514","XM_071196678.1",1
"609","OTU_1516","XM_023052148.2",1
"610","OTU_1516","XM_071200852.1",1
"611","OTU_1523","XM_071196220.1",1
"612","OTU_1525","XR_011639817.1",1
"613","OTU_1525","XR_011639818.1",1
"614","OTU_1534","CP182815.1",1
"615","OTU_1537","OZ310463.1",1
"616","OTU_155","XM_023061155.2",1
"617","OTU_155","XM_071195706.1",1
"618","OTU_155","XM_071195707.1",1
"619","OTU_1550","AP025277.1",1
"620","OTU_1550","AP041140.1",1
"621","OTU_1550","CP045220.1",1
"622","OTU_1550","CP045502.1",1
"623","OTU_1550","CP046604.1",1
"624","OTU_1550","CP046869.1",1
"625","OTU_1550","CP046870.1",1
"626","OTU_1550","CP046871.1",1
"627","OTU_1550","CP050850.1",1
"628","OTU_1550","CP050851.1",1
"629","OTU_1550","CP092708.1",1
"630","OTU_1550","CP092709.1",1
"631","OTU_1550","CP143514.1",1
"632","OTU_1555","XM_071194703.1",1
"633","OTU_158","AC091134.7",1
"634","OTU_158","AC107940.13",1
"635","OTU_158","AC131055.10",1
"636","OTU_158","AC132825.8",1
"637","OTU_158","AF227907.1",1
"638","OTU_158","CP034495.1",1
"639","OTU_158","OK040662.1",1
"640","OTU_1592","AP027487.1",1
"641","OTU_1592","AP027626.1",1
"642","OTU_1592","AP027971.1",1
"643","OTU_1592","AP038983.1",1
"644","OTU_1592","AP042659.1",1
"645","OTU_1592","CP074954.1",1
"646","OTU_1592","CP077481.1",1
"647","OTU_1592","CP077596.1",1
"648","OTU_1592","CP084895.2",1
"649","OTU_1592","CP099015.1",1
"650","OTU_1592","CP099038.1",1
"651","OTU_1592","CP099098.1",1
"652","OTU_1592","CP099106.1",1
"653","OTU_1592","CP099205.1",1
"654","OTU_1592","CP104598.1",1
"655","OTU_1592","CP115180.1",1
"656","OTU_1592","CP116044.1",1
"657","OTU_1592","CP116900.1",1
"658","OTU_1592","CP116925.1",1
"659","OTU_1592","CP117720.1",1
"660","OTU_1592","CP117959.1",1
"661","OTU_1592","CP119003.1",1
"662","OTU_1592","CP119734.1",1
"663","OTU_1592","CP121087.1",1
"664","OTU_1592","CP122448.1",1
"665","OTU_1592","CP122929.1",1
"666","OTU_1592","CP124994.1",1
"667","OTU_1592","CP125923.1",1
"668","OTU_1592","CP127262.1",1
"669","OTU_1592","CP129383.1",1
"670","OTU_1592","CP134085.1",1
"671","OTU_1592","CP141100.1",1
"672","OTU_1592","CP141840.1",1
"673","OTU_1592","CP142526.1",1
"674","OTU_1592","CP143092.1",1
"675","OTU_1592","CP145618.1",1
"676","OTU_1592","CP146019.1",1
"677","OTU_1592","CP146515.1",1
"678","OTU_1592","CP146650.1",1
"679","OTU_1592","CP146687.1",1
"680","OTU_1592","CP147101.1",1
"681","OTU_1592","CP147109.1",1
"682","OTU_1592","CP147422.1",1
"683","OTU_1592","CP148391.1",1
"684","OTU_1592","CP148416.1",1
"685","OTU_1592","CP148445.1",1
"686","OTU_1592","CP148483.1",1
"687","OTU_1592","CP149815.1",1
"688","OTU_1592","CP154887.1",1
"689","OTU_1592","CP157093.1",1
"690","OTU_1592","CP157135.1",1
"691","OTU_1592","CP157234.1",1
"692","OTU_1592","CP158333.1",1
"693","OTU_1592","CP160823.1",1
"694","OTU_1592","CP164232.1",1
"695","OTU_1592","CP164611.1",1
"696","OTU_1592","CP164786.1",1
"697","OTU_1592","CP164793.1",1
"698","OTU_1592","CP165060.1",1
"699","OTU_1592","CP165465.1",1
"700","OTU_1592","CP165497.1",1
"701","OTU_1592","CP167195.1",1
"702","OTU_1592","CP169145.1",1
"703","OTU_1592","CP169149.1",1
"704","OTU_1592","CP169186.1",1
"705","OTU_1592","CP169569.1",1
"706","OTU_1592","CP171869.1",1
"707","OTU_1592","CP172152.1",1
"708","OTU_1592","CP172173.1",1
"709","OTU_1592","CP173524.1",1
"710","OTU_1592","CP173996.1",1
"711","OTU_1592","CP178552.1",1
"712","OTU_1592","CP178690.1",1
"713","OTU_1592","CP180702.1",1
"714","OTU_1592","CP181392.1",1
"715","OTU_1592","CP181477.1",1
"716","OTU_1592","CP182080.1",1
"717","OTU_1592","CP182308.1",1
"718","OTU_1592","CP182553.1",1
"719","OTU_1592","CP184817.1",1
"720","OTU_1592","CP184827.1",1
"721","OTU_1592","CP184992.1",1
"722","OTU_1592","CP187284.1",1
"723","OTU_1592","CP188138.1",1
"724","OTU_1592","CP194953.1",1
"725","OTU_1592","CP195926.1",1
"726","OTU_1592","CP195955.1",1
"727","OTU_1592","OY754444.1",1
"728","OTU_1592","OY757949.1",1
"729","OTU_1592","OY762930.1",1
"730","OTU_1592","OZ039234.1",1
"731","OTU_1592","OZ039565.1",1
"732","OTU_1592","OZ039881.1",1
"733","OTU_1592","OZ039922.1",1
"734","OTU_1592","OZ039956.1",1
"735","OTU_1592","OZ039967.1",1
"736","OTU_1592","OZ039993.1",1
"737","OTU_1592","OZ040622.1",1
"738","OTU_1592","OZ041020.1",1
"739","OTU_1592","OZ249097.1",1
"740","OTU_1596","XM_071194703.1",1
"741","OTU_16","MN057611.1",1
"742","OTU_16","MN057619.1",1
"743","OTU_160","AC105183.8",1
"744","OTU_160","CP034496.1",1
"745","OTU_160","FR846971.1",1
"746","OTU_160","OK040671.1",1
"747","OTU_1607","OZ310744.1",1
"748","OTU_1617","OZ310478.1",1
"749","OTU_162","KX694572.1",1
"750","OTU_162","KX694584.1",1
"751","OTU_162","MK065356.1",1
"752","OTU_162","MK065357.1",1
"753","OTU_162","MK065468.1",1
"754","OTU_162","MK065526.1",1
"755","OTU_162","NC_062677.1",1
"756","OTU_1626","XM_023046323.2",1
"757","OTU_1626","XM_023046324.2",1
"758","OTU_1626","XM_023046325.2",1
"759","OTU_1626","XM_023046326.2",1
"760","OTU_1626","XM_023046327.2",1
"761","OTU_1626","XM_071196248.1",1
"762","OTU_164","XM_023046694.2",1
"763","OTU_164","XM_023046695.2",1
"764","OTU_164","XR_011639571.1",1
"765","OTU_1640","XM_039763147.1",1
"766","OTU_165","XR_011639775.1",1
"767","OTU_165","XR_011639776.1",1
"768","OTU_165","XR_011641168.1",1
"769","OTU_165","XR_011641169.1",1
"770","OTU_165","XR_011641170.1",1
"771","OTU_1654","XM_075357681.1",1
"772","OTU_1664","AP026503.1",1
"773","OTU_1664","AP027445.1",1
"774","OTU_1664","AP027454.1",1
"775","OTU_1664","AP027487.1",1
"776","OTU_1664","AP027626.1",1
"777","OTU_1664","AP027971.1",1
"778","OTU_1664","AP038983.1",1
"779","OTU_1664","AP042623.1",1
"780","OTU_1664","AP042659.1",1
"781","OTU_1664","AP042673.1",1
"782","OTU_1664","CP074954.1",1
"783","OTU_1664","CP075737.1",1
"784","OTU_1664","CP076262.1",1
"785","OTU_1664","CP076268.1",1
"786","OTU_1664","CP077481.1",1
"787","OTU_1664","CP077596.1",1
"788","OTU_1664","CP079767.1",1
"789","OTU_1664","CP084055.1",1
"790","OTU_1664","CP084895.2",1
"791","OTU_1664","CP099020.1",1
"792","OTU_1664","CP099038.1",1
"793","OTU_1664","CP099098.1",1
"794","OTU_1664","CP099106.1",1
"795","OTU_1664","CP099205.1",1
"796","OTU_1664","CP099209.1",1
"797","OTU_1664","CP101251.1",1
"798","OTU_1664","CP101732.1",1
"799","OTU_1664","CP101922.1",1
"800","OTU_1664","CP101949.1",1
"801","OTU_1664","CP102378.1",1
"802","OTU_1664","CP104509.1",1
"803","OTU_1664","CP104598.1",1
"804","OTU_1664","CP116044.1",1
"805","OTU_1664","CP116900.1",1
"806","OTU_1664","CP116925.1",1
"807","OTU_1664","CP117720.1",1
"808","OTU_1664","CP117959.1",1
"809","OTU_1664","CP119003.1",1
"810","OTU_1664","CP119734.1",1
"811","OTU_1664","CP122643.1",1
"812","OTU_1664","CP122929.1",1
"813","OTU_1664","CP124994.1",1
"814","OTU_1664","CP125923.1",1
"815","OTU_1664","CP128642.1",1
"816","OTU_1664","CP129383.1",1
"817","OTU_1664","CP134085.1",1
"818","OTU_1664","CP141749.1",1
"819","OTU_1664","CP141840.1",1
"820","OTU_1664","CP143092.1",1
"821","OTU_1664","CP145942.1",1
"822","OTU_1664","CP146650.1",1
"823","OTU_1664","CP147101.1",1
"824","OTU_1664","CP147109.1",1
"825","OTU_1664","CP147422.1",1
"826","OTU_1664","CP148391.1",1
"827","OTU_1664","CP148445.1",1
"828","OTU_1664","CP149449.1",1
"829","OTU_1664","CP154596.1",1
"830","OTU_1664","CP154887.1",1
"831","OTU_1664","CP157135.1",1
"832","OTU_1664","CP157234.1",1
"833","OTU_1664","CP158333.1",1
"834","OTU_1664","CP158674.1",1
"835","OTU_1664","CP160823.1",1
"836","OTU_1664","CP161338.1",1
"837","OTU_1664","CP162059.1",1
"838","OTU_1664","CP164786.1",1
"839","OTU_1664","CP164793.1",1
"840","OTU_1664","CP165060.1",1
"841","OTU_1664","CP165465.1",1
"842","OTU_1664","CP165497.1",1
"843","OTU_1664","CP167195.1",1
"844","OTU_1664","CP169145.1",1
"845","OTU_1664","CP169149.1",1
"846","OTU_1664","CP169186.1",1
"847","OTU_1664","CP169569.1",1
"848","OTU_1664","CP171869.1",1
"849","OTU_1664","CP172152.1",1
"850","OTU_1664","CP172173.1",1
"851","OTU_1664","CP173524.1",1
"852","OTU_1664","CP173996.1",1
"853","OTU_1664","CP178690.1",1
"854","OTU_1664","CP180702.1",1
"855","OTU_1664","CP181477.1",1
"856","OTU_1664","CP182080.1",1
"857","OTU_1664","CP182308.1",1
"858","OTU_1664","CP182552.1",1
"859","OTU_1664","CP184817.1",1
"860","OTU_1664","CP184827.1",1
"861","OTU_1664","CP184992.1",1
"862","OTU_1664","CP187284.1",1
"863","OTU_1664","CP188138.1",1
"864","OTU_1664","CP194953.1",1
"865","OTU_1664","CP195926.1",1
"866","OTU_1664","CP195955.1",1
"867","OTU_1664","CP196412.1",1
"868","OTU_1664","OY757949.1",1
"869","OTU_1664","OY762930.1",1
"870","OTU_1664","OZ039956.1",1
"871","OTU_1664","OZ249097.1",1
"872","OTU_1665","AP027445.1",1
"873","OTU_1665","AP027487.1",1
"874","OTU_1665","AP027971.1",1
"875","OTU_1665","AP038983.1",1
"876","OTU_1665","AP039429.1",1
"877","OTU_1665","AP042623.1",1
"878","OTU_1665","CP074954.1",1
"879","OTU_1665","CP077481.1",1
"880","OTU_1665","CP077596.1",1
"881","OTU_1665","CP079767.1",1
"882","OTU_1665","CP084895.2",1
"883","OTU_1665","CP099020.1",1
"884","OTU_1665","CP099038.1",1
"885","OTU_1665","CP099098.1",1
"886","OTU_1665","CP099106.1",1
"887","OTU_1665","CP099205.1",1
"888","OTU_1665","CP100933.1",1
"889","OTU_1665","CP102378.1",1
"890","OTU_1665","CP104509.1",1
"891","OTU_1665","CP104598.1",1
"892","OTU_1665","CP104843.1",1
"893","OTU_1665","CP109874.1",1
"894","OTU_1665","CP116044.1",1
"895","OTU_1665","CP116071.1",1
"896","OTU_1665","CP116900.1",1
"897","OTU_1665","CP117720.1",1
"898","OTU_1665","CP119734.1",1
"899","OTU_1665","CP122643.1",1
"900","OTU_1665","CP122868.1",1
"901","OTU_1665","CP122929.1",1
"902","OTU_1665","CP124994.1",1
"903","OTU_1665","CP128897.1",1
"904","OTU_1665","CP129383.1",1
"905","OTU_1665","CP133856.1",1
"906","OTU_1665","CP134085.1",1
"907","OTU_1665","CP135712.1",1
"908","OTU_1665","CP141840.1",1
"909","OTU_1665","CP142526.1",1
"910","OTU_1665","CP142590.1",1
"911","OTU_1665","CP143092.1",1
"912","OTU_1665","CP145942.1",1
"913","OTU_1665","CP146019.1",1
"914","OTU_1665","CP146650.1",1
"915","OTU_1665","CP147101.1",1
"916","OTU_1665","CP147109.1",1
"917","OTU_1665","CP147422.1",1
"918","OTU_1665","CP147555.1",1
"919","OTU_1665","CP148391.1",1
"920","OTU_1665","CP148416.1",1
"921","OTU_1665","CP148445.1",1
"922","OTU_1665","CP148483.1",1
"923","OTU_1665","CP149449.1",1
"924","OTU_1665","CP154887.1",1
"925","OTU_1665","CP157135.1",1
"926","OTU_1665","CP157234.1",1
"927","OTU_1665","CP158333.1",1
"928","OTU_1665","CP159453.1",1
"929","OTU_1665","CP160823.1",1
"930","OTU_1665","CP161338.1",1
"931","OTU_1665","CP162059.1",1
"932","OTU_1665","CP163871.1",1
"933","OTU_1665","CP164207.1",1
"934","OTU_1665","CP164786.1",1
"935","OTU_1665","CP164793.1",1
"936","OTU_1665","CP165060.1",1
"937","OTU_1665","CP165465.1",1
"938","OTU_1665","CP165497.1",1
"939","OTU_1665","CP167195.1",1
"940","OTU_1665","CP169145.1",1
"941","OTU_1665","CP169149.1",1
"942","OTU_1665","CP169186.1",1
"943","OTU_1665","CP169569.1",1
"944","OTU_1665","CP171869.1",1
"945","OTU_1665","CP172152.1",1
"946","OTU_1665","CP172173.1",1
"947","OTU_1665","CP173524.1",1
"948","OTU_1665","CP173996.1",1
"949","OTU_1665","CP178552.1",1
"950","OTU_1665","CP178690.1",1
"951","OTU_1665","CP180702.1",1
"952","OTU_1665","CP181392.1",1
"953","OTU_1665","CP181459.1",1
"954","OTU_1665","CP181477.1",1
"955","OTU_1665","CP182308.1",1
"956","OTU_1665","CP184817.1",1
"957","OTU_1665","CP184992.1",1
"958","OTU_1665","CP188138.1",1
"959","OTU_1665","CP194953.1",1
"960","OTU_1665","CP195926.1",1
"961","OTU_1665","CP195955.1",1
"962","OTU_1665","CP196266.1",1
"963","OTU_1665","CP196412.1",1
"964","OTU_1665","OY757949.1",1
"965","OTU_1665","OY762930.1",1
"966","OTU_1665","OZ001727.1",1
"967","OTU_1665","OZ039205.1",1
"968","OTU_1665","OZ039956.1",1
"969","OTU_1665","OZ039991.1",1
"970","OTU_1665","OZ040058.1",1
"971","OTU_1665","OZ043900.1",1
"972","OTU_168","XM_047132862.1",1
"973","OTU_1692","XM_023047810.2",1
"974","OTU_17","KY410900.1",1
"975","OTU_173","AY121991.1",1
"976","OTU_1744","XM_023044529.2",1
"977","OTU_1744","XM_023044530.2",1
"978","OTU_175","XM_023065382.2",1
"979","OTU_175","XM_023065383.2",1
"980","OTU_175","XM_023065384.2",1
"981","OTU_175","XM_023065387.2",1
"982","OTU_175","XM_071198139.1",1
"983","OTU_175","XM_071198140.1",1
"984","OTU_1758","XM_003047624.1",1
"985","OTU_1764","XR_011639775.1",1
"986","OTU_1764","XR_011639776.1",1
"987","OTU_1764","XR_011641168.1",1
"988","OTU_1764","XR_011641169.1",1
"989","OTU_1764","XR_011641170.1",1
"990","OTU_1783","XR_002706597.2",1
"991","OTU_1789","XM_074173416.1",1
"992","OTU_1789","XR_012465061.1",1
"993","OTU_179","KY410951.1",1
"994","OTU_179","KY410952.1",1
"995","OTU_179","KY410953.1",1
"996","OTU_1795","XM_073987866.1",1
"997","OTU_1795","XM_073987867.1",1
"998","OTU_1795","XM_073987868.1",1
"999","OTU_1795","XM_073987869.1",1
"1000","OTU_1795","XM_073987870.1",1
"1001","OTU_1795","XM_073987871.1",1
"1002","OTU_1795","XM_073987872.1",1
"1003","OTU_1795","XM_073987873.1",1
"1004","OTU_1800","XM_030908966.1",1
"1005","OTU_1802","XM_023052148.2",1
"1006","OTU_1802","XM_071200852.1",1
"1007","OTU_1813","CP139996.1",1
"1008","OTU_1813","CP194722.1",1
"1009","OTU_1813","CP194770.1",1
"1010","OTU_1825","OZ181337.1",1
"1011","OTU_1825","OZ181344.1",1
"1012","OTU_1832","XM_071200692.1",1
"1013","OTU_184","AC074322.4",1
"1014","OTU_184","NG_009191.3",1
"1015","OTU_185","AP012948.1",1
"1016","OTU_185","NC_019624.1",1
"1017","OTU_185","OM460829.1",1
"1018","OTU_185","ON889777.1",1
"1019","OTU_1855","AP027487.1",1
"1020","OTU_1855","AP039429.1",1
"1021","OTU_1855","CP074954.1",1
"1022","OTU_1855","CP077481.1",1
"1023","OTU_1855","CP077596.1",1
"1024","OTU_1855","CP084895.2",1
"1025","OTU_1855","CP099038.1",1
"1026","OTU_1855","CP099098.1",1
"1027","OTU_1855","CP099205.1",1
"1028","OTU_1855","CP104598.1",1
"1029","OTU_1855","CP107155.1",1
"1030","OTU_1855","CP121087.1",1
"1031","OTU_1855","CP121100.1",1
"1032","OTU_1855","CP122643.1",1
"1033","OTU_1855","CP122929.1",1
"1034","OTU_1855","CP124362.1",1
"1035","OTU_1855","CP124994.1",1
"1036","OTU_1855","CP125004.1",1
"1037","OTU_1855","CP128897.1",1
"1038","OTU_1855","CP135458.1",1
"1039","OTU_1855","CP141840.1",1
"1040","OTU_1855","CP142526.1",1
"1041","OTU_1855","CP143092.1",1
"1042","OTU_1855","CP145618.1",1
"1043","OTU_1855","CP145942.1",1
"1044","OTU_1855","CP146019.1",1
"1045","OTU_1855","CP146380.1",1
"1046","OTU_1855","CP146650.1",1
"1047","OTU_1855","CP146687.1",1
"1048","OTU_1855","CP147101.1",1
"1049","OTU_1855","CP148363.1",1
"1050","OTU_1855","CP148391.1",1
"1051","OTU_1855","CP148445.1",1
"1052","OTU_1855","CP148483.1",1
"1053","OTU_1855","CP149836.1",1
"1054","OTU_1855","CP154887.1",1
"1055","OTU_1855","CP159635.1",1
"1056","OTU_1855","CP160104.1",1
"1057","OTU_1855","CP160823.1",1
"1058","OTU_1855","CP162059.1",1
"1059","OTU_1855","CP163871.1",1
"1060","OTU_1855","CP164207.1",1
"1061","OTU_1855","CP164611.1",1
"1062","OTU_1855","CP164776.1",1
"1063","OTU_1855","CP164793.1",1
"1064","OTU_1855","CP165060.1",1
"1065","OTU_1855","CP165465.1",1
"1066","OTU_1855","CP165497.1",1
"1067","OTU_1855","CP167195.1",1
"1068","OTU_1855","CP169186.1",1
"1069","OTU_1855","CP169569.1",1
"1070","OTU_1855","CP171869.1",1
"1071","OTU_1855","CP172140.1",1
"1072","OTU_1855","CP172152.1",1
"1073","OTU_1855","CP173524.1",1
"1074","OTU_1855","CP178552.1",1
"1075","OTU_1855","CP178690.1",1
"1076","OTU_1855","CP180702.1",1
"1077","OTU_1855","CP181392.1",1
"1078","OTU_1855","CP181477.1",1
"1079","OTU_1855","CP181638.1",1
"1080","OTU_1855","CP181809.1",1
"1081","OTU_1855","CP181910.1",1
"1082","OTU_1855","CP182080.1",1
"1083","OTU_1855","CP182308.1",1
"1084","OTU_1855","CP184025.1",1
"1085","OTU_1855","CP184817.1",1
"1086","OTU_1855","CP188138.1",1
"1087","OTU_1855","CP194953.1",1
"1088","OTU_1855","CP195926.1",1
"1089","OTU_1855","CP195955.1",1
"1090","OTU_1855","OX637964.1",1
"1091","OTU_1855","OY757949.1",1
"1092","OTU_1855","OZ001727.1",1
"1093","OTU_1855","OZ038595.1",1
"1094","OTU_1855","OZ038610.1",1
"1095","OTU_1855","OZ038618.1",1
"1096","OTU_1855","OZ038696.1",1
"1097","OTU_1855","OZ038805.1",1
"1098","OTU_1855","OZ038868.1",1
"1099","OTU_1855","OZ039205.1",1
"1100","OTU_1855","OZ039234.1",1
"1101","OTU_1855","OZ039278.1",1
"1102","OTU_1855","OZ039565.1",1
"1103","OTU_1855","OZ039592.1",1
"1104","OTU_1855","OZ039671.1",1
"1105","OTU_1855","OZ039927.1",1
"1106","OTU_1855","OZ039956.1",1
"1107","OTU_1855","OZ039993.1",1
"1108","OTU_1855","OZ040267.1",1
"1109","OTU_1855","OZ040329.1",1
"1110","OTU_1855","OZ040366.1",1
"1111","OTU_1855","OZ040381.1",1
"1112","OTU_1855","OZ040388.1",1
"1113","OTU_1855","OZ040453.1",1
"1114","OTU_1855","OZ040610.1",1
"1115","OTU_1855","OZ040955.1",1
"1116","OTU_1855","OZ040991.1",1
"1117","OTU_1855","OZ041020.1",1
"1118","OTU_1855","OZ043900.1",1
"1119","OTU_186","AF502357.1",1
"1120","OTU_1860","XR_011641239.1",1
"1121","OTU_1870","XM_051564366.1",1
"1122","OTU_1884","XM_023046803.2",1
"1123","OTU_1884","XR_011640528.1",1
"1124","OTU_1888","XM_071199255.1",1
"1125","OTU_189","AP011561.1",1
"1126","OTU_189","AP017956.1",1
"1127","OTU_189","MH380860.1",1
"1128","OTU_189","MH380861.1",1
"1129","OTU_189","MH380862.1",1
"1130","OTU_189","MH380863.1",1
"1131","OTU_1896","XM_071194703.1",1
"1132","OTU_1904","XM_014745423.1",1
"1133","OTU_1904","XM_014747644.1",1
"1134","OTU_191","AF417341.1",1
"1135","OTU_191","PP492905.1",1
"1136","OTU_1913","OZ310479.1",1
"1137","OTU_192","AP027445.1",1
"1138","OTU_192","AP027487.1",1
"1139","OTU_192","AP027626.1",1
"1140","OTU_192","AP027971.1",1
"1141","OTU_192","AP038983.1",1
"1142","OTU_192","AP042659.1",1
"1143","OTU_192","CP074954.1",1
"1144","OTU_192","CP077481.1",1
"1145","OTU_192","CP077596.1",1
"1146","OTU_192","CP084895.2",1
"1147","OTU_192","CP099038.1",1
"1148","OTU_192","CP099098.1",1
"1149","OTU_192","CP099106.1",1
"1150","OTU_192","CP099205.1",1
"1151","OTU_192","CP102378.1",1
"1152","OTU_192","CP104598.1",1
"1153","OTU_192","CP115180.1",1
"1154","OTU_192","CP116044.1",1
"1155","OTU_192","CP116900.1",1
"1156","OTU_192","CP116925.1",1
"1157","OTU_192","CP117720.1",1
"1158","OTU_192","CP117959.1",1
"1159","OTU_192","CP119734.1",1
"1160","OTU_192","CP121087.1",1
"1161","OTU_192","CP122643.1",1
"1162","OTU_192","CP122929.1",1
"1163","OTU_192","CP124994.1",1
"1164","OTU_192","CP125923.1",1
"1165","OTU_192","CP128897.1",1
"1166","OTU_192","CP129383.1",1
"1167","OTU_192","CP133856.1",1
"1168","OTU_192","CP134085.1",1
"1169","OTU_192","CP141840.1",1
"1170","OTU_192","CP142526.1",1
"1171","OTU_192","CP143092.1",1
"1172","OTU_192","CP145618.1",1
"1173","OTU_192","CP145942.1",1
"1174","OTU_192","CP146019.1",1
"1175","OTU_192","CP146650.1",1
"1176","OTU_192","CP146687.1",1
"1177","OTU_192","CP147101.1",1
"1178","OTU_192","CP147109.1",1
"1179","OTU_192","CP147422.1",1
"1180","OTU_192","CP148391.1",1
"1181","OTU_192","CP148416.1",1
"1182","OTU_192","CP148445.1",1
"1183","OTU_192","CP148483.1",1
"1184","OTU_192","CP149449.1",1
"1185","OTU_192","CP149815.1",1
"1186","OTU_192","CP154887.1",1
"1187","OTU_192","CP157135.1",1
"1188","OTU_192","CP157234.1",1
"1189","OTU_192","CP158333.1",1
"1190","OTU_192","CP159453.1",1
"1191","OTU_192","CP160823.1",1
"1192","OTU_192","CP161338.1",1
"1193","OTU_192","CP162059.1",1
"1194","OTU_192","CP164786.1",1
"1195","OTU_192","CP164793.1",1
"1196","OTU_192","CP165060.1",1
"1197","OTU_192","CP165465.1",1
"1198","OTU_192","CP165497.1",1
"1199","OTU_192","CP167195.1",1
"1200","OTU_192","CP169145.1",1
"1201","OTU_192","CP169149.1",1
"1202","OTU_192","CP169186.1",1
"1203","OTU_192","CP169569.1",1
"1204","OTU_192","CP171869.1",1
"1205","OTU_192","CP172152.1",1
"1206","OTU_192","CP172173.1",1
"1207","OTU_192","CP173524.1",1
"1208","OTU_192","CP173996.1",1
"1209","OTU_192","CP178307.1",1
"1210","OTU_192","CP178552.1",1
"1211","OTU_192","CP178690.1",1
"1212","OTU_192","CP180702.1",1
"1213","OTU_192","CP181392.1",1
"1214","OTU_192","CP181456.1",1
"1215","OTU_192","CP181477.1",1
"1216","OTU_192","CP182080.1",1
"1217","OTU_192","CP182308.1",1
"1218","OTU_192","CP182552.1",1
"1219","OTU_192","CP182553.1",1
"1220","OTU_192","CP184817.1",1
"1221","OTU_192","CP184992.1",1
"1222","OTU_192","CP188138.1",1
"1223","OTU_192","CP194953.1",1
"1224","OTU_192","CP195926.1",1
"1225","OTU_192","CP195955.1",1
"1226","OTU_192","OY757949.1",1
"1227","OTU_192","OY762930.1",1
"1228","OTU_192","OZ001727.1",1
"1229","OTU_192","OZ039234.1",1
"1230","OTU_192","OZ039629.1",1
"1231","OTU_192","OZ039922.1",1
"1232","OTU_192","OZ039956.1",1
"1233","OTU_192","OZ039967.1",1
"1234","OTU_192","OZ039993.1",1
"1235","OTU_192","OZ040622.1",1
"1236","OTU_192","OZ249097.1",1
"1237","OTU_193","AF502367.1",1
"1238","OTU_1945","XM_071194703.1",1
"1239","OTU_1949","CP120972.1",1
"1240","OTU_1949","CP122808.1",1
"1241","OTU_1949","CP122831.1",1
"1242","OTU_1949","CP152820.1",1
"1243","OTU_1949","CP184746.1",1
"1244","OTU_1949","LC801621.1",1
"1245","OTU_1949","OQ603063.1",1
"1246","OTU_1949","OQ603065.1",1
"1247","OTU_1949","OQ603067.1",1
"1248","OTU_1949","OQ603068.1",1
"1249","OTU_1949","OR187777.1",1
"1250","OTU_1949","OR187780.1",1
"1251","OTU_1949","OR187781.1",1
"1252","OTU_1949","OR187782.1",1
"1253","OTU_1949","OR187783.1",1
"1254","OTU_1949","OR187787.1",1
"1255","OTU_1949","OR187788.1",1
"1256","OTU_1949","OR187794.1",1
"1257","OTU_1949","OR187795.1",1
"1258","OTU_1949","OR187796.1",1
"1259","OTU_1949","OR187799.1",1
"1260","OTU_1949","OR187801.1",1
"1261","OTU_1949","OR187805.1",1
"1262","OTU_1949","OR187806.1",1
"1263","OTU_1949","OR187810.1",1
"1264","OTU_1949","OR829917.1",1
"1265","OTU_1949","OR829920.1",1
"1266","OTU_1949","OR829924.1",1
"1267","OTU_1949","OR829926.1",1
"1268","OTU_1949","OR829927.1",1
"1269","OTU_1949","PP125205.1",1
"1270","OTU_1949","PP125212.1",1
"1271","OTU_1949","PP125214.1",1
"1272","OTU_1949","PP125216.1",1
"1273","OTU_1949","PP125217.1",1
"1274","OTU_1949","PP125221.1",1
"1275","OTU_1949","PP125225.1",1
"1276","OTU_1949","PP125229.1",1
"1277","OTU_1949","PP125230.1",1
"1278","OTU_1949","PP125231.1",1
"1279","OTU_1949","PP125232.1",1
"1280","OTU_1949","PP125234.1",1
"1281","OTU_1949","PP125249.1",1
"1282","OTU_1949","PP125251.1",1
"1283","OTU_1949","PP125253.1",1
"1284","OTU_1949","PP125255.1",1
"1285","OTU_1949","PP125256.1",1
"1286","OTU_1949","PP125259.1",1
"1287","OTU_1949","PP125266.1",1
"1288","OTU_1949","PP125268.1",1
"1289","OTU_1949","PP125271.1",1
"1290","OTU_1949","PP125272.1",1
"1291","OTU_1949","PP855255.1",1
"1292","OTU_1949","PP920629.1",1
"1293","OTU_1949","PQ511351.1",1
"1294","OTU_1949","PQ511355.1",1
"1295","OTU_1949","PQ511358.1",1
"1296","OTU_1949","PQ511359.1",1
"1297","OTU_1949","PV704586.1",1
"1298","OTU_1949","PV806921.1",1
"1299","OTU_1949","PV806924.1",1
"1300","OTU_1949","PV806925.1",1
"1301","OTU_1949","PV806935.1",1
"1302","OTU_1949","PV806940.1",1
"1303","OTU_1949","PV806942.1",1
"1304","OTU_1949","PV806946.1",1
"1305","OTU_1949","PV806947.1",1
"1306","OTU_1949","PV806949.1",1
"1307","OTU_1949","PV806952.1",1
"1308","OTU_1949","PV806958.1",1
"1309","OTU_1949","PV806959.1",1
"1310","OTU_1949","PV806960.1",1
"1311","OTU_1949","PV806962.1",1
"1312","OTU_1949","PV806965.1",1
"1313","OTU_1949","PV806968.1",1
"1314","OTU_1949","PV806984.1",1
"1315","OTU_1949","PV806987.1",1
"1316","OTU_1949","PV806991.1",1
"1317","OTU_1949","PV806994.1",1
"1318","OTU_1949","PV806997.1",1
"1319","OTU_1949","PV806998.1",1
"1320","OTU_1949","PV807000.1",1
"1321","OTU_1949","PV807001.1",1
"1322","OTU_1949","PV807005.1",1
"1323","OTU_1949","PV807009.1",1
"1324","OTU_1949","PV807010.1",1
"1325","OTU_1949","PV807012.1",1
"1326","OTU_1949","PV807015.1",1
"1327","OTU_1949","PV807016.1",1
"1328","OTU_1949","PV807017.1",1
"1329","OTU_1949","PV807073.1",1
"1330","OTU_1949","PV807075.1",1
"1331","OTU_1949","PV807077.1",1
"1332","OTU_1949","PV807079.1",1
"1333","OTU_1949","PV807084.1",1
"1334","OTU_1949","PV807085.1",1
"1335","OTU_1949","PV807090.1",1
"1336","OTU_1949","PV807092.1",1
"1337","OTU_1949","PV807094.1",1
"1338","OTU_1949","PV807096.1",1
"1339","OTU_1969","OZ172674.2",1
"1340","OTU_1969","OZ310439.1",1
"1341","OTU_197","MH918125.1",1
"1342","OTU_197","NC_008654.1",1
"1343","OTU_197","OP931093.1",1
"1344","OTU_197","OP931094.1",1
"1345","OTU_197","OP931099.1",1
"1346","OTU_197","OW387167.1",1
"1347","OTU_2","CP115610.1",1
"1348","OTU_2","MT800328.1",1
"1349","OTU_2","MT800330.1",1
"1350","OTU_2","MT800331.1",1
"1351","OTU_2","MT800334.1",1
"1352","OTU_2","MT800336.1",1
"1353","OTU_2","MT800340.1",1
"1354","OTU_2","MT800349.1",1
"1355","OTU_2","MT800353.1",1
"1356","OTU_2","MT800361.1",1
"1357","OTU_2","MT800363.1",1
"1358","OTU_2","MT800368.1",1
"1359","OTU_2","MT800370.1",1
"1360","OTU_2","MT800372.1",1
"1361","OTU_2","MT800375.1",1
"1362","OTU_2","MT800385.1",1
"1363","OTU_2","MT800388.1",1
"1364","OTU_2","MT800390.1",1
"1365","OTU_2","MT800391.1",1
"1366","OTU_2","MT800395.1",1
"1367","OTU_2","MT800402.1",1
"1368","OTU_2","MT800404.1",1
"1369","OTU_2","MT800405.1",1
"1370","OTU_2","MT800407.1",1
"1371","OTU_2","MT800409.1",1
"1372","OTU_2","MT800413.1",1
"1373","OTU_2","MT800418.1",1
"1374","OTU_2","MT800422.1",1
"1375","OTU_2","MT800426.1",1
"1376","OTU_2","MT800437.1",1
"1377","OTU_2","MT800448.1",1
"1378","OTU_2","MT800460.1",1
"1379","OTU_2","MT800465.1",1
"1380","OTU_2","MT800466.1",1
"1381","OTU_2","MT800472.1",1
"1382","OTU_2","MT800473.1",1
"1383","OTU_2","MT800476.1",1
"1384","OTU_2","MT800477.1",1
"1385","OTU_2","MT800479.1",1
"1386","OTU_2","MT800481.1",1
"1387","OTU_2","MT800485.1",1
"1388","OTU_2","MT800489.1",1
"1389","OTU_2","MT800492.1",1
"1390","OTU_2","MT800495.1",1
"1391","OTU_2","MT800497.1",1
"1392","OTU_2","MT800500.1",1
"1393","OTU_2","MW524476.1",1
"1394","OTU_2","MW524482.1",1
"1395","OTU_2","MW524487.1",1
"1396","OTU_2","MW524503.1",1
"1397","OTU_2","MW524512.1",1
"1398","OTU_2","MW524516.1",1
"1399","OTU_2","MW524520.1",1
"1400","OTU_2","MW524531.1",1
"1401","OTU_2","MW524533.1",1
"1402","OTU_2","MW524541.1",1
"1403","OTU_2","MW524543.1",1
"1404","OTU_2","MW524549.1",1
"1405","OTU_2","MW524562.1",1
"1406","OTU_2","MW524563.1",1
"1407","OTU_2","MW524573.1",1
"1408","OTU_2","MW524578.1",1
"1409","OTU_2","MW524582.1",1
"1410","OTU_2","MW524583.1",1
"1411","OTU_2","MW524584.1",1
"1412","OTU_2","MW524585.1",1
"1413","OTU_2","MW524587.1",1
"1414","OTU_2","MW524589.1",1
"1415","OTU_2","MW524590.1",1
"1416","OTU_2","MW524591.1",1
"1417","OTU_2","MW524603.1",1
"1418","OTU_2","MW524614.1",1
"1419","OTU_2","MW524623.1",1
"1420","OTU_2","MW524636.1",1
"1421","OTU_2","MW524666.1",1
"1422","OTU_2","MW524670.1",1
"1423","OTU_2","MW524671.1",1
"1424","OTU_2","MW524678.1",1
"1425","OTU_2","MW524680.1",1
"1426","OTU_2","MW524706.1",1
"1427","OTU_2","MW524709.1",1
"1428","OTU_2","MW524713.1",1
"1429","OTU_2","MW524714.1",1
"1430","OTU_2","MW524724.1",1
"1431","OTU_2","MW524726.1",1
"1432","OTU_2","MW524728.1",1
"1433","OTU_2","MW524735.1",1
"1434","OTU_2","MW524737.1",1
"1435","OTU_2","OK189516.1",1
"1436","OTU_2","OL689235.1",1
"1437","OTU_2","OM634640.1",1
"1438","OTU_2","OP699677.1",1
"1439","OTU_2","OQ562002.1",1
"1440","OTU_2","OR359988.1",1
"1441","OTU_2","OR359990.1",1
"1442","OTU_2","OR371514.1",1
"1443","OTU_2","OR536616.1",1
"1444","OTU_2","OR536624.1",1
"1445","OTU_2","OR536771.1",1
"1446","OTU_2","OR537215.1",1
"1447","OTU_20","XM_023052148.2",1
"1448","OTU_20","XM_071200692.1",1
"1449","OTU_20","XM_071200852.1",1
"1450","OTU_200","AF502319.1",1
"1451","OTU_2027","XM_071194703.1",1
"1452","OTU_203","LC891860.1",1
"1453","OTU_203","MK333401.1",1
"1454","OTU_2031","XM_071194703.1",1
"1455","OTU_2033","XR_011641806.1",1
"1456","OTU_2049","XR_002706597.2",1
"1457","OTU_2074","XM_071194936.1",1
"1458","OTU_2074","XM_071194937.1",1
"1459","OTU_2074","XM_071194938.1",1
"1460","OTU_2074","XM_071194939.1",1
"1461","OTU_2117","XM_023045945.2",1
"1462","OTU_2117","XM_072527228.1",1
"1463","OTU_212","AL109955.38",1
"1464","OTU_212","CP034499.1",1
"1465","OTU_212","NG_047090.1",1
"1466","OTU_2122","XR_011639775.1",1
"1467","OTU_2122","XR_011639776.1",1
"1468","OTU_2122","XR_011641168.1",1
"1469","OTU_2122","XR_011641169.1",1
"1470","OTU_2122","XR_011641170.1",1
"1471","OTU_2133","XM_023052148.2",1
"1472","OTU_2133","XM_071200852.1",1
"1473","OTU_2139","AP038797.1",1
"1474","OTU_2154","XM_071194703.1",1
"1475","OTU_2163","XR_011641647.1",1
"1476","OTU_217","AC092107.5",1
"1477","OTU_2183","XM_023052148.2",1
"1478","OTU_2183","XM_071200852.1",1
"1479","OTU_2184","XM_071200255.1",1
"1480","OTU_2197","XM_023064802.2",1
"1481","OTU_2197","XM_023064803.2",1
"1482","OTU_221","AF107219.1",1
"1483","OTU_221","GQ338943.1",1
"1484","OTU_221","OK539643.1",1
"1485","OTU_2216","XM_023064782.2",1
"1486","OTU_2230","XM_071197524.1",1
"1487","OTU_2230","XM_071197527.1",1
"1488","OTU_2230","XR_002706617.2",1
"1489","OTU_225","CP048670.1",1
"1490","OTU_225","CP090067.1",1
"1491","OTU_225","CP094545.1",1
"1492","OTU_2270","CP022053.2",1
"1493","OTU_23","FJ151336.1",1
"1494","OTU_234","AF502326.1",1
"1495","OTU_2344","AP026742.1",1
"1496","OTU_2344","AP027197.1",1
"1497","OTU_2344","AP027217.1",1
"1498","OTU_2344","AP027411.1",2
"1499","OTU_2344","AP027445.1",1
"1500","OTU_2344","AP027487.1",1
"1501","OTU_2344","AP027626.1",1
"1502","OTU_2344","AP027754.1",1
"1503","OTU_2344","AP038983.1",1
"1504","OTU_2344","AP042495.1",1
"1505","OTU_2344","AP042535.1",1
"1506","OTU_2344","AP042585.1",1
"1507","OTU_2344","AP042623.1",1
"1508","OTU_2344","AP042659.1",1
"1509","OTU_2344","AP042673.1",1
"1510","OTU_2344","CP074815.1",1
"1511","OTU_2344","CP074954.1",1
"1512","OTU_2344","CP077481.1",1
"1513","OTU_2344","CP077596.1",1
"1514","OTU_2344","CP079767.1",1
"1515","OTU_2344","CP084895.2",1
"1516","OTU_2344","CP095801.1",1
"1517","OTU_2344","CP099020.1",1
"1518","OTU_2344","CP099102.1",1
"1519","OTU_2344","CP099106.1",1
"1520","OTU_2344","CP099132.1",1
"1521","OTU_2344","CP099205.1",1
"1522","OTU_2344","CP099209.1",1
"1523","OTU_2344","CP100044.1",1
"1524","OTU_2344","CP100933.1",1
"1525","OTU_2344","CP101005.1",1
"1526","OTU_2344","CP101922.1",1
"1527","OTU_2344","CP102215.1",1
"1528","OTU_2344","CP102230.1",1
"1529","OTU_2344","CP102378.1",1
"1530","OTU_2344","CP102705.1",1
"1531","OTU_2344","CP104112.1",1
"1532","OTU_2344","CP104442.1",1
"1533","OTU_2344","CP104509.1",1
"1534","OTU_2344","CP104843.1",1
"1535","OTU_2344","CP107720.1",1
"1536","OTU_2344","CP110097.1",1
"1537","OTU_2344","CP110859.1",1
"1538","OTU_2344","CP115180.1",1
"1539","OTU_2344","CP116044.1",1
"1540","OTU_2344","CP117959.1",1
"1541","OTU_2344","CP122929.1",1
"1542","OTU_2344","CP123274.1",1
"1543","OTU_2344","CP124994.1",1
"1544","OTU_2344","CP125699.1",1
"1545","OTU_2344","CP128642.1",1
"1546","OTU_2344","CP132063.1",1
"1547","OTU_2344","CP142526.1",1
"1548","OTU_2344","CP142843.1",1
"1549","OTU_2344","CP143092.1",1
"1550","OTU_2344","CP146019.1",1
"1551","OTU_2344","CP146665.1",1
"1552","OTU_2344","CP147109.1",1
"1553","OTU_2344","CP148416.1",1
"1554","OTU_2344","CP148445.1",1
"1555","OTU_2344","CP148483.1",1
"1556","OTU_2344","CP151391.1",1
"1557","OTU_2344","CP154596.1",1
"1558","OTU_2344","CP154887.1",1
"1559","OTU_2344","CP157093.1",1
"1560","OTU_2344","CP157124.1",1
"1561","OTU_2344","CP157127.1",1
"1562","OTU_2344","CP157135.1",1
"1563","OTU_2344","CP157234.1",1
"1564","OTU_2344","CP158333.1",1
"1565","OTU_2344","CP158674.1",1
"1566","OTU_2344","CP160823.1",1
"1567","OTU_2344","CP162059.1",1
"1568","OTU_2344","CP164296.1",1
"1569","OTU_2344","CP167195.1",1
"1570","OTU_2344","CP169005.1",1
"1571","OTU_2344","CP169145.1",1
"1572","OTU_2344","CP169569.1",1
"1573","OTU_2344","CP171869.1",1
"1574","OTU_2344","CP172152.1",1
"1575","OTU_2344","CP172173.1",1
"1576","OTU_2344","CP173996.1",1
"1577","OTU_2344","CP177215.1",1
"1578","OTU_2344","CP178552.1",1
"1579","OTU_2344","CP180702.1",1
"1580","OTU_2344","CP181392.1",1
"1581","OTU_2344","CP181477.1",1
"1582","OTU_2344","CP181779.1",1
"1583","OTU_2344","CP182080.1",1
"1584","OTU_2344","CP182552.1",1
"1585","OTU_2344","CP184992.1",1
"1586","OTU_2344","CP188138.1",1
"1587","OTU_2344","CP190204.1",1
"1588","OTU_2344","CP191804.1",1
"1589","OTU_2344","CP195926.1",1
"1590","OTU_2344","CP195955.1",1
"1591","OTU_2344","OY754364.1",1
"1592","OTU_2344","OY754443.1",1
"1593","OTU_2344","OY762930.1",1
"1594","OTU_2344","OZ223263.1",1
"1595","OTU_2345","XM_071197847.1",1
"1596","OTU_235","OX466063.1",1
"1597","OTU_2354","OZ310463.1",1
"1598","OTU_2354","XM_072538008.1",1
"1599","OTU_2358","XM_017110687.3",1
"1600","OTU_2358","XM_017110689.3",1
"1601","OTU_2358","XM_017110690.3",1
"1602","OTU_2358","XM_017136643.2",1
"1603","OTU_2358","XM_017136646.2",1
"1604","OTU_2358","XM_017136647.2",1
"1605","OTU_2358","XM_017187730.2",1
"1606","OTU_2358","XM_017187731.2",1
"1607","OTU_2358","XM_017187732.2",1
"1608","OTU_2358","XM_017187733.2",1
"1609","OTU_2358","XM_017187734.2",1
"1610","OTU_2358","XM_017215876.2",1
"1611","OTU_2358","XM_017215877.2",1
"1612","OTU_2358","XM_017215878.2",1
"1613","OTU_2358","XM_020942605.1",1
"1614","OTU_2358","XM_020942606.1",1
"1615","OTU_2358","XM_020942607.1",1
"1616","OTU_2358","XM_023048458.2",1
"1617","OTU_2358","XM_030516713.1",1
"1618","OTU_2358","XM_030516714.1",1
"1619","OTU_2358","XM_034281205.1",1
"1620","OTU_2358","XM_034281206.1",1
"1621","OTU_2358","XM_034281209.1",1
"1622","OTU_2358","XM_034800573.1",1
"1623","OTU_2358","XM_034800574.1",1
"1624","OTU_2358","XM_034800575.1",1
"1625","OTU_2358","XM_034800576.1",1
"1626","OTU_2358","XM_034800577.1",1
"1627","OTU_2358","XM_070214241.1",1
"1628","OTU_2358","XM_070214242.1",1
"1629","OTU_2358","XM_070214243.1",1
"1630","OTU_2358","XM_070214244.1",1
"1631","OTU_2358","XM_070214245.1",1
"1632","OTU_2358","XM_070214246.1",1
"1633","OTU_2358","XM_070214247.1",1
"1634","OTU_2358","XM_070214249.1",1
"1635","OTU_2358","XM_070214250.1",1
"1636","OTU_2358","XM_071195527.1",1
"1637","OTU_2358","XM_071195528.1",1
"1638","OTU_2360","XR_011642417.1",1
"1639","OTU_2371","XM_001484468.1",1
"1640","OTU_2375","XM_023065113.2",1
"1641","OTU_2388","XM_071194703.1",1
"1642","OTU_2389","AC256229.1",1
"1643","OTU_2389","AL163540.11",1
"1644","OTU_239","XM_023052148.2",1
"1645","OTU_239","XM_071200692.1",1
"1646","OTU_239","XM_071200852.1",1
"1647","OTU_2394","AC097526.3",1
"1648","OTU_24","XR_011639775.1",1
"1649","OTU_24","XR_011639776.1",1
"1650","OTU_24","XR_011641168.1",1
"1651","OTU_24","XR_011641169.1",1
"1652","OTU_24","XR_011641170.1",1
"1653","OTU_242","AC021451.8",1
"1654","OTU_242","AC091163.5",1
"1655","OTU_2440","XM_071194703.1",1
"1656","OTU_2444","OZ310744.1",1
"1657","OTU_2471","XM_023047228.2",1
"1658","OTU_2471","XM_071198407.1",1
"1659","OTU_2471","XM_071198411.1",1
"1660","OTU_2471","XM_071198416.1",1
"1661","OTU_2471","XM_071198419.1",1
"1662","OTU_248","AC025627.13",1
"1663","OTU_248","CP034495.1",1
"1664","OTU_248","OK040661.1",1
"1665","OTU_25","XM_071194703.1",1
"1666","OTU_2503","OE005506.1",1
"1667","OTU_2503","OE844432.1",1
"1668","OTU_2517","AF502320.1",1
"1669","OTU_2532","XM_023052148.2",1
"1670","OTU_2532","XM_071200852.1",1
"1671","OTU_2588","XM_071199851.1",1
"1672","OTU_2588","XM_071199852.1",1
"1673","OTU_2595","XM_074175613.1",1
"1674","OTU_260","AC105921.5",1
"1675","OTU_260","NG_011805.2",1
"1676","OTU_2601","AP026503.1",1
"1677","OTU_2601","AP027411.1",1
"1678","OTU_2601","AP027445.1",1
"1679","OTU_2601","AP027487.1",1
"1680","OTU_2601","AP027626.1",1
"1681","OTU_2601","AP027694.1",1
"1682","OTU_2601","AP042623.1",1
"1683","OTU_2601","AP042659.1",1
"1684","OTU_2601","CP075722.1",1
"1685","OTU_2601","CP075737.1",1
"1686","OTU_2601","CP079767.1",1
"1687","OTU_2601","CP084055.1",1
"1688","OTU_2601","CP084209.1",1
"1689","OTU_2601","CP084895.2",1
"1690","OTU_2601","CP098739.1",1
"1691","OTU_2601","CP099020.1",1
"1692","OTU_2601","CP099089.1",1
"1693","OTU_2601","CP099106.1",1
"1694","OTU_2601","CP099205.1",1
"1695","OTU_2601","CP099588.1",1
"1696","OTU_2601","CP099590.1",1
"1697","OTU_2601","CP100530.1",1
"1698","OTU_2601","CP100933.1",1
"1699","OTU_2601","CP101005.1",1
"1700","OTU_2601","CP101251.1",1
"1701","OTU_2601","CP101922.1",1
"1702","OTU_2601","CP102230.1",1
"1703","OTU_2601","CP102378.1",1
"1704","OTU_2601","CP102705.1",1
"1705","OTU_2601","CP104509.1",1
"1706","OTU_2601","CP104645.1",1
"1707","OTU_2601","CP115180.1",1
"1708","OTU_2601","CP116900.1",1
"1709","OTU_2601","CP116925.1",1
"1710","OTU_2601","CP117720.1",1
"1711","OTU_2601","CP117959.1",1
"1712","OTU_2601","CP119120.1",1
"1713","OTU_2601","CP119441.1",1
"1714","OTU_2601","CP122733.1",1
"1715","OTU_2601","CP122929.1",1
"1716","OTU_2601","CP124994.1",1
"1717","OTU_2601","CP125003.1",1
"1718","OTU_2601","CP127303.1",1
"1719","OTU_2601","CP130667.1",1
"1720","OTU_2601","CP133124.1",1
"1721","OTU_2601","CP133126.1",1
"1722","OTU_2601","CP139337.1",1
"1723","OTU_2601","CP141749.1",1
"1724","OTU_2601","CP142438.1",1
"1725","OTU_2601","CP142843.1",1
"1726","OTU_2601","CP145700.1",1
"1727","OTU_2601","CP145942.1",1
"1728","OTU_2601","CP146665.1",1
"1729","OTU_2601","CP146681.1",1
"1730","OTU_2601","CP147109.1",1
"1731","OTU_2601","CP147130.1",1
"1732","OTU_2601","CP148385.1",1
"1733","OTU_2601","CP148416.1",1
"1734","OTU_2601","CP148445.1",1
"1735","OTU_2601","CP148483.1",1
"1736","OTU_2601","CP148498.1",1
"1737","OTU_2601","CP149449.1",1
"1738","OTU_2601","CP149967.1",1
"1739","OTU_2601","CP154887.1",1
"1740","OTU_2601","CP157234.1",1
"1741","OTU_2601","CP158333.1",1
"1742","OTU_2601","CP158674.1",1
"1743","OTU_2601","CP159644.1",1
"1744","OTU_2601","CP160823.1",1
"1745","OTU_2601","CP163675.1",1
"1746","OTU_2601","CP165465.1",1
"1747","OTU_2601","CP166435.1",1
"1748","OTU_2601","CP167195.1",1
"1749","OTU_2601","CP168269.1",1
"1750","OTU_2601","CP169145.1",1
"1751","OTU_2601","CP169149.1",1
"1752","OTU_2601","CP169186.1",1
"1753","OTU_2601","CP169569.1",1
"1754","OTU_2601","CP171869.1",1
"1755","OTU_2601","CP172152.1",1
"1756","OTU_2601","CP172173.1",1
"1757","OTU_2601","CP173524.1",1
"1758","OTU_2601","CP177215.1",1
"1759","OTU_2601","CP178690.1",1
"1760","OTU_2601","CP181274.1",1
"1761","OTU_2601","CP181477.1",1
"1762","OTU_2601","CP181570.1",1
"1763","OTU_2601","CP181779.1",1
"1764","OTU_2601","CP182080.1",1
"1765","OTU_2601","CP182553.1",1
"1766","OTU_2601","CP184827.1",1
"1767","OTU_2601","CP184992.1",1
"1768","OTU_2601","CP187284.1",1
"1769","OTU_2601","CP188138.1",1
"1770","OTU_2601","CP188159.1",1
"1771","OTU_2601","CP194077.1",1
"1772","OTU_2601","CP194953.1",1
"1773","OTU_2601","CP195955.1",1
"1774","OTU_2601","OY757949.1",1
"1775","OTU_2601","OZ121069.1",1
"1776","OTU_2617","XM_049951608.1",1
"1777","OTU_2625","XM_071194703.1",1
"1778","OTU_2627","XM_050648395.1",1
"1779","OTU_2631","OZ181336.1",1
"1780","OTU_2631","OZ181337.1",1
"1781","OTU_265","AF502301.1",1
"1782","OTU_2678","XM_023061254.2",1
"1783","OTU_268","AC063927.15",1
"1784","OTU_268","AC112650.2",1
"1785","OTU_268","FN674059.1",1
"1786","OTU_270","XR_011639775.1",1
"1787","OTU_270","XR_011639776.1",1
"1788","OTU_270","XR_011641168.1",1
"1789","OTU_270","XR_011641169.1",1
"1790","OTU_270","XR_011641170.1",1
"1791","OTU_272","AL355887.4",1
"1792","OTU_272","AL356032.4",1
"1793","OTU_272","CP034492.1",1
"1794","OTU_2728","CP023256.1",1
"1795","OTU_2728","CP088159.1",1
"1796","OTU_2728","CP092182.1",1
"1797","OTU_2728","CP095873.1",1
"1798","OTU_2728","CP100755.1",1
"1799","OTU_2728","CP171816.1",1
"1800","OTU_2729","XM_023052148.2",1
"1801","OTU_2729","XM_023059789.2",1
"1802","OTU_2729","XM_071200852.1",1
"1803","OTU_2736","XM_023051920.2",1
"1804","OTU_2736","XM_071194974.1",1
"1805","OTU_2736","XM_071195274.1",1
"1806","OTU_2736","XM_071195300.1",1
"1807","OTU_2736","XM_071195654.1",1
"1808","OTU_2736","XM_071199020.1",1
"1809","OTU_2736","XM_071199111.1",1
"1810","OTU_2736","XM_071199639.1",1
"1811","OTU_2736","XM_071199972.1",1
"1812","OTU_2736","XR_011641269.1",1
"1813","OTU_2736","XR_011641270.1",1
"1814","OTU_2772","OZ311095.1",1
"1815","OTU_2772","XM_039453173.1",1
"1816","OTU_278","AB090039.1",1
"1817","OTU_2789","OZ172673.2",1
"1818","OTU_279","AP003461.2",1
"1819","OTU_279","NG_016423.2",1
"1820","OTU_2796","OR003940.1",1
"1821","OTU_280","XR_011639775.1",1
"1822","OTU_280","XR_011639776.1",1
"1823","OTU_280","XR_011641168.1",1
"1824","OTU_280","XR_011641169.1",1
"1825","OTU_280","XR_011641170.1",1
"1826","OTU_2822","AL590407.8",1
"1827","OTU_2859","XM_023061155.2",1
"1828","OTU_2859","XM_071195706.1",1
"1829","OTU_2859","XM_071195707.1",1
"1830","OTU_2873","AF424963.1",1
"1831","OTU_2873","AF424965.1",1
"1832","OTU_2873","AJ842860.1",1
"1833","OTU_2873","AM084399.1",1
"1834","OTU_2873","FM179744.1",1
"1835","OTU_2873","FM179745.1",1
"1836","OTU_2873","FM179746.1",1
"1837","OTU_2873","FM179748.1",1
"1838","OTU_2873","KM850998.1",1
"1839","OTU_2873","KM850999.1",1
"1840","OTU_2873","KM851010.1",1
"1841","OTU_2873","KM851011.1",1
"1842","OTU_2873","KM851015.1",1
"1843","OTU_2873","KM851018.1",1
"1844","OTU_2873","KM851022.1",1
"1845","OTU_2873","KM851035.1",1
"1846","OTU_2873","MF893986.1",1
"1847","OTU_2873","MF893987.1",1
"1848","OTU_2873","MF893988.1",1
"1849","OTU_2873","MF893989.1",1
"1850","OTU_2882","XM_071194703.1",1
"1851","OTU_2883","Z80107.2",1
"1852","OTU_290","AJ002632.1",1
"1853","OTU_290","NC_029425.1",1
"1854","OTU_290","NC_029426.1",1
"1855","OTU_290","NC_063524.1",1
"1856","OTU_290","OP931407.1",1
"1857","OTU_290","OP931408.1",1
"1858","OTU_290","OP931409.1",1
"1859","OTU_290","PQ059854.1",1
"1860","OTU_2906","CP080512.1",1
"1861","OTU_2918","XM_071199985.1",1
"1862","OTU_2918","XM_071200630.1",1
"1863","OTU_2918","XM_071200631.1",1
"1864","OTU_2918","XM_071200632.1",1
"1865","OTU_2918","XM_071200633.1",1
"1866","OTU_2918","XM_071200634.1",1
"1867","OTU_2918","XM_071200635.1",1
"1868","OTU_2918","XM_071200636.1",1
"1869","OTU_2932","XM_071194703.1",1
"1870","OTU_2944","XM_023059857.2",1
"1871","OTU_2977","MW364567.1",1
"1872","OTU_298","AC025627.13",1
"1873","OTU_298","AC097526.3",1
"1874","OTU_298","CP034495.1",1
"1875","OTU_298","OK040661.1",1
"1876","OTU_299","AL590407.8",1
"1877","OTU_2991","XM_023052148.2",1
"1878","OTU_2991","XM_071200852.1",1
"1879","OTU_3003","XM_023058012.2",1
"1880","OTU_3004","XM_067273549.1",1
"1881","OTU_3009","XR_011642389.1",1
"1882","OTU_3009","XR_011642390.1",1
"1883","OTU_3009","XR_011642391.1",1
"1884","OTU_3017","XM_023054157.2",1
"1885","OTU_3035","XR_007662296.1",1
"1886","OTU_3040","XM_001485420.1",1
"1887","OTU_3046","XM_023053524.2",1
"1888","OTU_3046","XM_023053525.2",1
"1889","OTU_3046","XM_023053526.2",1
"1890","OTU_3046","XM_071196923.1",1
"1891","OTU_306","XM_071194541.1",1
"1892","OTU_3076","AP026503.1",1
"1893","OTU_3076","AP026961.1",1
"1894","OTU_3076","AP027424.1",1
"1895","OTU_3076","AP027445.1",1
"1896","OTU_3076","AP027470.1",1
"1897","OTU_3076","AP027588.1",1
"1898","OTU_3076","AP027612.1",1
"1899","OTU_3076","AP027822.1",1
"1900","OTU_3076","AP038241.1",1
"1901","OTU_3076","AP042519.1",1
"1902","OTU_3076","AP043612.1",1
"1903","OTU_3076","CP069086.1",1
"1904","OTU_3076","CP073968.1",1
"1905","OTU_3076","CP075737.1",1
"1906","OTU_3076","CP079780.1",1
"1907","OTU_3076","CP080070.1",1
"1908","OTU_3076","CP098739.1",1
"1909","OTU_3076","CP098940.1",1
"1910","OTU_3076","CP098955.1",1
"1911","OTU_3076","CP099287.1",1
"1912","OTU_3076","CP100013.1",1
"1913","OTU_3076","CP100530.1",1
"1914","OTU_3076","CP100876.1",1
"1915","OTU_3076","CP100883.1",1
"1916","OTU_3076","CP100890.1",1
"1917","OTU_3076","CP100927.1",1
"1918","OTU_3076","CP100930.1",1
"1919","OTU_3076","CP100933.1",1
"1920","OTU_3076","CP100954.1",1
"1921","OTU_3076","CP100958.1",1
"1922","OTU_3076","CP100978.1",1
"1923","OTU_3076","CP101010.1",1
"1924","OTU_3076","CP101014.1",1
"1925","OTU_3076","CP101513.1",1
"1926","OTU_3076","CP104516.1",1
"1927","OTU_3076","CP109601.1",1
"1928","OTU_3076","CP114792.1",1
"1929","OTU_3076","CP115179.1",1
"1930","OTU_3076","CP115180.1",1
"1931","OTU_3076","CP115968.1",1
"1932","OTU_3076","CP116046.1",1
"1933","OTU_3076","CP116110.1",1
"1934","OTU_3076","CP117043.1",1
"1935","OTU_3076","CP117044.1",1
"1936","OTU_3076","CP122499.1",1
"1937","OTU_3076","CP122507.1",1
"1938","OTU_3076","CP122625.1",1
"1939","OTU_3076","CP122727.1",1
"1940","OTU_3076","CP122929.1",1
"1941","OTU_3076","CP123237.1",1
"1942","OTU_3076","CP123951.1",1
"1943","OTU_3076","CP123963.1",1
"1944","OTU_3076","CP125883.1",1
"1945","OTU_3076","CP134353.1",1
"1946","OTU_3076","CP138419.1",1
"1947","OTU_3076","CP138423.1",1
"1948","OTU_3076","CP139339.1",1
"1949","OTU_3076","CP141791.1",1
"1950","OTU_3076","CP143092.1",1
"1951","OTU_3076","CP146893.1",1
"1952","OTU_3076","CP147009.1",1
"1953","OTU_3076","CP147084.1",1
"1954","OTU_3076","CP147130.1",1
"1955","OTU_3076","CP148269.1",1
"1956","OTU_3076","CP148277.1",1
"1957","OTU_3076","CP148282.1",1
"1958","OTU_3076","CP148416.1",1
"1959","OTU_3076","CP148426.1",1
"1960","OTU_3076","CP148474.1",1
"1961","OTU_3076","CP148483.1",1
"1962","OTU_3076","CP148498.1",1
"1963","OTU_3076","CP148507.1",1
"1964","OTU_3076","CP149449.1",1
"1965","OTU_3076","CP156034.1",1
"1966","OTU_3076","CP160643.1",1
"1967","OTU_3076","CP162160.1",1
"1968","OTU_3076","CP170101.1",1
"1969","OTU_3076","CP170191.1",1
"1970","OTU_3076","CP171869.1",1
"1971","OTU_3076","CP171874.1",1
"1972","OTU_3076","CP172152.1",1
"1973","OTU_3076","CP172173.1",1
"1974","OTU_3076","CP172217.1",1
"1975","OTU_3076","CP174381.1",1
"1976","OTU_3076","CP174526.1",1
"1977","OTU_3076","CP178690.1",1
"1978","OTU_3076","CP180700.1",1
"1979","OTU_3076","CP181594.1",1
"1980","OTU_3076","CP182004.1",1
"1981","OTU_3076","CP182019.1",1
"1982","OTU_3076","CP182053.1",1
"1983","OTU_3076","CP182398.1",1
"1984","OTU_3076","CP182564.1",1
"1985","OTU_3076","CP184143.1",1
"1986","OTU_3076","CP184992.1",1
"1987","OTU_3076","CP186506.1",1
"1988","OTU_3076","CP195607.1",1
"1989","OTU_3076","OY754364.1",1
"1990","OTU_3076","OZ039869.1",1
"1991","OTU_3076","OZ249091.1",1
"1992","OTU_3094","XM_023058756.2",1
"1993","OTU_3099","OZ310744.1",1
"1994","OTU_31","KY410991.1",1
"1995","OTU_3113","XM_023065113.2",1
"1996","OTU_3151","AP025754.1",1
"1997","OTU_3151","AP026503.1",1
"1998","OTU_3151","AP027197.1",1
"1999","OTU_3151","AP027411.1",1
"2000","OTU_3151","AP027445.1",1
"2001","OTU_3151","AP027454.1",1
"2002","OTU_3151","AP027532.1",1
"2003","OTU_3151","AP027626.1",1
"2004","OTU_3151","CP069086.1",1
"2005","OTU_3151","CP074726.1",1
"2006","OTU_3151","CP074815.1",1
"2007","OTU_3151","CP074954.1",1
"2008","OTU_3151","CP074987.1",1
"2009","OTU_3151","CP075722.1",1
"2010","OTU_3151","CP075737.1",1
"2011","OTU_3151","CP077442.1",1
"2012","OTU_3151","CP077481.1",1
"2013","OTU_3151","CP077585.1",1
"2014","OTU_3151","CP077596.1",1
"2015","OTU_3151","CP079767.1",1
"2016","OTU_3151","CP079770.1",1
"2017","OTU_3151","CP084895.2",1
"2018","OTU_3151","CP098996.1",1
"2019","OTU_3151","CP099020.1",1
"2020","OTU_3151","CP099027.1",1
"2021","OTU_3151","CP099034.1",1
"2022","OTU_3151","CP099089.1",1
"2023","OTU_3151","CP099106.1",1
"2024","OTU_3151","CP099118.1",1
"2025","OTU_3151","CP099205.1",1
"2026","OTU_3151","CP100013.1",1
"2027","OTU_3151","CP100933.1",1
"2028","OTU_3151","CP101005.1",1
"2029","OTU_3151","CP101298.1",1
"2030","OTU_3151","CP102378.1",1
"2031","OTU_3151","CP102705.1",1
"2032","OTU_3151","CP104509.1",1
"2033","OTU_3151","CP110097.1",1
"2034","OTU_3151","CP110511.1",1
"2035","OTU_3151","CP110859.1",1
"2036","OTU_3151","CP115180.1",1
"2037","OTU_3151","CP116925.1",1
"2038","OTU_3151","CP117959.1",1
"2039","OTU_3151","CP122625.1",1
"2040","OTU_3151","CP122733.1",1
"2041","OTU_3151","CP122929.1",1
"2042","OTU_3151","CP124994.1",1
"2043","OTU_3151","CP125676.1",1
"2044","OTU_3151","CP125710.1",1
"2045","OTU_3151","CP140466.1",1
"2046","OTU_3151","CP141749.1",1
"2047","OTU_3151","CP143092.1",1
"2048","OTU_3151","CP143627.1",1
"2049","OTU_3151","CP145700.1",1
"2050","OTU_3151","CP146681.1",1
"2051","OTU_3151","CP147109.1",1
"2052","OTU_3151","CP147130.1",1
"2053","OTU_3151","CP148391.1",1
"2054","OTU_3151","CP148416.1",1
"2055","OTU_3151","CP148445.1",1
"2056","OTU_3151","CP148483.1",1
"2057","OTU_3151","CP149449.1",1
"2058","OTU_3151","CP154596.1",1
"2059","OTU_3151","CP154887.1",1
"2060","OTU_3151","CP157234.1",1
"2061","OTU_3151","CP158333.1",1
"2062","OTU_3151","CP158344.1",1
"2063","OTU_3151","CP158674.1",1
"2064","OTU_3151","CP159630.1",1
"2065","OTU_3151","CP159644.1",1
"2066","OTU_3151","CP160823.1",1
"2067","OTU_3151","CP165465.1",1
"2068","OTU_3151","CP166435.1",1
"2069","OTU_3151","CP167195.1",1
"2070","OTU_3151","CP169145.1",1
"2071","OTU_3151","CP169569.1",1
"2072","OTU_3151","CP171869.1",1
"2073","OTU_3151","CP172152.1",1
"2074","OTU_3151","CP172173.1",1
"2075","OTU_3151","CP173524.1",1
"2076","OTU_3151","CP177215.1",1
"2077","OTU_3151","CP178690.1",1
"2078","OTU_3151","CP180702.1",1
"2079","OTU_3151","CP181477.1",1
"2080","OTU_3151","CP181570.1",1
"2081","OTU_3151","CP182080.1",1
"2082","OTU_3151","CP184992.1",1
"2083","OTU_3151","CP188138.1",1
"2084","OTU_3151","CP188159.1",1
"2085","OTU_3151","CP191804.1",1
"2086","OTU_3151","CP194077.1",1
"2087","OTU_3151","CP195555.1",1
"2088","OTU_3151","CP195955.1",1
"2089","OTU_3151","OY754443.1",1
"2090","OTU_3151","OY757949.1",1
"2091","OTU_3151","OZ038837.1",1
"2092","OTU_3151","OZ040347.1",1
"2093","OTU_3151","OZ121069.1",1
"2094","OTU_3151","OZ223263.1",1
"2095","OTU_3151","OZ261674.1",1
"2096","OTU_3152","XM_023054858.2",1
"2097","OTU_3153","XR_011640513.1",1
"2098","OTU_3172","XM_023065113.2",1
"2099","OTU_3182","AP024341.1",1
"2100","OTU_3182","CP003190.1",1
"2101","OTU_3182","CP017964.1",1
"2102","OTU_3182","CP024025.1",1
"2103","OTU_3182","CP054872.1",1
"2104","OTU_3182","CP054873.1",1
"2105","OTU_3182","CP054874.1",1
"2106","OTU_3182","CP080512.1",1
"2107","OTU_3182","CP087189.1",1
"2108","OTU_3182","CP097898.1",1
"2109","OTU_3182","CP119324.1",1
"2110","OTU_3182","CP157871.1",1
"2111","OTU_3182","CP158490.1",1
"2112","OTU_3182","CP158814.1",1
"2113","OTU_3182","CP171611.1",1
"2114","OTU_3182","LS999205.1",1
"2115","OTU_3197","LC880095.1",1
"2116","OTU_3197","MF143597.1",1
"2117","OTU_3197","MG009445.1",1
"2118","OTU_3197","MG250530.1",1
"2119","OTU_3197","MG250534.1",1
"2120","OTU_3197","MG250538.1",1
"2121","OTU_3197","MG250539.1",1
"2122","OTU_3197","MG250542.1",1
"2123","OTU_3197","MG250543.1",1
"2124","OTU_3197","MG250544.1",1
"2125","OTU_3197","MG250545.1",1
"2126","OTU_3197","MG250548.1",1
"2127","OTU_3197","MG250551.1",1
"2128","OTU_3197","MG250558.1",1
"2129","OTU_3197","MG250559.1",1
"2130","OTU_3197","MG250560.1",1
"2131","OTU_3197","MG250562.1",1
"2132","OTU_3197","MG250564.1",1
"2133","OTU_3197","MG725631.1",1
"2134","OTU_3197","MG837549.1",1
"2135","OTU_3197","MH423713.1",1
"2136","OTU_3197","MK248681.1",1
"2137","OTU_3197","MK344650.1",1
"2138","OTU_3197","MK344652.1",1
"2139","OTU_3197","MK746089.1",1
"2140","OTU_3197","MK746090.1",1
"2141","OTU_3197","MK746091.1",1
"2142","OTU_3197","MK746094.1",1
"2143","OTU_3197","MK746096.1",1
"2144","OTU_3197","MK858169.1",1
"2145","OTU_3197","MK858170.1",1
"2146","OTU_3197","MK858173.1",1
"2147","OTU_3197","MK858179.1",1
"2148","OTU_3197","MK875180.1",1
"2149","OTU_3197","MN550011.1",1
"2150","OTU_3197","MT199605.1",1
"2151","OTU_3197","MT483613.1",1
"2152","OTU_3197","MW487669.1",1
"2153","OTU_3197","MW487671.1",1
"2154","OTU_3197","MZ846190.1",1
"2155","OTU_3197","NC_039090.1",1
"2156","OTU_3197","OL435713.1",1
"2157","OTU_3197","OL547441.1",1
"2158","OTU_3197","OL547443.1",1
"2159","OTU_3197","OL547444.1",1
"2160","OTU_3197","OL547451.1",1
"2161","OTU_3197","OL547453.1",1
"2162","OTU_3197","OL547455.1",1
"2163","OTU_3197","OL547460.1",1
"2164","OTU_3197","OL547461.1",1
"2165","OTU_3197","OL547481.1",1
"2166","OTU_3197","OL547482.1",1
"2167","OTU_3197","OM363676.1",1
"2168","OTU_3197","OM617468.1",1
"2169","OTU_3197","OM634652.1",1
"2170","OTU_3197","ON060839.1",1
"2171","OTU_3197","ON706057.1",1
"2172","OTU_3197","OP120939.1",1
"2173","OTU_3197","OQ303841.1",1
"2174","OTU_3197","OQ303842.1",1
"2175","OTU_3197","OQ508063.1",1
"2176","OTU_3197","OQ508069.1",1
"2177","OTU_3197","OQ508080.1",1
"2178","OTU_3197","OQ508082.1",1
"2179","OTU_3197","OR260477.1",1
"2180","OTU_3197","OR268692.1",1
"2181","OTU_3197","OR359997.1",1
"2182","OTU_3197","OR360001.1",1
"2183","OTU_3197","OR360004.1",1
"2184","OTU_3197","OR360036.1",1
"2185","OTU_3197","OR360039.1",1
"2186","OTU_3197","PP763924.1",1
"2187","OTU_3197","PP763926.1",1
"2188","OTU_3197","PP763927.1",1
"2189","OTU_3197","PP763929.1",1
"2190","OTU_3197","PP763931.1",1
"2191","OTU_3197","PP763932.1",1
"2192","OTU_3197","PP763933.1",1
"2193","OTU_3197","PP763934.1",1
"2194","OTU_3197","PP763936.1",1
"2195","OTU_3197","PP763937.1",1
"2196","OTU_3197","PP763943.1",1
"2197","OTU_3197","PP763944.1",1
"2198","OTU_3197","PP763947.1",1
"2199","OTU_3197","PP763950.1",1
"2200","OTU_3197","PP763952.1",1
"2201","OTU_3197","PP763955.1",1
"2202","OTU_3197","PP763958.1",1
"2203","OTU_3197","PP763963.1",1
"2204","OTU_3197","PP763966.1",1
"2205","OTU_3197","PP763967.1",1
"2206","OTU_3197","PP763969.1",1
"2207","OTU_3197","PP763974.1",1
"2208","OTU_3197","PP763975.1",1
"2209","OTU_3197","PP763978.1",1
"2210","OTU_3197","PP763980.1",1
"2211","OTU_3197","PP763982.1",1
"2212","OTU_3197","PP763987.1",1
"2213","OTU_3197","PP763988.1",1
"2214","OTU_320","AF502338.1",1
"2215","OTU_3202","OZ181343.1",1
"2216","OTU_321","AF502298.1",1
"2217","OTU_3213","CP049858.1",1
"2218","OTU_323","XR_011639775.1",1
"2219","OTU_323","XR_011639776.1",1
"2220","OTU_323","XR_011641168.1",1
"2221","OTU_323","XR_011641169.1",1
"2222","OTU_323","XR_011641170.1",1
"2223","OTU_3248","AP026714.1",1
"2224","OTU_3248","AP026718.1",1
"2225","OTU_3248","AP026721.1",1
"2226","OTU_3248","AP026726.2",1
"2227","OTU_3248","CP002621.1",1
"2228","OTU_3248","CP025020.1",1
"2229","OTU_3248","CP025021.1",1
"2230","OTU_3248","CP028285.1",1
"2231","OTU_3248","CP042216.2",1
"2232","OTU_3248","CP046022.1",1
"2233","OTU_3248","CP068249.1",1
"2234","OTU_3248","CP070620.1",1
"2235","OTU_3248","CP078162.1",1
"2236","OTU_3248","CP081505.1",1
"2237","OTU_3248","CP085289.1",1
"2238","OTU_3248","CP085291.1",1
"2239","OTU_3248","CP085841.1",1
"2240","OTU_3248","CP086564.1",1
"2241","OTU_3248","CP086566.1",1
"2242","OTU_3248","CP091904.1",1
"2243","OTU_3248","CP092907.1",1
"2244","OTU_3248","CP093957.1",1
"2245","OTU_3248","CP097031.1",1
"2246","OTU_3248","CP098743.1",1
"2247","OTU_3248","CP100596.1",1
"2248","OTU_3248","CP101392.1",1
"2249","OTU_3248","CP102070.1",1
"2250","OTU_3248","CP110068.1",1
"2251","OTU_3248","CP113832.1",1
"2252","OTU_3248","CP118755.1",1
"2253","OTU_3248","CP124956.1",1
"2254","OTU_3248","CP133758.1",1
"2255","OTU_3248","CP151209.1",1
"2256","OTU_3248","CP151211.1",1
"2257","OTU_3248","CP159715.1",1
"2258","OTU_3248","CP159724.1",1
"2259","OTU_3248","CP170810.1",1
"2260","OTU_3248","CP170811.1",1
"2261","OTU_3248","CP172949.1",1
"2262","OTU_3248","CP172950.1",1
"2263","OTU_3248","CP172951.1",1
"2264","OTU_3248","CP172952.1",1
"2265","OTU_3248","CP173761.1",1
"2266","OTU_3248","CP174856.1",1
"2267","OTU_3248","CP197316.1",1
"2268","OTU_3248","LR961938.1",1
"2269","OTU_3248","LR961942.1",1
"2270","OTU_3248","LR962002.1",1
"2271","OTU_3248","LR962008.1",1
"2272","OTU_3248","LR962029.1",1
"2273","OTU_3248","LR962046.1",1
"2274","OTU_3248","LR962053.1",1
"2275","OTU_3248","LR962086.1",1
"2276","OTU_3248","LR962144.1",1
"2277","OTU_3248","LR962213.1",1
"2278","OTU_3248","LR962231.1",1
"2279","OTU_3248","LR962331.1",1
"2280","OTU_3248","LR962461.1",1
"2281","OTU_3248","LR962525.1",1
"2282","OTU_3248","LR962572.1",1
"2283","OTU_3248","LR962589.1",1
"2284","OTU_3248","LR962611.1",1
"2285","OTU_3248","LR962628.1",1
"2286","OTU_3248","LR962663.1",1
"2287","OTU_3248","LR962666.1",1
"2288","OTU_3248","LR962687.1",1
"2289","OTU_3248","LR962720.1",1
"2290","OTU_3248","LR962723.1",1
"2291","OTU_3248","LR962738.1",1
"2292","OTU_3248","OD940431.1",1
"2293","OTU_3248","OD940434.1",1
"2294","OTU_3248","OZ223663.1",1
"2295","OTU_329","XM_071195250.1",1
"2296","OTU_329","XM_071196010.1",1
"2297","OTU_329","XM_071196594.1",1
"2298","OTU_329","XM_071199014.1",1
"2299","OTU_329","XM_071200410.1",1
"2300","OTU_329","XM_071201514.1",1
"2301","OTU_3311","XR_002757211.1",1
"2302","OTU_332","AF502345.1",1
"2303","OTU_3330","XM_067282292.1",1
"2304","OTU_334","XM_071196678.1",1
"2305","OTU_3380","CP026933.2",1
"2306","OTU_3380","CP026937.1",1
"2307","OTU_3380","CP040912.1",1
"2308","OTU_3380","CP042866.1",1
"2309","OTU_3380","CP042868.1",1
"2310","OTU_3380","CP042907.1",1
"2311","OTU_3380","CP044377.1",1
"2312","OTU_3380","CP044386.1",1
"2313","OTU_3380","CP044520.1",1
"2314","OTU_3380","CP047701.1",1
"2315","OTU_3380","CP052240.1",1
"2316","OTU_3380","CP052327.1",1
"2317","OTU_3380","CP053876.1",2
"2318","OTU_3380","CP060813.1",1
"2319","OTU_3380","CP061906.1",1
"2320","OTU_3380","CP061907.1",1
"2321","OTU_3380","CP067508.1",1
"2322","OTU_3380","CP067534.1",1
"2323","OTU_3380","CP067567.1",1
"2324","OTU_3380","CP067734.1",1
"2325","OTU_3380","CP067779.1",1
"2326","OTU_3380","CP067790.1",1
"2327","OTU_3380","CP067809.1",1
"2328","OTU_3380","CP067898.1",1
"2329","OTU_3380","CP067909.1",1
"2330","OTU_3380","CP067936.1",1
"2331","OTU_3380","CP067973.1",1
"2332","OTU_3380","CP069683.1",1
"2333","OTU_3380","CP072906.1",1
"2334","OTU_3380","CP074212.1",1
"2335","OTU_3380","CP075592.1",1
"2336","OTU_3380","CP077437.1",1
"2337","OTU_3380","CP084302.1",1
"2338","OTU_3380","CP086418.1",1
"2339","OTU_3380","CP086425.1",1
"2340","OTU_3380","CP093246.1",1
"2341","OTU_3380","CP095133.1",1
"2342","OTU_3380","CP095141.1",1
"2343","OTU_3380","CP095146.1",1
"2344","OTU_3380","CP103302.1",1
"2345","OTU_3380","CP103552.1",1
"2346","OTU_3380","CP103688.1",1
"2347","OTU_3380","CP114785.1",1
"2348","OTU_3380","CP126042.1",1
"2349","OTU_3380","CP128258.1",1
"2350","OTU_3380","CP128541.1",1
"2351","OTU_3380","CP129122.1",1
"2352","OTU_3380","CP129404.1",1
"2353","OTU_3380","CP130496.1",1
"2354","OTU_3380","CP131741.1",1
"2355","OTU_3380","CP132674.1",1
"2356","OTU_3380","CP132695.1",1
"2357","OTU_3380","CP136408.1",1
"2358","OTU_3380","CP137403.1",1
"2359","OTU_3380","CP137423.1",1
"2360","OTU_3380","CP155794.1",1
"2361","OTU_3380","CP165796.1",1
"2362","OTU_3380","CP165835.1",1
"2363","OTU_3380","CP165868.1",1
"2364","OTU_3380","CP165908.1",1
"2365","OTU_3380","CP165912.1",1
"2366","OTU_3380","CP165935.1",1
"2367","OTU_3380","CP165960.1",1
"2368","OTU_3380","CP169832.1",1
"2369","OTU_3380","CP170631.1",1
"2370","OTU_3380","CP180718.1",1
"2371","OTU_3380","CP183901.1",1
"2372","OTU_3380","CP183905.1",1
"2373","OTU_3380","CP183912.1",1
"2374","OTU_3380","LR882919.1",1
"2375","OTU_3380","LR882933.1",1
"2376","OTU_3380","LR991402.1",1
"2377","OTU_3380","MN065773.1",1
"2378","OTU_3380","MN207908.1",1
"2379","OTU_3380","MT544369.1",1
"2380","OTU_3380","MT868880.1",1
"2381","OTU_3380","MT929286.1",1
"2382","OTU_3380","MT929287.1",1
"2383","OTU_3380","MT929288.1",1
"2384","OTU_3380","MW266061.1",1
"2385","OTU_3380","MW273770.1",1
"2386","OTU_3380","MZ419555.1",1
"2387","OTU_3380","MZ465530.1",1
"2388","OTU_3380","MZ465531.1",1
"2389","OTU_3380","OM046572.1",1
"2390","OTU_3380","OR724974.1",1
"2391","OTU_3380","OR724975.1",1
"2392","OTU_3380","OR724977.1",1
"2393","OTU_3380","OR724979.1",1
"2394","OTU_3380","OV141394.1",1
"2395","OTU_3380","OW849060.1",1
"2396","OTU_3380","OW959901.1",1
"2397","OTU_3380","OW968080.1",1
"2398","OTU_3380","OW968319.1",1
"2399","OTU_3380","OW968392.1",1
"2400","OTU_3380","PQ040465.1",1
"2401","OTU_3380","PQ040469.1",1
"2402","OTU_3380","PQ040473.1",1
"2403","OTU_3380","PQ040480.1",1
"2404","OTU_3380","PQ040496.1",1
"2405","OTU_3390","OZ311396.1",1
"2406","OTU_340","AJ842850.1",1
"2407","OTU_3428","XM_071194703.1",1
"2408","OTU_3439","MG196302.1",1
"2409","OTU_3439","MG196309.1",1
"2410","OTU_3439","NC_026781.1",1
"2411","OTU_3439","OR256839.1",1
"2412","OTU_3439","OR256843.1",1
"2413","OTU_3439","OR256860.1",1
"2414","OTU_3439","OR256861.1",1
"2415","OTU_3439","OR256865.1",1
"2416","OTU_3439","OR256866.1",1
"2417","OTU_3439","OR256868.1",1
"2418","OTU_3439","OR256870.1",1
"2419","OTU_3439","OR256871.1",1
"2420","OTU_3439","OR256872.1",1
"2421","OTU_3439","OR256873.1",1
"2422","OTU_3439","OR256874.1",1
"2423","OTU_3439","OR256875.1",1
"2424","OTU_3439","OR256888.1",1
"2425","OTU_3439","OR256889.1",1
"2426","OTU_3439","OR256895.1",1
"2427","OTU_3439","OR256897.1",1
"2428","OTU_3439","OR256898.1",1
"2429","OTU_3439","OR256912.1",1
"2430","OTU_3439","OR256950.1",1
"2431","OTU_3439","OR256951.1",1
"2432","OTU_3439","OR256952.1",1
"2433","OTU_3439","OR256977.1",1
"2434","OTU_3439","OR256981.1",1
"2435","OTU_3439","OR256982.1",1
"2436","OTU_3439","OR256983.1",1
"2437","OTU_3439","OR256984.1",1
"2438","OTU_3439","OR256985.1",1
"2439","OTU_3439","OR257004.1",1
"2440","OTU_3439","OR257005.1",1
"2441","OTU_3439","OR257006.1",1
"2442","OTU_3439","OR257007.1",1
"2443","OTU_3439","OR257008.1",1
"2444","OTU_3439","OR257009.1",1
"2445","OTU_3439","OR257015.1",1
"2446","OTU_3439","OR257016.1",1
"2447","OTU_3439","OR257017.1",1
"2448","OTU_3439","OR257018.1",1
"2449","OTU_3439","OR257019.1",1
"2450","OTU_3439","OR257020.1",1
"2451","OTU_3439","OR257029.1",1
"2452","OTU_3439","OR257030.1",1
"2453","OTU_3439","OR257031.1",1
"2454","OTU_3439","OR327010.1",1
"2455","OTU_3439","OR327011.1",1
"2456","OTU_3439","OR327012.1",1
"2457","OTU_3439","OR327013.1",1
"2458","OTU_3439","OR327014.1",1
"2459","OTU_3439","OR327015.1",1
"2460","OTU_3439","OR327016.1",1
"2461","OTU_3439","OR327017.1",1
"2462","OTU_3439","OR327018.1",1
"2463","OTU_3439","OR327019.1",1
"2464","OTU_3439","OR327020.1",1
"2465","OTU_3439","OR327021.1",1
"2466","OTU_3439","PP110760.1",1
"2467","OTU_3439","PP266613.1",1
"2468","OTU_3439","PP266614.1",1
"2469","OTU_3439","PP266615.1",1
"2470","OTU_3439","PP266616.1",1
"2471","OTU_3439","PP266618.1",1
"2472","OTU_3439","PP266620.1",1
"2473","OTU_3439","PP266621.1",1
"2474","OTU_3439","PP266622.1",1
"2475","OTU_3439","PP266623.1",1
"2476","OTU_3439","PP266624.1",1
"2477","OTU_3439","PP266625.1",1
"2478","OTU_3439","PP266626.1",1
"2479","OTU_3439","PP266628.1",1
"2480","OTU_3439","PP266630.1",1
"2481","OTU_3439","PP266631.1",1
"2482","OTU_3439","PP266632.1",1
"2483","OTU_3439","PP266634.1",1
"2484","OTU_3439","PP266636.1",1
"2485","OTU_3439","PP266638.1",1
"2486","OTU_3439","PV872601.1",1
"2487","OTU_3439","PV872602.1",1
"2488","OTU_3439","PV872603.1",1
"2489","OTU_3439","PV872604.1",1
"2490","OTU_3439","PV872605.1",1
"2491","OTU_3451","XM_023051286.2",1
"2492","OTU_3459","XM_023046925.2",1
"2493","OTU_3460","XM_023047851.2",1
"2494","OTU_3460","XM_023047853.2",1
"2495","OTU_3460","XM_023047854.2",1
"2496","OTU_3460","XM_023047855.2",1
"2497","OTU_3460","XM_023047858.2",1
"2498","OTU_3460","XM_023047859.2",1
"2499","OTU_3460","XM_071196437.1",1
"2500","OTU_3460","XM_071196438.1",1
"2501","OTU_3460","XM_071196439.1",1
"2502","OTU_3460","XM_071196440.1",1
"2503","OTU_3460","XM_071196441.1",1
"2504","OTU_3460","XM_071196442.1",1
"2505","OTU_3460","XM_071196443.1",1
"2506","OTU_3462","XM_023065113.2",1
"2507","OTU_3476","OZ181336.1",2
"2508","OTU_3476","OZ181337.1",1
"2509","OTU_3477","XM_076488797.1",1
"2510","OTU_3477","XM_076488798.1",1
"2511","OTU_348","AP014627.1",1
"2512","OTU_348","AP014628.1",1
"2513","OTU_348","CP091067.1",1
"2514","OTU_348","CP179909.1",1
"2515","OTU_35","MT576801.1",1
"2516","OTU_35","MT576809.1",1
"2517","OTU_35","MT576811.1",1
"2518","OTU_35","MT576813.1",1
"2519","OTU_35","MT576815.1",1
"2520","OTU_35","MT576823.1",1
"2521","OTU_35","MT576838.1",1
"2522","OTU_35","MT576844.1",1
"2523","OTU_35","MZ087694.1",1
"2524","OTU_35","MZ087696.1",1
"2525","OTU_35","MZ087697.1",1
"2526","OTU_35","MZ901378.1",1
"2527","OTU_35","MZ901387.1",1
"2528","OTU_35","MZ901388.1",1
"2529","OTU_35","MZ901403.1",1
"2530","OTU_35","MZ901410.1",1
"2531","OTU_35","MZ901424.1",1
"2532","OTU_35","MZ901426.1",1
"2533","OTU_35","MZ901427.1",1
"2534","OTU_35","MZ901429.1",1
"2535","OTU_35","MZ901444.1",1
"2536","OTU_35","MZ901448.1",1
"2537","OTU_35","MZ901456.1",1
"2538","OTU_35","MZ901462.1",1
"2539","OTU_35","MZ901470.1",1
"2540","OTU_35","MZ901473.1",1
"2541","OTU_35","MZ901485.1",1
"2542","OTU_35","MZ901486.1",1
"2543","OTU_35","MZ901492.1",1
"2544","OTU_35","MZ901495.1",1
"2545","OTU_35","MZ901500.1",1
"2546","OTU_35","MZ901511.1",1
"2547","OTU_35","MZ901515.1",1
"2548","OTU_35","MZ901516.1",1
"2549","OTU_35","MZ901517.1",1
"2550","OTU_35","MZ901519.1",1
"2551","OTU_35","MZ901525.1",1
"2552","OTU_35","MZ901526.1",1
"2553","OTU_35","MZ901531.1",1
"2554","OTU_35","MZ901533.1",1
"2555","OTU_35","MZ901535.1",1
"2556","OTU_35","MZ901538.1",1
"2557","OTU_35","MZ901544.1",1
"2558","OTU_35","MZ901546.1",1
"2559","OTU_35","MZ901547.1",1
"2560","OTU_35","MZ901551.1",1
"2561","OTU_35","MZ901557.1",1
"2562","OTU_35","MZ901560.1",1
"2563","OTU_35","MZ901585.1",1
"2564","OTU_35","MZ901588.1",1
"2565","OTU_35","MZ901594.1",1
"2566","OTU_35","MZ901597.1",1
"2567","OTU_35","MZ901610.1",1
"2568","OTU_35","MZ901615.1",1
"2569","OTU_35","MZ901625.1",1
"2570","OTU_35","MZ901636.1",1
"2571","OTU_35","MZ901638.1",1
"2572","OTU_35","MZ901641.1",1
"2573","OTU_35","MZ901644.1",1
"2574","OTU_35","MZ901649.1",1
"2575","OTU_35","MZ901650.1",1
"2576","OTU_35","MZ901658.1",1
"2577","OTU_35","MZ901660.1",1
"2578","OTU_35","MZ901663.1",1
"2579","OTU_35","MZ901664.1",1
"2580","OTU_35","MZ901665.1",1
"2581","OTU_35","MZ901666.1",1
"2582","OTU_35","MZ901695.1",1
"2583","OTU_35","MZ901698.1",1
"2584","OTU_35","MZ901699.1",1
"2585","OTU_35","MZ901701.1",1
"2586","OTU_35","MZ901705.1",1
"2587","OTU_35","MZ901707.1",1
"2588","OTU_35","MZ901710.1",1
"2589","OTU_35","MZ901711.1",1
"2590","OTU_35","MZ901715.1",1
"2591","OTU_35","MZ901716.1",1
"2592","OTU_35","MZ901717.1",1
"2593","OTU_35","MZ901723.1",1
"2594","OTU_35","MZ901726.1",1
"2595","OTU_35","MZ901735.1",1
"2596","OTU_35","MZ901736.1",1
"2597","OTU_35","MZ901741.1",1
"2598","OTU_35","MZ901746.1",1
"2599","OTU_35","MZ901750.1",1
"2600","OTU_35","MZ901757.1",1
"2601","OTU_35","MZ901759.1",1
"2602","OTU_35","OP859004.1",1
"2603","OTU_35","OP859005.1",1
"2604","OTU_35","OQ507959.1",1
"2605","OTU_35","OR360028.1",1
"2606","OTU_35","OR360030.1",1
"2607","OTU_35","OR360079.1",1
"2608","OTU_35","OR766834.1",1
"2609","OTU_35","OR766840.1",1
"2610","OTU_35","OR766861.1",1
"2611","OTU_35","OR766863.1",1
"2612","OTU_35","OR777284.1",1
"2613","OTU_35","OR777288.1",1
"2614","OTU_35","PP780079.1",1
"2615","OTU_352","XR_011642097.1",1
"2616","OTU_352","XR_011642098.1",1
"2617","OTU_3523","XR_006869216.1",1
"2618","OTU_3523","XR_006869217.1",1
"2619","OTU_3523","XR_006869218.1",1
"2620","OTU_3539","XM_023065382.2",1
"2621","OTU_3539","XM_023065383.2",1
"2622","OTU_3539","XM_023065384.2",1
"2623","OTU_3539","XM_023065387.2",1
"2624","OTU_3539","XM_071198139.1",1
"2625","OTU_3539","XM_071198140.1",1
"2626","OTU_3558","XM_071194703.1",1
"2627","OTU_3579","XM_023047228.2",1
"2628","OTU_3579","XM_071198407.1",1
"2629","OTU_3579","XM_071198411.1",1
"2630","OTU_3579","XM_071198416.1",1
"2631","OTU_3579","XM_071198419.1",1
"2632","OTU_3598","AC008512.8",1
"2633","OTU_3598","AC008580.7",1
"2634","OTU_3598","AC021080.4",1
"2635","OTU_3598","AC026409.4",1
"2636","OTU_3598","FN673986.1",1
"2637","OTU_3598","MW524740.1",1
"2638","OTU_362","CP130888.1",1
"2639","OTU_362","CP151977.1",1
"2640","OTU_364","KY471456.1",1
"2641","OTU_364","MN276053.1",1
"2642","OTU_364","MW489467.1",1
"2643","OTU_364","NC_028162.1",1
"2644","OTU_364","NC_041422.1",1
"2645","OTU_364","OR757046.1",1
"2646","OTU_3663","XM_071194703.1",1
"2647","OTU_3672","AP039052.1",1
"2648","OTU_3685","XM_067268986.1",1
"2649","OTU_3719","AC074322.4",1
"2650","OTU_3719","NG_009191.3",1
"2651","OTU_372","AC104629.10",1
"2652","OTU_3733","OZ181336.1",1
"2653","OTU_3733","OZ181337.1",1
"2654","OTU_375","AC138776.2",1
"2655","OTU_375","AC241545.2",1
"2656","OTU_375","AC279567.1",1
"2657","OTU_375","AC279671.1",1
"2658","OTU_375","AC279708.1",1
"2659","OTU_375","AL355793.6",1
"2660","OTU_375","BX511022.7",1
"2661","OTU_375","FP325308.11",1
"2662","OTU_379","XM_023047388.2",1
"2663","OTU_379","XM_023047396.2",1
"2664","OTU_38","NC_036729.1",1
"2665","OTU_3830","XM_023051286.2",1
"2666","OTU_3859","AP027454.1",1
"2667","OTU_3859","AP027487.1",1
"2668","OTU_3859","AP027532.1",1
"2669","OTU_3859","AP027626.1",1
"2670","OTU_3859","AP042659.1",1
"2671","OTU_3859","CP059339.1",1
"2672","OTU_3859","CP069086.1",1
"2673","OTU_3859","CP084895.2",1
"2674","OTU_3859","CP098996.1",1
"2675","OTU_3859","CP099034.1",1
"2676","OTU_3859","CP099089.1",1
"2677","OTU_3859","CP099106.1",1
"2678","OTU_3859","CP099118.1",1
"2679","OTU_3859","CP099205.1",1
"2680","OTU_3859","CP099246.1",1
"2681","OTU_3859","CP101005.1",1
"2682","OTU_3859","CP114792.1",1
"2683","OTU_3859","CP115180.1",1
"2684","OTU_3859","CP119003.1",1
"2685","OTU_3859","CP119441.1",1
"2686","OTU_3859","CP119734.1",1
"2687","OTU_3859","CP121087.1",1
"2688","OTU_3859","CP122625.1",1
"2689","OTU_3859","CP122733.1",1
"2690","OTU_3859","CP122929.1",1
"2691","OTU_3859","CP123274.1",1
"2692","OTU_3859","CP124994.1",1
"2693","OTU_3859","CP128897.1",1
"2694","OTU_3859","CP134389.1",1
"2695","OTU_3859","CP138487.1",1
"2696","OTU_3859","CP140466.1",1
"2697","OTU_3859","CP141100.1",1
"2698","OTU_3859","CP141749.1",1
"2699","OTU_3859","CP141840.1",1
"2700","OTU_3859","CP143092.1",1
"2701","OTU_3859","CP145618.1",1
"2702","OTU_3859","CP145620.1",1
"2703","OTU_3859","CP145683.1",1
"2704","OTU_3859","CP145700.1",1
"2705","OTU_3859","CP146650.1",1
"2706","OTU_3859","CP146665.1",1
"2707","OTU_3859","CP146687.1",1
"2708","OTU_3859","CP147130.1",1
"2709","OTU_3859","CP148063.1",1
"2710","OTU_3859","CP148416.1",1
"2711","OTU_3859","CP148445.1",1
"2712","OTU_3859","CP148483.1",1
"2713","OTU_3859","CP149449.1",1
"2714","OTU_3859","CP149967.1",1
"2715","OTU_3859","CP154887.1",1
"2716","OTU_3859","CP157234.1",1
"2717","OTU_3859","CP158333.1",1
"2718","OTU_3859","CP158450.1",1
"2719","OTU_3859","CP159630.1",1
"2720","OTU_3859","CP160823.1",1
"2721","OTU_3859","CP163675.1",1
"2722","OTU_3859","CP163729.1",1
"2723","OTU_3859","CP164158.1",1
"2724","OTU_3859","CP164232.1",1
"2725","OTU_3859","CP165060.1",1
"2726","OTU_3859","CP165465.1",1
"2727","OTU_3859","CP166435.1",1
"2728","OTU_3859","CP167195.1",1
"2729","OTU_3859","CP169035.1",1
"2730","OTU_3859","CP169145.1",1
"2731","OTU_3859","CP169149.1",1
"2732","OTU_3859","CP169186.1",1
"2733","OTU_3859","CP169569.1",1
"2734","OTU_3859","CP171869.1",1
"2735","OTU_3859","CP172152.1",1
"2736","OTU_3859","CP172173.1",1
"2737","OTU_3859","CP173445.1",1
"2738","OTU_3859","CP173524.1",1
"2739","OTU_3859","CP173544.1",1
"2740","OTU_3859","CP178690.1",1
"2741","OTU_3859","CP180222.1",1
"2742","OTU_3859","CP181477.1",1
"2743","OTU_3859","CP181570.1",1
"2744","OTU_3859","CP182013.1",1
"2745","OTU_3859","CP182080.1",1
"2746","OTU_3859","CP184992.1",1
"2747","OTU_3859","CP187284.1",1
"2748","OTU_3859","CP188138.1",1
"2749","OTU_3859","CP188159.1",1
"2750","OTU_3859","CP190204.1",1
"2751","OTU_3859","CP191804.1",1
"2752","OTU_3859","CP194953.1",1
"2753","OTU_3859","CP195955.1",1
"2754","OTU_3859","CP196266.1",1
"2755","OTU_3859","OY757949.1",1
"2756","OTU_3859","OZ038903.1",1
"2757","OTU_3859","OZ039234.1",1
"2758","OTU_3859","OZ039766.1",1
"2759","OTU_3859","OZ039943.1",1
"2760","OTU_3859","OZ039967.1",1
"2761","OTU_3859","OZ039993.1",1
"2762","OTU_3859","OZ040622.1",1
"2763","OTU_3859","OZ040846.1",1
"2764","OTU_3859","OZ043886.1",1
"2765","OTU_3859","OZ223263.1",1
"2766","OTU_389","AB188189.1",1
"2767","OTU_389","MH918138.1",1
"2768","OTU_389","NC_036147.1",1
"2769","OTU_389","OP931230.1",1
"2770","OTU_389","OP931231.1",1
"2771","OTU_389","OP931233.1",1
"2772","OTU_389","OP931237.1",1
"2773","OTU_389","OP931240.1",1
"2774","OTU_389","OP931251.1",1
"2775","OTU_389","OP931255.1",1
"2776","OTU_389","OP931267.1",1
"2777","OTU_389","OP931272.1",1
"2778","OTU_389","OP931281.1",1
"2779","OTU_389","OP931285.1",1
"2780","OTU_389","OP931290.1",1
"2781","OTU_389","PP928743.1",1
"2782","OTU_39","LC618831.1",1
"2783","OTU_39","MT818506.1",1
"2784","OTU_39","OP459436.1",1
"2785","OTU_39","PP492841.1",1
"2786","OTU_390","AB634643.1",1
"2787","OTU_390","PQ766562.1",1
"2788","OTU_391","AP011178.1",1
"2789","OTU_391","AP011236.1",1
"2790","OTU_391","AP011237.1",1
"2791","OTU_391","AP011239.1",1
"2792","OTU_391","FJ710917.1",1
"2793","OTU_391","GU086395.1",1
"2794","OTU_391","GU086396.1",1
"2795","OTU_391","GU086397.1",1
"2796","OTU_391","GU138989.1",1
"2797","OTU_391","GU186888.1",1
"2798","OTU_391","HQ401008.1",1
"2799","OTU_391","HQ615467.1",1
"2800","OTU_391","JF496197.1",1
"2801","OTU_391","JF496198.1",1
"2802","OTU_391","JN105355.1",1
"2803","OTU_391","KF147851.1",1
"2804","OTU_391","KJ476998.1",1
"2805","OTU_391","KJ874428.1",1
"2806","OTU_391","KJ874429.1",1
"2807","OTU_391","KJ874430.1",1
"2808","OTU_391","KJ874431.1",1
"2809","OTU_391","KM657132.1",1
"2810","OTU_391","KM657133.1",1
"2811","OTU_391","KM657134.1",1
"2812","OTU_391","KM659025.1",1
"2813","OTU_391","KT756205.1",1
"2814","OTU_391","KU146528.1",1
"2815","OTU_391","KU668569.1",1
"2816","OTU_391","KU668570.1",1
"2817","OTU_391","KU668572.1",1
"2818","OTU_391","KU668573.1",1
"2819","OTU_391","KU668574.1",1
"2820","OTU_391","KU668575.1",1
"2821","OTU_391","KU668576.1",1
"2822","OTU_391","KU668577.1",1
"2823","OTU_391","KU668578.1",1
"2824","OTU_391","KU668579.1",1
"2825","OTU_391","KU821707.1",1
"2826","OTU_391","KU896991.1",1
"2827","OTU_391","KU896992.1",1
"2828","OTU_391","KX505165.1",1
"2829","OTU_391","KX505166.1",1
"2830","OTU_391","KX611160.1",1
"2831","OTU_391","KX781320.1",1
"2832","OTU_391","KY798482.1",1
"2833","OTU_391","LC742188.1",1
"2834","OTU_391","LC765847.1",1
"2835","OTU_391","MF443758.1",1
"2836","OTU_391","MF443760.1",1
"2837","OTU_391","MF443761.1",1
"2838","OTU_391","MF443762.1",1
"2839","OTU_391","MF443763.1",1
"2840","OTU_391","MF443764.1",1
"2841","OTU_391","MF443765.1",1
"2842","OTU_391","MF443766.1",1
"2843","OTU_391","MF443767.1",1
"2844","OTU_391","MF443768.1",1
"2845","OTU_391","MF443769.1",1
"2846","OTU_391","MF443770.1",1
"2847","OTU_391","MF443771.1",1
"2848","OTU_391","MK085972.1",1
"2849","OTU_391","MK085973.1",1
"2850","OTU_391","NC_013433.1",1
"2851","OTU_391","NC_015142.1",1
"2852","OTU_391","NC_031430.1",1
"2853","OTU_391","NC_035976.1",1
"2854","OTU_391","OK945938.1",1
"2855","OTU_391","ON479126.1",1
"2856","OTU_391","ON479127.1",1
"2857","OTU_391","ON479128.1",1
"2858","OTU_391","OP422376.1",1
"2859","OTU_391","OP422377.1",1
"2860","OTU_391","OP422378.1",1
"2861","OTU_391","OP422379.1",1
"2862","OTU_391","OP422380.1",1
"2863","OTU_391","OP882627.1",1
"2864","OTU_391","OP882628.1",1
"2865","OTU_391","OP931123.1",1
"2866","OTU_391","OP931125.1",1
"2867","OTU_391","OP931128.1",1
"2868","OTU_391","OQ679763.1",1
"2869","OTU_391","OR094947.1",1
"2870","OTU_391","OR094950.1",1
"2871","OTU_391","OR094951.1",1
"2872","OTU_391","OR094971.1",1
"2873","OTU_391","OR094973.1",1
"2874","OTU_391","OR095008.1",1
"2875","OTU_391","OR095009.1",1
"2876","OTU_391","OR096138.1",1
"2877","OTU_391","OR096139.1",1
"2878","OTU_391","OR096141.1",1
"2879","OTU_391","OR737850.1",1
"2880","OTU_391","OR950752.1",1
"2881","OTU_391","PP118434.1",1
"2882","OTU_391","PQ083396.1",1
"2883","OTU_391","PQ240357.1",1
"2884","OTU_391","PQ240358.1",1
"2885","OTU_391","PV257635.1",1
"2886","OTU_391","PV631140.1",1
"2887","OTU_391","PX108871.1",1
"2888","OTU_393","AF502341.1",1
"2889","OTU_3936","XM_023045948.2",1
"2890","OTU_399","AF502307.1",1
"2891","OTU_3995","XM_071194703.1",1
"2892","OTU_40","XR_011639775.1",1
"2893","OTU_40","XR_011639776.1",1
"2894","OTU_40","XR_011641168.1",1
"2895","OTU_40","XR_011641169.1",1
"2896","OTU_40","XR_011641170.1",1
"2897","OTU_4014","XM_023045369.2",1
"2898","OTU_4014","XM_023045370.2",1
"2899","OTU_4014","XM_023045371.2",1
"2900","OTU_4014","XM_023045372.2",1
"2901","OTU_4067","OZ181337.1",1
"2902","OTU_4067","OZ181344.1",1
"2903","OTU_4075","XM_071194703.1",1
"2904","OTU_4142","XM_071194703.1",1
"2905","OTU_4153","XM_071198278.1",1
"2906","OTU_4153","XM_071198281.1",1
"2907","OTU_4153","XR_002706845.2",1
"2908","OTU_4153","XR_011640558.1",1
"2909","OTU_4153","XR_011641967.1",1
"2910","OTU_4190","XM_053694189.1",1
"2911","OTU_4196","LR796421.1",1
"2912","OTU_420","OP070718.1",1
"2913","OTU_420","PP209160.1",1
"2914","OTU_420","XM_001487246.1",1
"2915","OTU_423","OZ310891.1",1
"2916","OTU_4245","XR_011642417.1",1
"2917","OTU_427","AP017949.1",1
"2918","OTU_427","AP018760.1",1
"2919","OTU_427","NC_035064.1",1
"2920","OTU_4283","XM_023057453.2",1
"2921","OTU_4299","XR_011640643.1",1
"2922","OTU_43","EU189381.1",1
"2923","OTU_43","GQ338940.1",1
"2924","OTU_43","KJ192628.1",1
"2925","OTU_43","KJ192629.1",1
"2926","OTU_43","KJ192630.1",1
"2927","OTU_43","KJ192631.1",1
"2928","OTU_43","NC_020737.1",1
"2929","OTU_43","OK184162.1",1
"2930","OTU_43","OK184163.1",1
"2931","OTU_43","OK184164.1",1
"2932","OTU_43","OP088004.1",1
"2933","OTU_43","OP088005.1",1
"2934","OTU_43","OP088006.1",1
"2935","OTU_43","OR360014.1",1
"2936","OTU_43","OR360074.1",1
"2937","OTU_4347","OP087522.1",1
"2938","OTU_4347","OP251154.1",1
"2939","OTU_4347","OQ357823.1",1
"2940","OTU_4347","PP069512.1",1
"2941","OTU_4347","PQ221054.1",1
"2942","OTU_4369","BK022263.1",1
"2943","OTU_4372","XM_071196893.1",1
"2944","OTU_4372","XR_011639963.1",1
"2945","OTU_4374","XR_011641359.1",1
"2946","OTU_4377","XR_011639787.1",1
"2947","OTU_438","XM_023054646.2",1
"2948","OTU_44","XR_011639775.1",1
"2949","OTU_44","XR_011639776.1",1
"2950","OTU_44","XR_011641168.1",1
"2951","OTU_44","XR_011641169.1",1
"2952","OTU_44","XR_011641170.1",1
"2953","OTU_440","BX119964.4",1
"2954","OTU_440","FN674044.1",1
"2955","OTU_440","MW524395.1",1
"2956","OTU_4402","AF502334.1",1
"2957","OTU_4432","CP023256.1",1
"2958","OTU_4432","CP031747.1",1
"2959","OTU_4432","CP092182.1",1
"2960","OTU_4432","CP097341.1",1
"2961","OTU_4469","OZ310744.1",1
"2962","OTU_4518","PQ646978.1",1
"2963","OTU_4521","XM_023054269.2",1
"2964","OTU_4637","CP024025.1",1
"2965","OTU_464","XM_071198278.1",1
"2966","OTU_464","XM_071198281.1",1
"2967","OTU_464","XR_002706845.2",1
"2968","OTU_464","XR_011640558.1",1
"2969","OTU_464","XR_011641967.1",1
"2970","OTU_4681","AP014864.1",1
"2971","OTU_4681","CP001176.1",1
"2972","OTU_4681","CP009686.1",1
"2973","OTU_4681","CP010272.1",1
"2974","OTU_4681","CP012691.1",1
"2975","OTU_4681","CP016315.1",1
"2976","OTU_4681","CP017234.1",1
"2977","OTU_4681","CP020383.1",1
"2978","OTU_4681","CP020803.1",1
"2979","OTU_4681","CP020804.1",1
"2980","OTU_4681","CP021436.1",1
"2981","OTU_4681","CP022445.1",1
"2982","OTU_4681","CP023245.1",1
"2983","OTU_4681","CP023727.1",1
"2984","OTU_4681","CP026607.1",1
"2985","OTU_4681","CP028516.1",1
"2986","OTU_4681","CP029468.1",1
"2987","OTU_4681","CP031062.1",1
"2988","OTU_4681","CP031065.1",1
"2989","OTU_4681","CP040342.1",1
"2990","OTU_4681","CP042874.1",1
"2991","OTU_4681","CP044978.1",1
"2992","OTU_4681","CP050183.1",1
"2993","OTU_4681","CP068135.1",1
"2994","OTU_4681","CP074714.1",1
"2995","OTU_4681","CP085501.1",1
"2996","OTU_4681","CP085506.1",1
"2997","OTU_4681","CP085510.1",1
"2998","OTU_4681","CP090016.1",1
"2999","OTU_4681","CP090421.1",1
"3000","OTU_4681","CP091476.1",1
"3001","OTU_4681","CP094407.1",1
"3002","OTU_4681","CP094624.1",1
"3003","OTU_4681","CP097351.1",1
"3004","OTU_4681","CP098734.1",1
"3005","OTU_4681","CP110129.1",1
"3006","OTU_4681","CP115856.1",1
"3007","OTU_4681","CP129005.1",1
"3008","OTU_4681","CP130491.1",1
"3009","OTU_4681","CP135060.1",1
"3010","OTU_4681","CP139101.1",1
"3011","OTU_4681","CP150193.1",1
"3012","OTU_4681","CP152433.1",1
"3013","OTU_4681","CP157848.1",1
"3014","OTU_4681","CP158363.1",1
"3015","OTU_4681","CP162505.1",1
"3016","OTU_4681","CP174498.1",1
"3017","OTU_4681","CP182325.1",1
"3018","OTU_4681","CP183877.1",1
"3019","OTU_4681","CP184769.1",1
"3020","OTU_4681","CP185782.1",1
"3021","OTU_4681","CP186337.1",1
"3022","OTU_4681","CP187290.1",1
"3023","OTU_4681","CP197377.1",1
"3024","OTU_4686","CP167868.1",1
"3025","OTU_4739","AP026729.2",1
"3026","OTU_4739","CP063980.1",1
"3027","OTU_4739","CP076493.1",1
"3028","OTU_4739","CP078015.1",1
"3029","OTU_4739","CP080759.1",1
"3030","OTU_4739","CP085841.1",1
"3031","OTU_4739","CP086411.1",1
"3032","OTU_4739","CP086560.1",1
"3033","OTU_4739","CP086592.1",1
"3034","OTU_4739","CP086726.1",1
"3035","OTU_4739","CP091227.1",1
"3036","OTU_4739","CP091235.1",1
"3037","OTU_4739","CP091237.1",1
"3038","OTU_4739","CP091240.1",1
"3039","OTU_4739","CP091884.1",1
"3040","OTU_4739","CP093957.1",1
"3041","OTU_4739","CP097010.1",1
"3042","OTU_4739","CP097034.1",1
"3043","OTU_4739","CP097059.1",1
"3044","OTU_4739","CP097066.1",1
"3045","OTU_4739","CP098743.1",1
"3046","OTU_4739","CP102070.1",1
"3047","OTU_4739","CP102120.1",1
"3048","OTU_4739","CP110032.1",1
"3049","OTU_4739","CP110041.1",1
"3050","OTU_4739","CP110068.1",1
"3051","OTU_4739","CP110072.1",1
"3052","OTU_4739","CP115992.1",1
"3053","OTU_4739","CP116561.1",1
"3054","OTU_4739","CP116571.1",1
"3055","OTU_4739","CP117489.1",1
"3056","OTU_4739","CP117508.1",1
"3057","OTU_4739","CP117970.1",1
"3058","OTU_4739","CP118048.1",1
"3059","OTU_4739","CP118085.1",1
"3060","OTU_4739","CP118755.1",1
"3061","OTU_4739","CP120229.1",1
"3062","OTU_4739","CP124891.1",1
"3063","OTU_4739","CP124906.1",1
"3064","OTU_4739","CP124908.1",1
"3065","OTU_4739","CP124916.1",1
"3066","OTU_4739","CP124921.1",1
"3067","OTU_4739","CP124939.1",1
"3068","OTU_4739","CP124953.1",1
"3069","OTU_4739","CP124956.1",1
"3070","OTU_4739","CP127397.1",1
"3071","OTU_4739","CP127410.1",1
"3072","OTU_4739","CP127440.1",1
"3073","OTU_4739","CP127444.1",1
"3074","OTU_4739","CP127486.1",1
"3075","OTU_4739","CP128464.1",1
"3076","OTU_4739","CP136341.1",1
"3077","OTU_4739","CP136351.1",1
"3078","OTU_4739","CP136360.1",1
"3079","OTU_4739","CP138658.1",1
"3080","OTU_4739","CP142811.1",1
"3081","OTU_4739","CP143587.1",1
"3082","OTU_4739","CP144330.1",1
"3083","OTU_4739","CP144764.1",1
"3084","OTU_4739","CP147728.1",1
"3085","OTU_4739","CP151209.1",1
"3086","OTU_4739","CP156022.1",1
"3087","OTU_4739","CP157638.1",1
"3088","OTU_4739","CP157778.1",1
"3089","OTU_4739","CP159629.1",1
"3090","OTU_4739","CP159724.1",1
"3091","OTU_4739","CP172894.1",1
"3092","OTU_4739","CP172896.1",1
"3093","OTU_4739","CP172900.1",1
"3094","OTU_4739","CP172901.1",1
"3095","OTU_4739","CP172923.1",1
"3096","OTU_4739","CP172927.1",1
"3097","OTU_4739","CP172933.1",1
"3098","OTU_4739","CP172950.1",1
"3099","OTU_4739","CP172951.1",1
"3100","OTU_4739","CP172952.1",1
"3101","OTU_4739","CP173670.1",1
"3102","OTU_4739","CP173761.1",1
"3103","OTU_4739","CP174864.1",1
"3104","OTU_4739","CP174922.1",1
"3105","OTU_4739","CP175045.1",1
"3106","OTU_4739","CP175056.1",1
"3107","OTU_4739","CP175062.1",1
"3108","OTU_4739","CP175106.1",1
"3109","OTU_4739","CP175110.1",1
"3110","OTU_4739","CP175230.1",1
"3111","OTU_4739","CP175257.1",1
"3112","OTU_4739","CP175395.1",1
"3113","OTU_4739","CP175397.1",1
"3114","OTU_4739","CP175400.1",1
"3115","OTU_4739","CP185780.1",1
"3116","OTU_4739","CP187333.1",1
"3117","OTU_4739","CP187337.1",1
"3118","OTU_4739","CP187864.1",1
"3119","OTU_4739","CP191285.1",1
"3120","OTU_4739","CP191299.1",1
"3121","OTU_4739","CP196910.1",1
"3122","OTU_4739","CP197297.1",1
"3123","OTU_4739","CP197322.1",1
"3124","OTU_4739","OD940440.2",1
"3125","OTU_4761","XM_074173363.1",2
"3126","OTU_4761","XM_074173364.1",2
"3127","OTU_4761","XM_074173365.1",2
"3128","OTU_4763","XM_023052148.2",2
"3129","OTU_4763","XM_071200852.1",2
"3130","OTU_481","XM_046980131.1",1
"3131","OTU_4818","XM_050675294.1",2
"3132","OTU_4818","XM_050675295.1",2
"3133","OTU_4890","XM_071196507.1",2
"3134","OTU_494","XM_058486428.1",1
"3135","OTU_495","XM_023044488.2",1
"3136","OTU_4972","XM_023047130.2",2
"3137","OTU_5","EF545592.1",1
"3138","OTU_5","KJ789952.1",1
"3139","OTU_5","NC_023541.1",1
"3140","OTU_5071","XM_067266433.1",2
"3141","OTU_51","EU621803.1",1
"3142","OTU_51","GU219858.1",1
"3143","OTU_51","JQ991603.1",1
"3144","OTU_512","AP039003.1",1
"3145","OTU_5134","OP172899.1",1
"3146","OTU_515","XM_071200692.1",1
"3147","OTU_515","XR_011642097.1",1
"3148","OTU_515","XR_011642098.1",1
"3149","OTU_520","AC013437.8",1
"3150","OTU_5207","XM_071200255.1",1
"3151","OTU_528","NC_040292.1",1
"3152","OTU_5313","OZ254140.1",1
"3153","OTU_5315","AF424963.1",1
"3154","OTU_5315","AF424965.1",1
"3155","OTU_5315","AJ842860.1",1
"3156","OTU_5315","AM084399.1",1
"3157","OTU_5315","FM179744.1",1
"3158","OTU_5315","FM179745.1",1
"3159","OTU_5315","FM179746.1",1
"3160","OTU_5315","FM179748.1",1
"3161","OTU_5315","KM850998.1",1
"3162","OTU_5315","KM850999.1",1
"3163","OTU_5315","KM851010.1",1
"3164","OTU_5315","KM851011.1",1
"3165","OTU_5315","KM851015.1",1
"3166","OTU_5315","KM851018.1",1
"3167","OTU_5315","KM851022.1",1
"3168","OTU_5315","KM851035.1",1
"3169","OTU_5315","MF893986.1",1
"3170","OTU_5315","MF893987.1",1
"3171","OTU_5315","MF893988.1",1
"3172","OTU_5315","MF893989.1",1
"3173","OTU_535","XM_023056802.2",1
"3174","OTU_535","XM_023056803.2",1
"3175","OTU_537","AP027487.1",1
"3176","OTU_537","AP038983.1",1
"3177","OTU_537","AP039429.1",1
"3178","OTU_537","CP074954.1",1
"3179","OTU_537","CP077481.1",1
"3180","OTU_537","CP077596.1",1
"3181","OTU_537","CP084895.2",1
"3182","OTU_537","CP099038.1",1
"3183","OTU_537","CP104598.1",1
"3184","OTU_537","CP107155.1",1
"3185","OTU_537","CP115180.1",1
"3186","OTU_537","CP122643.1",1
"3187","OTU_537","CP122929.1",1
"3188","OTU_537","CP124362.1",1
"3189","OTU_537","CP124994.1",1
"3190","OTU_537","CP125004.1",1
"3191","OTU_537","CP128897.1",1
"3192","OTU_537","CP135458.1",1
"3193","OTU_537","CP141840.1",1
"3194","OTU_537","CP142526.1",1
"3195","OTU_537","CP143092.1",1
"3196","OTU_537","CP146019.1",1
"3197","OTU_537","CP146650.1",1
"3198","OTU_537","CP146687.1",1
"3199","OTU_537","CP147101.1",1
"3200","OTU_537","CP148363.1",1
"3201","OTU_537","CP148391.1",1
"3202","OTU_537","CP148416.1",1
"3203","OTU_537","CP148445.1",1
"3204","OTU_537","CP148483.1",1
"3205","OTU_537","CP149836.1",1
"3206","OTU_537","CP154887.1",1
"3207","OTU_537","CP159635.1",1
"3208","OTU_537","CP160104.1",1
"3209","OTU_537","CP160823.1",1
"3210","OTU_537","CP163871.1",1
"3211","OTU_537","CP164207.1",1
"3212","OTU_537","CP164611.1",1
"3213","OTU_537","CP164776.1",1
"3214","OTU_537","CP164793.1",1
"3215","OTU_537","CP165060.1",1
"3216","OTU_537","CP165465.1",1
"3217","OTU_537","CP165497.1",1
"3218","OTU_537","CP167195.1",1
"3219","OTU_537","CP169149.1",1
"3220","OTU_537","CP169186.1",1
"3221","OTU_537","CP169569.1",1
"3222","OTU_537","CP172152.1",1
"3223","OTU_537","CP173524.1",1
"3224","OTU_537","CP178552.1",1
"3225","OTU_537","CP180702.1",1
"3226","OTU_537","CP181392.1",1
"3227","OTU_537","CP181456.1",1
"3228","OTU_537","CP181477.1",1
"3229","OTU_537","CP181638.1",1
"3230","OTU_537","CP181670.1",1
"3231","OTU_537","CP181809.1",1
"3232","OTU_537","CP181910.1",1
"3233","OTU_537","CP182080.1",1
"3234","OTU_537","CP184817.1",1
"3235","OTU_537","CP184992.1",1
"3236","OTU_537","CP188138.1",1
"3237","OTU_537","CP194953.1",1
"3238","OTU_537","CP195926.1",1
"3239","OTU_537","CP195955.1",1
"3240","OTU_537","OX637964.1",1
"3241","OTU_537","OY757949.1",1
"3242","OTU_537","OZ001727.1",1
"3243","OTU_537","OZ038583.1",1
"3244","OTU_537","OZ038595.1",1
"3245","OTU_537","OZ038610.1",1
"3246","OTU_537","OZ038618.1",1
"3247","OTU_537","OZ038696.1",1
"3248","OTU_537","OZ038805.1",1
"3249","OTU_537","OZ038868.1",1
"3250","OTU_537","OZ038903.1",1
"3251","OTU_537","OZ039138.1",1
"3252","OTU_537","OZ039205.1",1
"3253","OTU_537","OZ039234.1",1
"3254","OTU_537","OZ039278.1",1
"3255","OTU_537","OZ039556.1",1
"3256","OTU_537","OZ039565.1",1
"3257","OTU_537","OZ039629.1",1
"3258","OTU_537","OZ039671.1",1
"3259","OTU_537","OZ039836.1",1
"3260","OTU_537","OZ039927.1",1
"3261","OTU_537","OZ039956.1",1
"3262","OTU_537","OZ039993.1",1
"3263","OTU_537","OZ040058.1",1
"3264","OTU_537","OZ040267.1",1
"3265","OTU_537","OZ040329.1",1
"3266","OTU_537","OZ040366.1",1
"3267","OTU_537","OZ040381.1",1
"3268","OTU_537","OZ040388.1",1
"3269","OTU_537","OZ040453.1",1
"3270","OTU_537","OZ040610.1",1
"3271","OTU_537","OZ040991.1",1
"3272","OTU_537","OZ041020.1",1
"3273","OTU_537","OZ043900.1",1
"3274","OTU_537","OZ223263.1",1
"3275","OTU_54","MH011393.1",1
"3276","OTU_54","MW158775.1",1
"3277","OTU_54","NC_035874.1",1
"3278","OTU_54","NC_044472.1",1
"3279","OTU_545","XR_007662296.1",1
"3280","OTU_5471","XR_011639775.1",1
"3281","OTU_5471","XR_011639776.1",1
"3282","OTU_5471","XR_011641168.1",1
"3283","OTU_5471","XR_011641169.1",1
"3284","OTU_5471","XR_011641170.1",1
"3285","OTU_548","XM_023052148.2",1
"3286","OTU_548","XM_071200852.1",1
"3287","OTU_5503","CP015612.1",1
"3288","OTU_5503","CP027562.1",1
"3289","OTU_5503","CP031058.1",1
"3290","OTU_5503","CP040438.1",1
"3291","OTU_5503","CP040439.1",1
"3292","OTU_5503","CP043578.1",1
"3293","OTU_5503","CP090418.1",1
"3294","OTU_5503","CP196975.1",1
"3295","OTU_5503","CP197384.1",1
"3296","OTU_5511","XM_035352078.1",1
"3297","OTU_5511","XM_035352080.1",1
"3298","OTU_5545","XM_023061155.2",1
"3299","OTU_5545","XM_071195706.1",1
"3300","OTU_5545","XM_071195707.1",1
"3301","OTU_560","AF502312.1",1
"3302","OTU_5643","XM_071200966.1",1
"3303","OTU_5643","XR_011642194.1",1
"3304","OTU_566","AM492801.1",1
"3305","OTU_566","AM492807.1",1
"3306","OTU_566","AY360269.1",1
"3307","OTU_566","XM_065518485.2",1
"3308","OTU_566","XM_065518495.2",1
"3309","OTU_5661","XM_023044211.2",1
"3310","OTU_57","MT410946.1",1
"3311","OTU_57","MW652802.1",1
"3312","OTU_57","OP931554.1",1
"3313","OTU_571","AC237676.1",1
"3314","OTU_5778","XM_071194703.1",1
"3315","OTU_5854","XM_023065382.2",1
"3316","OTU_5854","XM_023065383.2",1
"3317","OTU_5854","XM_023065384.2",1
"3318","OTU_5854","XM_023065387.2",1
"3319","OTU_5854","XM_071198139.1",1
"3320","OTU_5854","XM_071198140.1",1
"3321","OTU_586","OZ172674.2",1
"3322","OTU_5884","AE016877.1",1
"3323","OTU_5884","AP022946.1",1
"3324","OTU_5884","AP022981.1",1
"3325","OTU_5884","AP024504.2",1
"3326","OTU_5884","CP001176.1",1
"3327","OTU_5884","CP001903.1",1
"3328","OTU_5884","CP009686.1",1
"3329","OTU_5884","CP010272.1",1
"3330","OTU_5884","CP011145.1",1
"3331","OTU_5884","CP012099.1",1
"3332","OTU_5884","CP012691.1",1
"3333","OTU_5884","CP014486.1",1
"3334","OTU_5884","CP016315.1",1
"3335","OTU_5884","CP017234.1",1
"3336","OTU_5884","CP020383.1",1
"3337","OTU_5884","CP020803.1",1
"3338","OTU_5884","CP020804.1",1
"3339","OTU_5884","CP024655.1",1
"3340","OTU_5884","CP028516.1",1
"3341","OTU_5884","CP029468.1",1
"3342","OTU_5884","CP034551.1",1
"3343","OTU_5884","CP036101.1",1
"3344","OTU_5884","CP040342.1",1
"3345","OTU_5884","CP042270.1",1
"3346","OTU_5884","CP046398.1",1
"3347","OTU_5884","CP050183.1",1
"3348","OTU_5884","CP053289.1",1
"3349","OTU_5884","CP063158.1",1
"3350","OTU_5884","CP064775.1",1
"3351","OTU_5884","CP065509.1",1
"3352","OTU_5884","CP068724.1",1
"3353","OTU_5884","CP068984.1",1
"3354","OTU_5884","CP072774.1",1
"3355","OTU_5884","CP074714.1",1
"3356","OTU_5884","CP085506.1",1
"3357","OTU_5884","CP085510.1",1
"3358","OTU_5884","CP089228.1",1
"3359","OTU_5884","CP090081.1",1
"3360","OTU_5884","CP090421.1",1
"3361","OTU_5884","CP091971.1",1
"3362","OTU_5884","CP093928.1",1
"3363","OTU_5884","CP094407.1",1
"3364","OTU_5884","CP097351.1",1
"3365","OTU_5884","CP098734.1",1
"3366","OTU_5884","CP110129.1",1
"3367","OTU_5884","CP115856.1",1
"3368","OTU_5884","CP119300.1",1
"3369","OTU_5884","CP120958.1",1
"3370","OTU_5884","CP121350.1",1
"3371","OTU_5884","CP126515.1",1
"3372","OTU_5884","CP132200.1",1
"3373","OTU_5884","CP138336.1",1
"3374","OTU_5884","CP139101.1",1
"3375","OTU_5884","CP147983.1",1
"3376","OTU_5884","CP157205.1",1
"3377","OTU_5884","CP158363.1",1
"3378","OTU_5884","CP160237.1",1
"3379","OTU_5884","CP162505.1",1
"3380","OTU_5884","CP168976.1",1
"3381","OTU_5884","CP182325.1",1
"3382","OTU_5884","CP183877.1",1
"3383","OTU_5884","CP184769.1",1
"3384","OTU_5884","CP186316.1",1
"3385","OTU_5884","CP186337.1",1
"3386","OTU_5884","CP194842.1",1
"3387","OTU_5884","CP197377.1",1
"3388","OTU_5884","CP199754.1",1
"3389","OTU_5884","CP199756.1",1
"3390","OTU_5893","CP141340.1",1
"3391","OTU_5893","FN434200.1",1
"3392","OTU_5893","FN434201.1",1
"3393","OTU_5893","KF305937.1",1
"3394","OTU_5893","KJ567052.1",1
"3395","OTU_5893","KM851002.1",1
"3396","OTU_5893","KM851003.1",1
"3397","OTU_5893","KM851004.1",1
"3398","OTU_5893","KM851008.1",1
"3399","OTU_5893","KM851009.1",1
"3400","OTU_5893","KM851013.1",1
"3401","OTU_5893","KM851019.1",1
"3402","OTU_5893","KM851020.1",1
"3403","OTU_5893","KM851021.1",1
"3404","OTU_5893","KM851023.1",1
"3405","OTU_5893","KM851024.1",1
"3406","OTU_5893","KM851026.1",1
"3407","OTU_5893","KM851028.1",1
"3408","OTU_5893","KM851030.1",1
"3409","OTU_5893","KM851031.1",1
"3410","OTU_5893","KM851032.1",1
"3411","OTU_5893","KM851033.1",1
"3412","OTU_5893","KM851034.1",1
"3413","OTU_5893","KM851036.1",1
"3414","OTU_5893","KM851037.1",1
"3415","OTU_5893","MF893896.1",1
"3416","OTU_5893","MF893897.1",1
"3417","OTU_5893","MF893901.1",1
"3418","OTU_5893","MF893904.1",1
"3419","OTU_5893","MF893905.1",1
"3420","OTU_5893","MF893906.1",1
"3421","OTU_5893","MF893907.1",1
"3422","OTU_5893","MF893908.1",1
"3423","OTU_5893","MF893909.1",1
"3424","OTU_5893","MF893910.1",1
"3425","OTU_5893","MF893911.1",1
"3426","OTU_5893","MF893912.1",1
"3427","OTU_5893","MF893913.1",1
"3428","OTU_5893","MF893915.1",1
"3429","OTU_5893","MF893916.1",1
"3430","OTU_5893","MF893917.1",1
"3431","OTU_5893","MF893918.1",1
"3432","OTU_5893","MF893919.1",1
"3433","OTU_5893","MF893920.1",1
"3434","OTU_5893","MF893921.1",1
"3435","OTU_5893","MF893922.1",1
"3436","OTU_5893","MF893923.1",1
"3437","OTU_5893","MF893924.1",1
"3438","OTU_5893","MF893925.1",1
"3439","OTU_5893","MF893926.1",1
"3440","OTU_5893","MF893930.1",1
"3441","OTU_5893","MF893931.1",1
"3442","OTU_5893","MF893932.1",1
"3443","OTU_5893","MF893933.1",1
"3444","OTU_5893","MF893936.1",1
"3445","OTU_5893","MF893937.1",1
"3446","OTU_5893","MF893938.1",1
"3447","OTU_5893","MF893939.1",1
"3448","OTU_5893","MF893940.1",1
"3449","OTU_5893","MF893941.1",1
"3450","OTU_5893","MF893944.1",1
"3451","OTU_5893","MF893945.1",1
"3452","OTU_5893","MF893951.1",1
"3453","OTU_5893","MF893952.1",1
"3454","OTU_5893","MF893953.1",1
"3455","OTU_5893","MF893954.1",1
"3456","OTU_5893","MF893955.1",1
"3457","OTU_5893","MF893957.1",1
"3458","OTU_5893","MF893958.1",1
"3459","OTU_5893","MF893959.1",1
"3460","OTU_5893","MF893960.1",1
"3461","OTU_5893","MF893962.1",1
"3462","OTU_5893","MF893963.1",1
"3463","OTU_5893","MF893964.1",1
"3464","OTU_5893","MF893965.1",1
"3465","OTU_5893","MF893966.1",1
"3466","OTU_5893","MF893969.1",1
"3467","OTU_5893","MF893973.1",1
"3468","OTU_5893","MF893974.1",1
"3469","OTU_5893","MF893975.1",1
"3470","OTU_5893","MF893976.1",1
"3471","OTU_5893","MF893978.1",1
"3472","OTU_5893","MF893979.1",1
"3473","OTU_5893","MF893980.1",1
"3474","OTU_5893","MF893981.1",1
"3475","OTU_5893","MF893982.1",1
"3476","OTU_5893","MT300212.1",1
"3477","OTU_5893","MT300214.1",1
"3478","OTU_5893","MT300216.1",1
"3479","OTU_5893","MT300217.1",1
"3480","OTU_5893","MT300218.1",1
"3481","OTU_5893","MT755630.1",1
"3482","OTU_5893","NC_031156.1",1
"3483","OTU_5893","OQ199571.1",1
"3484","OTU_5893","OQ199574.1",1
"3485","OTU_5893","OQ199748.1",1
"3486","OTU_5893","OV260054.1",1
"3487","OTU_5893","OV260835.1",1
"3488","OTU_5893","OV260836.1",1
"3489","OTU_5893","PQ740951.1",1
"3490","OTU_5900","XM_071194703.1",1
"3491","OTU_592","AF502357.1",1
"3492","OTU_592","AJ842845.1",1
"3493","OTU_592","AY685880.1",1
"3494","OTU_592","FN434198.1",1
"3495","OTU_592","FN434199.1",1
"3496","OTU_592","KM851001.1",1
"3497","OTU_592","KM851005.1",1
"3498","OTU_592","KM851006.1",1
"3499","OTU_592","KM851007.1",1
"3500","OTU_592","MF893928.1",1
"3501","OTU_592","MF893929.1",1
"3502","OTU_592","MF893935.1",1
"3503","OTU_592","OV260461.1",1
"3504","OTU_5920","OZ311001.1",1
"3505","OTU_5920","OZ311219.1",1
"3506","OTU_594","XM_030908966.1",1
"3507","OTU_5954","XM_041705588.1",1
"3508","OTU_6057","XM_072525610.1",1
"3509","OTU_6057","XM_072525611.1",1
"3510","OTU_6058","OZ296822.1",1
"3511","OTU_61","XM_023053966.2",1
"3512","OTU_610","AF363578.1",1
"3513","OTU_610","AP003550.2",1
"3514","OTU_6130","XR_011640918.1",1
"3515","OTU_618","XM_071194703.1",1
"3516","OTU_6184","OZ310441.1",1
"3517","OTU_6311","XR_011640627.1",1
"3518","OTU_6314","AC237676.1",1
"3519","OTU_6350","XR_011642306.1",1
"3520","OTU_642","AY136560.1",1
"3521","OTU_642","NC_020596.1",1
"3522","OTU_642","NC_020598.1",1
"3523","OTU_642","NC_020599.1",1
"3524","OTU_6447","XM_071194703.1",1
"3525","OTU_6454","XM_023062900.2",1
"3526","OTU_6454","XM_023062901.2",1
"3527","OTU_6454","XM_023062903.2",1
"3528","OTU_6455","AP018040.2",1
"3529","OTU_6455","AP042451.1",1
"3530","OTU_6455","CP073276.1",1
"3531","OTU_6455","OY997410.1",1
"3532","OTU_6506","XM_071201585.1",1
"3533","OTU_6506","XM_071201586.1",1
"3534","OTU_6506","XM_071201587.1",1
"3535","OTU_6506","XM_071201588.1",1
"3536","OTU_6537","XM_023054558.2",1
"3537","OTU_6537","XM_023054559.2",1
"3538","OTU_6537","XM_023054561.2",1
"3539","OTU_6537","XM_023054562.2",1
"3540","OTU_655","XM_071196678.1",1
"3541","OTU_656","XM_023052148.2",1
"3542","OTU_656","XM_071200852.1",1
"3543","OTU_6574","FJ151336.1",1
"3544","OTU_661","AP027411.1",2
"3545","OTU_661","AP027445.1",1
"3546","OTU_661","AP027454.1",1
"3547","OTU_661","AP027694.1",1
"3548","OTU_661","AP027971.1",1
"3549","OTU_661","AP042623.1",1
"3550","OTU_661","AP042659.1",1
"3551","OTU_661","CP069086.1",1
"3552","OTU_661","CP084895.2",1
"3553","OTU_661","CP097882.1",1
"3554","OTU_661","CP098996.1",1
"3555","OTU_661","CP099059.1",1
"3556","OTU_661","CP099089.1",1
"3557","OTU_661","CP099106.1",1
"3558","OTU_661","CP099118.1",1
"3559","OTU_661","CP099132.1",1
"3560","OTU_661","CP099205.1",1
"3561","OTU_661","CP099246.1",1
"3562","OTU_661","CP100930.1",1
"3563","OTU_661","CP100933.1",1
"3564","OTU_661","CP101005.1",1
"3565","OTU_661","CP102378.1",1
"3566","OTU_661","CP102705.1",1
"3567","OTU_661","CP104509.1",1
"3568","OTU_661","CP107720.1",1
"3569","OTU_661","CP110859.1",1
"3570","OTU_661","CP114792.1",1
"3571","OTU_661","CP115180.1",1
"3572","OTU_661","CP116900.1",1
"3573","OTU_661","CP117720.1",1
"3574","OTU_661","CP117959.1",1
"3575","OTU_661","CP119003.1",1
"3576","OTU_661","CP119441.1",1
"3577","OTU_661","CP119734.1",1
"3578","OTU_661","CP122625.1",1
"3579","OTU_661","CP122929.1",1
"3580","OTU_661","CP124994.1",1
"3581","OTU_661","CP125688.1",1
"3582","OTU_661","CP140466.1",1
"3583","OTU_661","CP141749.1",1
"3584","OTU_661","CP142583.1",1
"3585","OTU_661","CP142843.1",1
"3586","OTU_661","CP143627.1",1
"3587","OTU_661","CP145700.1",1
"3588","OTU_661","CP146650.1",1
"3589","OTU_661","CP146665.1",1
"3590","OTU_661","CP147084.1",1
"3591","OTU_661","CP147130.1",1
"3592","OTU_661","CP148063.1",1
"3593","OTU_661","CP148416.1",1
"3594","OTU_661","CP148445.1",1
"3595","OTU_661","CP148483.1",1
"3596","OTU_661","CP149449.1",1
"3597","OTU_661","CP149967.1",1
"3598","OTU_661","CP154596.1",1
"3599","OTU_661","CP156034.1",1
"3600","OTU_661","CP157234.1",1
"3601","OTU_661","CP158333.1",1
"3602","OTU_661","CP158338.1",1
"3603","OTU_661","CP158674.1",1
"3604","OTU_661","CP159630.1",1
"3605","OTU_661","CP159644.1",1
"3606","OTU_661","CP160823.1",1
"3607","OTU_661","CP165060.1",1
"3608","OTU_661","CP165465.1",1
"3609","OTU_661","CP166435.1",1
"3610","OTU_661","CP167195.1",1
"3611","OTU_661","CP169145.1",1
"3612","OTU_661","CP169149.1",1
"3613","OTU_661","CP169186.1",1
"3614","OTU_661","CP169569.1",1
"3615","OTU_661","CP171869.1",1
"3616","OTU_661","CP172152.1",1
"3617","OTU_661","CP172173.1",1
"3618","OTU_661","CP173445.1",1
"3619","OTU_661","CP173524.1",1
"3620","OTU_661","CP173544.1",1
"3621","OTU_661","CP177215.1",1
"3622","OTU_661","CP178307.1",1
"3623","OTU_661","CP178690.1",1
"3624","OTU_661","CP181401.1",1
"3625","OTU_661","CP181477.1",1
"3626","OTU_661","CP181570.1",1
"3627","OTU_661","CP181779.1",1
"3628","OTU_661","CP182080.1",1
"3629","OTU_661","CP184992.1",1
"3630","OTU_661","CP187284.1",1
"3631","OTU_661","CP188138.1",1
"3632","OTU_661","CP188159.1",1
"3633","OTU_661","CP190204.1",1
"3634","OTU_661","CP191804.1",1
"3635","OTU_661","CP194077.1",1
"3636","OTU_661","CP194953.1",1
"3637","OTU_661","CP195955.1",1
"3638","OTU_661","OY754364.1",1
"3639","OTU_661","OY757949.1",1
"3640","OTU_661","OZ040347.1",1
"3641","OTU_661","OZ040498.1",1
"3642","OTU_661","OZ223263.1",1
"3643","OTU_661","OZ261674.1",1
"3644","OTU_6640","XM_071194703.1",1
"3645","OTU_666","XM_023052148.2",1
"3646","OTU_666","XM_071200852.1",1
"3647","OTU_6660","XM_066293161.1",1
"3648","OTU_668","AB176806.1",1
"3649","OTU_668","AB176807.1",1
"3650","OTU_668","AB176808.1",1
"3651","OTU_668","AP006829.1",1
"3652","OTU_668","AP012946.1",1
"3653","OTU_668","GU256527.1",1
"3654","OTU_668","HQ592295.1",1
"3655","OTU_668","JN086155.1",1
"3656","OTU_668","KM605252.1",1
"3657","OTU_668","MW232422.1",1
"3658","OTU_668","MW232423.1",1
"3659","OTU_668","MW232424.1",1
"3660","OTU_668","MW232426.1",1
"3661","OTU_668","MW232429.1",1
"3662","OTU_668","NC_004530.1",1
"3663","OTU_668","NC_005316.1",1
"3664","OTU_668","NC_025934.1",1
"3665","OTU_668","ON889559.1",1
"3666","OTU_668","OP057037.2",1
"3667","OTU_6706","XM_023057540.2",1
"3668","OTU_6706","XM_023057542.2",1
"3669","OTU_6706","XM_023057543.2",1
"3670","OTU_6706","XM_023057544.2",1
"3671","OTU_6726","XR_011639775.1",1
"3672","OTU_6726","XR_011639776.1",1
"3673","OTU_6726","XR_011641168.1",1
"3674","OTU_6726","XR_011641169.1",1
"3675","OTU_6726","XR_011641170.1",1
"3676","OTU_6744","XM_071201609.1",1
"3677","OTU_684","NC_070850.1",1
"3678","OTU_686","XM_023052148.2",1
"3679","OTU_686","XM_071200852.1",1
"3680","OTU_698","XR_011641324.1",1
"3681","OTU_6985","AC134878.3",1
"3682","OTU_6985","AC140113.3",1
"3683","OTU_6985","CP034510.1",1
"3684","OTU_7","AM492799.1",1
"3685","OTU_7","AM492804.1",1
"3686","OTU_7","AY224241.1",1
"3687","OTU_7","AY224243.1",1
"3688","OTU_7","AY224244.1",1
"3689","OTU_7","AY685871.1",1
"3690","OTU_7","AY685875.1",1
"3691","OTU_7","AY685876.1",1
"3692","OTU_7","KM360179.1",1
"3693","OTU_7","KM851012.1",1
"3694","OTU_7","KM851016.1",1
"3695","OTU_7","KM851017.1",1
"3696","OTU_7","MF893983.1",1
"3697","OTU_7","MF893984.1",1
"3698","OTU_7","MT300198.1",1
"3699","OTU_7","MT300199.1",1
"3700","OTU_7","MT300200.1",1
"3701","OTU_7","MT300201.1",1
"3702","OTU_7","MT300208.1",1
"3703","OTU_7","MT300215.1",1
"3704","OTU_7","NC_025201.1",1
"3705","OTU_7","OQ199566.1",1
"3706","OTU_7","OQ199567.1",1
"3707","OTU_7","OQ199568.1",1
"3708","OTU_7","XR_012421746.1",1
"3709","OTU_70","XM_065518485.2",1
"3710","OTU_70","XM_065518495.2",1
"3711","OTU_706","XR_011639817.1",1
"3712","OTU_706","XR_011639818.1",1
"3713","OTU_717","XM_071194412.1",1
"3714","OTU_7213","XM_071194703.1",1
"3715","OTU_7242","XM_023057239.2",1
"3716","OTU_73","XM_023053919.2",1
"3717","OTU_73","XM_023053920.2",1
"3718","OTU_73","XM_023053921.2",1
"3719","OTU_73","XM_023053922.2",1
"3720","OTU_73","XM_071198360.1",1
"3721","OTU_732","XM_023057590.2",1
"3722","OTU_740","AC063927.15",1
"3723","OTU_740","AC112650.2",1
"3724","OTU_740","FN674059.1",1
"3725","OTU_744","AP027445.1",1
"3726","OTU_744","AP027971.1",1
"3727","OTU_744","AP038983.1",1
"3728","OTU_744","AP039429.1",1
"3729","OTU_744","AP042673.1",1
"3730","OTU_744","CP074954.1",1
"3731","OTU_744","CP076268.1",1
"3732","OTU_744","CP076272.1",1
"3733","OTU_744","CP077481.1",1
"3734","OTU_744","CP077596.1",1
"3735","OTU_744","CP079767.1",1
"3736","OTU_744","CP084895.2",1
"3737","OTU_744","CP099038.1",1
"3738","OTU_744","CP099059.1",1
"3739","OTU_744","CP099098.1",1
"3740","OTU_744","CP099106.1",1
"3741","OTU_744","CP099205.1",1
"3742","OTU_744","CP099209.1",1
"3743","OTU_744","CP100933.1",1
"3744","OTU_744","CP102378.1",1
"3745","OTU_744","CP104509.1",1
"3746","OTU_744","CP104598.1",1
"3747","OTU_744","CP104843.1",1
"3748","OTU_744","CP109874.1",1
"3749","OTU_744","CP115180.1",1
"3750","OTU_744","CP116044.1",1
"3751","OTU_744","CP116900.1",1
"3752","OTU_744","CP117720.1",1
"3753","OTU_744","CP117959.1",1
"3754","OTU_744","CP119003.1",1
"3755","OTU_744","CP119734.1",1
"3756","OTU_744","CP122929.1",1
"3757","OTU_744","CP124994.1",1
"3758","OTU_744","CP125688.1",1
"3759","OTU_744","CP125923.1",1
"3760","OTU_744","CP128642.1",1
"3761","OTU_744","CP129383.1",1
"3762","OTU_744","CP134085.1",1
"3763","OTU_744","CP135712.1",1
"3764","OTU_744","CP141840.1",1
"3765","OTU_744","CP142526.1",1
"3766","OTU_744","CP142590.1",1
"3767","OTU_744","CP143092.1",1
"3768","OTU_744","CP145700.1",1
"3769","OTU_744","CP146019.1",1
"3770","OTU_744","CP146650.1",1
"3771","OTU_744","CP147101.1",1
"3772","OTU_744","CP147422.1",1
"3773","OTU_744","CP148391.1",1
"3774","OTU_744","CP148416.1",1
"3775","OTU_744","CP148445.1",1
"3776","OTU_744","CP148483.1",1
"3777","OTU_744","CP149449.1",1
"3778","OTU_744","CP154596.1",1
"3779","OTU_744","CP157135.1",1
"3780","OTU_744","CP157234.1",1
"3781","OTU_744","CP158311.1",1
"3782","OTU_744","CP158333.1",1
"3783","OTU_744","CP158674.1",1
"3784","OTU_744","CP160823.1",1
"3785","OTU_744","CP161338.1",1
"3786","OTU_744","CP164765.1",1
"3787","OTU_744","CP164786.1",1
"3788","OTU_744","CP164793.1",1
"3789","OTU_744","CP165060.1",1
"3790","OTU_744","CP165465.1",1
"3791","OTU_744","CP165497.1",1
"3792","OTU_744","CP167195.1",1
"3793","OTU_744","CP169145.1",1
"3794","OTU_744","CP169149.1",1
"3795","OTU_744","CP169186.1",1
"3796","OTU_744","CP169569.1",1
"3797","OTU_744","CP171869.1",1
"3798","OTU_744","CP172173.1",1
"3799","OTU_744","CP173524.1",1
"3800","OTU_744","CP173544.1",1
"3801","OTU_744","CP173996.1",1
"3802","OTU_744","CP176687.1",1
"3803","OTU_744","CP178552.1",1
"3804","OTU_744","CP178690.1",1
"3805","OTU_744","CP181392.1",1
"3806","OTU_744","CP181477.1",1
"3807","OTU_744","CP182080.1",1
"3808","OTU_744","CP182308.1",1
"3809","OTU_744","CP184817.1",1
"3810","OTU_744","CP184827.1",1
"3811","OTU_744","CP184938.1",1
"3812","OTU_744","CP184992.1",1
"3813","OTU_744","CP187284.1",1
"3814","OTU_744","CP188138.1",1
"3815","OTU_744","CP194953.1",1
"3816","OTU_744","CP195926.1",1
"3817","OTU_744","CP195955.1",1
"3818","OTU_744","CP196412.1",1
"3819","OTU_744","OY754444.1",1
"3820","OTU_744","OY757949.1",1
"3821","OTU_744","OY762930.1",1
"3822","OTU_744","OZ039956.1",1
"3823","OTU_744","OZ249097.1",1
"3824","OTU_744","OZ261674.1",1
"3825","OTU_75","AY164527.1",1
"3826","OTU_75","EU755252.1",1
"3827","OTU_75","EU755253.1",1
"3828","OTU_75","FJ167857.1",1
"3829","OTU_75","FN675615.1",1
"3830","OTU_75","FN675616.1",1
"3831","OTU_75","HM010684.1",1
"3832","OTU_75","HM063536.1",1
"3833","OTU_75","HM063538.1",1
"3834","OTU_75","HM063540.1",1
"3835","OTU_75","JN695762.1",1
"3836","OTU_75","KC466567.1",1
"3837","OTU_75","KC771255.1",1
"3838","OTU_75","KF469286.1",1
"3839","OTU_75","KF469287.1",1
"3840","OTU_75","KF469288.1",1
"3841","OTU_75","KF751616.1",1
"3842","OTU_75","KJ637997.1",1
"3843","OTU_75","KJ689447.1",1
"3844","OTU_75","KJ739616.1",1
"3845","OTU_75","KJ778676.1",1
"3846","OTU_75","KJ833586.1",1
"3847","OTU_75","KJ833587.1",1
"3848","OTU_75","KJ883269.1",1
"3849","OTU_75","KU254291.1",1
"3850","OTU_75","KX592536.1",1
"3851","OTU_75","LC880101.1",1
"3852","OTU_75","MF069248.1",1
"3853","OTU_75","MF069250.1",1
"3854","OTU_75","MF069251.1",1
"3855","OTU_75","MH744426.1",1
"3856","OTU_75","MK770342.1",1
"3857","OTU_75","MN011574.1",1
"3858","OTU_75","MN720361.1",1
"3859","OTU_75","MW354666.1",1
"3860","OTU_75","MW849288.1",1
"3861","OTU_75","MZ593724.1",1
"3862","OTU_75","MZ895120.1",1
"3863","OTU_75","MZ895121.1",1
"3864","OTU_75","MZ922472.1",1
"3865","OTU_75","MZ962673.1",1
"3866","OTU_75","NC_009684.1",1
"3867","OTU_75","NC_022418.1",1
"3868","OTU_75","NC_022452.1",1
"3869","OTU_75","NC_024631.1",1
"3870","OTU_75","NC_024750.1",1
"3871","OTU_75","NC_028346.1",1
"3872","OTU_75","NC_088448.1",1
"3873","OTU_75","OL742658.1",1
"3874","OTU_75","OQ561754.1",1
"3875","OTU_75","OQ561755.1",1
"3876","OTU_75","OQ561756.1",1
"3877","OTU_75","OQ561757.1",1
"3878","OTU_75","OQ561758.1",1
"3879","OTU_75","OQ561759.1",1
"3880","OTU_75","OQ561760.1",1
"3881","OTU_75","OR242768.1",1
"3882","OTU_75","OR242769.1",1
"3883","OTU_75","OR242770.1",1
"3884","OTU_75","OR242771.1",1
"3885","OTU_75","OR242773.1",1
"3886","OTU_75","OR242774.1",1
"3887","OTU_75","OR242775.1",1
"3888","OTU_75","OR242776.1",1
"3889","OTU_75","OR242777.1",1
"3890","OTU_75","OR242796.1",1
"3891","OTU_75","OR242797.1",1
"3892","OTU_75","OR242799.1",1
"3893","OTU_75","OR242800.1",1
"3894","OTU_75","OR242801.1",1
"3895","OTU_75","OR242803.1",1
"3896","OTU_75","OR242804.1",1
"3897","OTU_75","OR242805.1",1
"3898","OTU_75","OR242806.1",1
"3899","OTU_75","OR242807.1",1
"3900","OTU_75","OR242927.1",1
"3901","OTU_75","OR242928.1",1
"3902","OTU_75","OR242930.1",1
"3903","OTU_75","OR242931.1",1
"3904","OTU_75","OR242934.1",1
"3905","OTU_75","OR242935.1",1
"3906","OTU_75","OR243141.1",1
"3907","OTU_75","OR243142.1",1
"3908","OTU_75","OR243144.1",1
"3909","OTU_75","OR243146.1",1
"3910","OTU_75","OR243147.1",1
"3911","OTU_75","OR243148.1",1
"3912","OTU_75","OR243149.1",1
"3913","OTU_75","OR269153.1",1
"3914","OTU_75","OR269154.1",1
"3915","OTU_75","OR269155.1",1
"3916","OTU_75","OR269156.1",1
"3917","OTU_75","OR269157.1",1
"3918","OTU_75","OR269158.1",1
"3919","OTU_75","OZ010001.1",1
"3920","OTU_75","OZ077016.1",1
"3921","OTU_75","PQ726978.1",1
"3922","OTU_75","PQ726980.1",1
"3923","OTU_75","PQ726985.1",1
"3924","OTU_75","PQ726986.1",1
"3925","OTU_752","XR_011641647.1",1
"3926","OTU_766","XM_071194703.1",1
"3927","OTU_77","PQ863063.1",1
"3928","OTU_77","PQ863064.1",1
"3929","OTU_770","AP027445.1",1
"3930","OTU_770","AP027487.1",1
"3931","OTU_770","AP027626.1",1
"3932","OTU_770","AP027971.1",1
"3933","OTU_770","AP038983.1",1
"3934","OTU_770","CP074954.1",1
"3935","OTU_770","CP076262.1",1
"3936","OTU_770","CP076268.1",1
"3937","OTU_770","CP077481.1",1
"3938","OTU_770","CP077596.1",1
"3939","OTU_770","CP079767.1",1
"3940","OTU_770","CP084895.2",1
"3941","OTU_770","CP099020.1",1
"3942","OTU_770","CP099038.1",1
"3943","OTU_770","CP099098.1",1
"3944","OTU_770","CP099106.1",1
"3945","OTU_770","CP099188.1",1
"3946","OTU_770","CP099205.1",1
"3947","OTU_770","CP099209.1",1
"3948","OTU_770","CP100933.1",1
"3949","OTU_770","CP101922.1",1
"3950","OTU_770","CP102378.1",1
"3951","OTU_770","CP103521.1",1
"3952","OTU_770","CP104509.1",1
"3953","OTU_770","CP110097.1",1
"3954","OTU_770","CP116044.1",1
"3955","OTU_770","CP116900.1",1
"3956","OTU_770","CP116925.1",1
"3957","OTU_770","CP117720.1",1
"3958","OTU_770","CP117959.1",1
"3959","OTU_770","CP119734.1",1
"3960","OTU_770","CP122643.1",1
"3961","OTU_770","CP122929.1",1
"3962","OTU_770","CP124994.1",1
"3963","OTU_770","CP125923.1",1
"3964","OTU_770","CP127262.1",1
"3965","OTU_770","CP128897.1",1
"3966","OTU_770","CP129383.1",1
"3967","OTU_770","CP133856.1",1
"3968","OTU_770","CP134085.1",1
"3969","OTU_770","CP141749.1",1
"3970","OTU_770","CP141840.1",1
"3971","OTU_770","CP142590.1",1
"3972","OTU_770","CP143092.1",1
"3973","OTU_770","CP143627.1",1
"3974","OTU_770","CP146019.1",1
"3975","OTU_770","CP147101.1",1
"3976","OTU_770","CP147109.1",1
"3977","OTU_770","CP147422.1",1
"3978","OTU_770","CP148391.1",1
"3979","OTU_770","CP148416.1",1
"3980","OTU_770","CP148445.1",1
"3981","OTU_770","CP148483.1",1
"3982","OTU_770","CP154596.1",1
"3983","OTU_770","CP154887.1",1
"3984","OTU_770","CP157135.1",1
"3985","OTU_770","CP157234.1",1
"3986","OTU_770","CP158333.1",1
"3987","OTU_770","CP158674.1",1
"3988","OTU_770","CP159453.1",1
"3989","OTU_770","CP159644.1",1
"3990","OTU_770","CP160823.1",1
"3991","OTU_770","CP161338.1",1
"3992","OTU_770","CP164786.1",1
"3993","OTU_770","CP164793.1",1
"3994","OTU_770","CP165060.1",1
"3995","OTU_770","CP165465.1",1
"3996","OTU_770","CP165497.1",1
"3997","OTU_770","CP167195.1",1
"3998","OTU_770","CP169145.1",1
"3999","OTU_770","CP169149.1",1
"4000","OTU_770","CP169186.1",1
"4001","OTU_770","CP169569.1",1
"4002","OTU_770","CP171869.1",1
"4003","OTU_770","CP172152.1",1
"4004","OTU_770","CP172173.1",1
"4005","OTU_770","CP173524.1",1
"4006","OTU_770","CP173546.1",1
"4007","OTU_770","CP173996.1",1
"4008","OTU_770","CP176687.1",1
"4009","OTU_770","CP178690.1",1
"4010","OTU_770","CP180702.1",1
"4011","OTU_770","CP181459.1",1
"4012","OTU_770","CP181477.1",1
"4013","OTU_770","CP182080.1",1
"4014","OTU_770","CP182308.1",1
"4015","OTU_770","CP184817.1",1
"4016","OTU_770","CP184938.1",1
"4017","OTU_770","CP188138.1",1
"4018","OTU_770","CP194077.1",1
"4019","OTU_770","CP194953.1",1
"4020","OTU_770","CP195926.1",1
"4021","OTU_770","CP195955.1",1
"4022","OTU_770","CP196266.1",1
"4023","OTU_770","CP196412.1",1
"4024","OTU_770","OY757949.1",1
"4025","OTU_770","OY762930.1",1
"4026","OTU_770","OZ001727.1",1
"4027","OTU_770","OZ039956.1",1
"4028","OTU_770","OZ249097.1",1
"4029","OTU_776","XR_011639817.1",1
"4030","OTU_776","XR_011639818.1",1
"4031","OTU_791","XM_023052148.2",1
"4032","OTU_791","XM_071200852.1",1
"4033","OTU_799","OZ181338.1",1
"4034","OTU_8","AY184434.1",1
"4035","OTU_8","EF035448.1",1
"4036","OTU_8","KY946815.1",1
"4037","OTU_8","M35875.1",1
"4038","OTU_8","MF176981.1",1
"4039","OTU_8","MF176982.1",1
"4040","OTU_8","MF176983.1",1
"4041","OTU_8","MF176984.1",1
"4042","OTU_8","MF176985.1",1
"4043","OTU_8","MF176986.1",1
"4044","OTU_8","MF176987.1",1
"4045","OTU_8","MF176988.1",1
"4046","OTU_8","MF176989.1",1
"4047","OTU_8","MF176990.1",1
"4048","OTU_8","MF176991.1",1
"4049","OTU_8","MF176992.1",1
"4050","OTU_8","MF176994.1",1
"4051","OTU_8","MF176995.1",1
"4052","OTU_8","MF176996.1",1
"4053","OTU_8","MF176997.1",1
"4054","OTU_8","MF176998.1",1
"4055","OTU_8","MF176999.1",1
"4056","OTU_8","MF177000.1",1
"4057","OTU_8","MF177001.1",1
"4058","OTU_8","MF177003.1",1
"4059","OTU_8","MF177004.1",1
"4060","OTU_8","MF177005.1",1
"4061","OTU_8","MF177006.1",1
"4062","OTU_8","MF177007.1",1
"4063","OTU_8","MF177009.1",1
"4064","OTU_8","MF177011.1",1
"4065","OTU_8","MF177012.1",1
"4066","OTU_8","MF177013.1",1
"4067","OTU_8","MF177014.1",1
"4068","OTU_8","MF177015.1",1
"4069","OTU_8","MF177016.1",1
"4070","OTU_8","MF177017.1",1
"4071","OTU_8","MF177018.1",1
"4072","OTU_8","MF177019.1",1
"4073","OTU_8","MF177020.1",1
"4074","OTU_8","MF177021.1",1
"4075","OTU_8","MF177022.1",1
"4076","OTU_8","MF177023.1",1
"4077","OTU_8","MF177024.1",1
"4078","OTU_8","MF177025.1",1
"4079","OTU_8","MF177026.1",1
"4080","OTU_8","MF177027.1",1
"4081","OTU_8","MF177028.1",1
"4082","OTU_8","MF177030.1",1
"4083","OTU_8","MK941883.1",1
"4084","OTU_8","MW979410.1",1
"4085","OTU_8","NC_008414.3",1
"4086","OTU_8","NC_016707.1",1
"4087","OTU_8","NC_031835.1",1
"4088","OTU_8","OK120440.1",1
"4089","OTU_8","OK120828.1",1
"4090","OTU_8","OQ303839.1",1
"4091","OTU_8","OQ303840.1",1
"4092","OTU_8","OR077747.1",1
"4093","OTU_80","LC649126.1",1
"4094","OTU_80","MK292708.1",1
"4095","OTU_80","MW719077.1",1
"4096","OTU_80","NC_011719.1",1
"4097","OTU_80","NC_042168.1",1
"4098","OTU_80","OP057099.2",1
"4099","OTU_81","LC880089.1",1
"4100","OTU_81","MK381454.1",1
"4101","OTU_81","MK381455.1",1
"4102","OTU_81","MK381457.1",1
"4103","OTU_81","MK381460.1",1
"4104","OTU_81","MK381463.1",1
"4105","OTU_81","MN011573.1",1
"4106","OTU_81","MN025259.1",1
"4107","OTU_81","MN038345.1",1
"4108","OTU_81","MN148446.1",1
"4109","OTU_81","MN882069.1",1
"4110","OTU_81","MT768103.1",1
"4111","OTU_81","MT768108.1",1
"4112","OTU_81","MT768109.1",1
"4113","OTU_81","MT768110.1",1
"4114","OTU_81","MT768111.1",1
"4115","OTU_81","MT768117.1",1
"4116","OTU_81","MT768124.1",1
"4117","OTU_81","MT768126.1",1
"4118","OTU_81","MT768128.1",1
"4119","OTU_81","MT768129.1",1
"4120","OTU_81","MT768132.1",1
"4121","OTU_81","MT768134.1",1
"4122","OTU_81","MT768136.1",1
"4123","OTU_81","MT768138.1",1
"4124","OTU_81","MT768139.1",1
"4125","OTU_81","MT768142.1",1
"4126","OTU_81","MT768144.1",1
"4127","OTU_81","MT768145.1",1
"4128","OTU_81","MT768150.1",1
"4129","OTU_81","MT768157.1",1
"4130","OTU_81","MT768158.1",1
"4131","OTU_81","MT768162.1",1
"4132","OTU_81","MT768184.1",1
"4133","OTU_81","MT768186.1",1
"4134","OTU_81","MT768204.1",1
"4135","OTU_81","MT768208.1",1
"4136","OTU_81","MT768218.1",1
"4137","OTU_81","MT768221.1",1
"4138","OTU_81","MT768223.1",1
"4139","OTU_81","MT768230.1",1
"4140","OTU_81","MT768231.1",1
"4141","OTU_81","MT768232.1",1
"4142","OTU_81","MT768233.1",1
"4143","OTU_81","MT768235.1",1
"4144","OTU_81","MT768238.1",1
"4145","OTU_81","MT768239.1",1
"4146","OTU_81","MW364895.1",1
"4147","OTU_81","MW427607.1",1
"4148","OTU_81","OQ440008.1",1
"4149","OTU_81","OQ509384.1",1
"4150","OTU_81","OQ509385.1",1
"4151","OTU_81","OQ509386.1",1
"4152","OTU_81","OQ509389.1",1
"4153","OTU_81","OQ509391.1",1
"4154","OTU_81","OQ509392.1",1
"4155","OTU_81","OQ509393.1",1
"4156","OTU_81","OQ509394.1",1
"4157","OTU_81","OQ509395.1",1
"4158","OTU_81","OQ509396.1",1
"4159","OTU_81","OQ509397.1",1
"4160","OTU_81","OQ509400.1",1
"4161","OTU_81","OQ509402.1",1
"4162","OTU_81","OQ513281.1",1
"4163","OTU_81","OQ513284.1",1
"4164","OTU_81","OQ513286.1",1
"4165","OTU_81","OQ513287.1",1
"4166","OTU_81","OQ513289.1",1
"4167","OTU_81","OQ534874.1",1
"4168","OTU_81","OR459642.1",1
"4169","OTU_81","OR459643.1",1
"4170","OTU_81","OR459644.1",1
"4171","OTU_81","OR459649.1",1
"4172","OTU_81","OR459656.1",1
"4173","OTU_81","OR459657.1",1
"4174","OTU_81","OR459660.1",1
"4175","OTU_81","OR459665.1",1
"4176","OTU_81","OR459678.1",1
"4177","OTU_81","OR459679.1",1
"4178","OTU_81","OR459680.1",1
"4179","OTU_81","OR459690.1",1
"4180","OTU_81","OR459693.1",1
"4181","OTU_81","OR459695.1",1
"4182","OTU_81","OR459702.1",1
"4183","OTU_81","OR459706.1",1
"4184","OTU_81","OR459707.1",1
"4185","OTU_81","OR459709.1",1
"4186","OTU_81","OR459710.1",1
"4187","OTU_81","OR459730.1",1
"4188","OTU_81","OR459731.1",1
"4189","OTU_81","OR459732.1",1
"4190","OTU_81","OR459742.1",1
"4191","OTU_81","OR459743.1",1
"4192","OTU_81","OR459758.1",1
"4193","OTU_81","OR459763.1",1
"4194","OTU_81","OR459764.1",1
"4195","OTU_81","OR459772.1",1
"4196","OTU_81","OR459774.1",1
"4197","OTU_81","PQ652216.1",1
"4198","OTU_81","XR_006058333.1",1
"4199","OTU_83","XM_071196220.1",1
"4200","OTU_84","NC_084244.1",1
"4201","OTU_847","XM_071194703.1",1
"4202","OTU_855","XM_023065113.2",1
"4203","OTU_87","AC237676.1",1
"4204","OTU_87","AC241530.2",1
"4205","OTU_87","AL354822.8",1
"4206","OTU_88","XR_011639775.1",1
"4207","OTU_88","XR_011639776.1",1
"4208","OTU_88","XR_011641168.1",1
"4209","OTU_88","XR_011641169.1",1
"4210","OTU_88","XR_011641170.1",1
"4211","OTU_882","GQ374754.1",1
"4212","OTU_89","XR_011639775.1",1
"4213","OTU_89","XR_011639776.1",1
"4214","OTU_89","XR_011641168.1",1
"4215","OTU_89","XR_011641169.1",1
"4216","OTU_89","XR_011641170.1",1
"4217","OTU_891","XM_023052148.2",1
"4218","OTU_891","XM_071200852.1",1
"4219","OTU_9","XM_023052148.2",1
"4220","OTU_9","XM_071200852.1",1
"4221","OTU_90","AC024248.7",1
"4222","OTU_903","XM_023052148.2",1
"4223","OTU_903","XM_071200852.1",1
"4224","OTU_9058","XM_071194703.1",1
"4225","OTU_9060","XM_023052148.2",1
"4226","OTU_9060","XM_071200852.1",1
"4227","OTU_9060","XM_071201585.1",1
"4228","OTU_9060","XM_071201586.1",1
"4229","OTU_9060","XM_071201587.1",1
"4230","OTU_9060","XM_071201588.1",1
"4231","OTU_910","AP026503.1",1
"4232","OTU_910","AP027411.1",1
"4233","OTU_910","AP027445.1",1
"4234","OTU_910","AP027454.1",1
"4235","OTU_910","AP027487.1",1
"4236","OTU_910","AP027532.1",1
"4237","OTU_910","AP027626.1",1
"4238","OTU_910","AP027694.1",1
"4239","OTU_910","CP069086.1",1
"4240","OTU_910","CP075722.1",1
"4241","OTU_910","CP075737.1",1
"4242","OTU_910","CP079767.1",1
"4243","OTU_910","CP079770.1",1
"4244","OTU_910","CP084055.1",1
"4245","OTU_910","CP084895.2",1
"4246","OTU_910","CP097882.1",1
"4247","OTU_910","CP098996.1",1
"4248","OTU_910","CP099020.1",1
"4249","OTU_910","CP099027.1",1
"4250","OTU_910","CP099034.1",1
"4251","OTU_910","CP099089.1",1
"4252","OTU_910","CP099106.1",1
"4253","OTU_910","CP099205.1",1
"4254","OTU_910","CP100013.1",1
"4255","OTU_910","CP100530.1",1
"4256","OTU_910","CP100933.1",1
"4257","OTU_910","CP101005.1",1
"4258","OTU_910","CP101233.1",1
"4259","OTU_910","CP101922.1",1
"4260","OTU_910","CP102378.1",1
"4261","OTU_910","CP102705.1",1
"4262","OTU_910","CP104509.1",1
"4263","OTU_910","CP110859.1",1
"4264","OTU_910","CP114792.1",1
"4265","OTU_910","CP115180.1",1
"4266","OTU_910","CP116925.1",1
"4267","OTU_910","CP117959.1",1
"4268","OTU_910","CP119441.1",1
"4269","OTU_910","CP122625.1",1
"4270","OTU_910","CP122733.1",1
"4271","OTU_910","CP122929.1",1
"4272","OTU_910","CP124994.1",1
"4273","OTU_910","CP125676.1",1
"4274","OTU_910","CP125710.1",1
"4275","OTU_910","CP139337.1",1
"4276","OTU_910","CP140466.1",1
"4277","OTU_910","CP141749.1",1
"4278","OTU_910","CP142438.1",1
"4279","OTU_910","CP142843.1",1
"4280","OTU_910","CP143627.1",1
"4281","OTU_910","CP145700.1",1
"4282","OTU_910","CP146681.1",1
"4283","OTU_910","CP147084.1",1
"4284","OTU_910","CP147130.1",1
"4285","OTU_910","CP148063.1",1
"4286","OTU_910","CP148416.1",1
"4287","OTU_910","CP148445.1",1
"4288","OTU_910","CP148483.1",1
"4289","OTU_910","CP149449.1",1
"4290","OTU_910","CP149967.1",1
"4291","OTU_910","CP154596.1",1
"4292","OTU_910","CP154887.1",1
"4293","OTU_910","CP157234.1",1
"4294","OTU_910","CP158333.1",1
"4295","OTU_910","CP158338.1",1
"4296","OTU_910","CP158344.1",1
"4297","OTU_910","CP158674.1",1
"4298","OTU_910","CP159630.1",1
"4299","OTU_910","CP160823.1",1
"4300","OTU_910","CP163675.1",1
"4301","OTU_910","CP165465.1",1
"4302","OTU_910","CP166435.1",1
"4303","OTU_910","CP167195.1",1
"4304","OTU_910","CP169145.1",1
"4305","OTU_910","CP169569.1",1
"4306","OTU_910","CP171869.1",1
"4307","OTU_910","CP172152.1",1
"4308","OTU_910","CP172173.1",1
"4309","OTU_910","CP173524.1",1
"4310","OTU_910","CP177215.1",1
"4311","OTU_910","CP178690.1",1
"4312","OTU_910","CP181477.1",1
"4313","OTU_910","CP181570.1",1
"4314","OTU_910","CP181779.1",1
"4315","OTU_910","CP182080.1",1
"4316","OTU_910","CP184992.1",1
"4317","OTU_910","CP188138.1",1
"4318","OTU_910","CP188149.1",1
"4319","OTU_910","CP188159.1",1
"4320","OTU_910","CP191804.1",1
"4321","OTU_910","CP194077.1",1
"4322","OTU_910","CP195070.1",1
"4323","OTU_910","CP195555.1",1
"4324","OTU_910","CP195955.1",1
"4325","OTU_910","OY754443.1",1
"4326","OTU_910","OY757949.1",1
"4327","OTU_910","OZ040347.1",1
"4328","OTU_910","OZ121069.1",1
"4329","OTU_910","OZ223263.1",1
"4330","OTU_910","OZ261674.1",1
"4331","OTU_911","XM_056789412.1",1
"4332","OTU_9124","XM_071194703.1",1
"4333","OTU_913","XM_071194703.1",1
"4334","OTU_92","AF502327.1",1
"4335","OTU_92","AF502354.1",1
"4336","OTU_92","AF502359.1",1
"4337","OTU_92","AJ842855.1",1
"4338","OTU_92","AJ842859.1",1
"4339","OTU_926","AF363569.2",1
"4340","OTU_929","XM_072527228.1",1
"4341","OTU_93","AC008512.8",1
"4342","OTU_93","AC008580.7",1
"4343","OTU_93","AC021080.4",1
"4344","OTU_93","AC026409.4",1
"4345","OTU_93","FN673986.1",1
"4346","OTU_93","MW524740.1",1
"4347","OTU_936","XM_023064807.2",1
"4348","OTU_973","XR_011639817.1",1
"4349","OTU_973","XR_011639818.1",1
"4350","OTU_974","XM_023052148.2",1
"4351","OTU_974","XM_071200852.1",1
"4352","OTU_980","AC138777.3",1
"4353","OTU_980","AC182469.3",1
"4354","OTU_980","AC182471.3",1
"4355","OTU_980","AC237677.1",1
"4356","OTU_980","AC241530.2",1
"4357","OTU_980","AC255431.1",1
"4358","OTU_980","AL354822.8",1
"4359","OTU_980","BX004987.9",1
"4360","OTU_980","BX571672.10",1
"4361","OTU_980","CP034500.1",1
"4362","OTU_980","CR381670.5",1
"4363","OTU_993","XM_071194703.1",1
"4364","OTU_995","XM_023050962.2",1
