"","qseid","sseqid","n"
"1","OTU_1","KX440380.1",1
"2","OTU_1","KY408726.1",1
"3","OTU_1","KY408897.1",1
"4","OTU_1","KY409250.1",1
"5","OTU_1","KY409531.1",1
"6","OTU_1","KY409601.1",1
"7","OTU_1","KY409610.1",1
"8","OTU_1","KY409687.1",1
"9","OTU_1","KY409737.1",1
"10","OTU_1","KY409740.1",1
"11","OTU_1","KY409752.1",1
"12","OTU_1","KY410169.1",1
"13","OTU_1","KY645852.1",1
"14","OTU_1","KY680821.1",1
"15","OTU_1","KY824827.1",1
"16","OTU_1","KY849585.1",1
"17","OTU_1","LS997776.1",1
"18","OTU_1","MF055747.1",1
"19","OTU_1","MF055832.1",1
"20","OTU_1","MF056399.1",1
"21","OTU_1","MF056400.1",1
"22","OTU_1","MF057480.1",1
"23","OTU_1","MF057758.1",1
"24","OTU_1","MF057918.1",1
"25","OTU_1","MF058073.1",1
"26","OTU_1","MF058561.1",1
"27","OTU_1","MF498685.1",1
"28","OTU_1","MF498701.1",1
"29","OTU_1","MF498884.1",1
"30","OTU_1","MF522942.1",1
"31","OTU_1","MG272841.1",1
"32","OTU_1","MG273121.1",1
"33","OTU_1","MG571220.1",1
"34","OTU_1","MG646189.1",1
"35","OTU_1","MG646242.1",1
"36","OTU_1","MG660648.1",1
"37","OTU_1","MG672488.1",1
"38","OTU_1","MG952818.1",1
"39","OTU_1","MH120450.1",1
"40","OTU_1","MH120619.1",1
"41","OTU_1","MH120814.1",1
"42","OTU_1","MH351262.1",1
"43","OTU_1","MH449241.1",1
"44","OTU_1","MH981655.1",1
"45","OTU_1","MK059566.1",1
"46","OTU_1","MK059638.1",1
"47","OTU_1","MK128804.1",1
"48","OTU_1","MK139589.1",1
"49","OTU_1","MK175431.1",1
"50","OTU_1","MK180576.1",1
"51","OTU_1","MK217938.1",1
"52","OTU_1","MK265715.1",1
"53","OTU_1","MK408597.1",1
"54","OTU_1","MK617272.1",1
"55","OTU_1","MN595724.2",1
"56","OTU_1","MN595843.3",1
"57","OTU_1","MN687201.1",1
"58","OTU_1","MN687306.1",1
"59","OTU_1","MN699954.1",1
"60","OTU_1","MN848580.1",1
"61","OTU_1","MN849648.1",1
"62","OTU_1","MT419208.1",1
"63","OTU_1","MT419254.1",1
"64","OTU_1","MT506274.1",1
"65","OTU_1","MW513718.1",1
"66","OTU_1","MW698521.2",1
"67","OTU_1","MZ386784.1",1
"68","OTU_1","MZ387171.1",1
"69","OTU_1","MZ387538.1",1
"70","OTU_1","MZ387702.1",1
"71","OTU_1","MZ387983.1",1
"72","OTU_1","MZ846416.1",1
"73","OTU_1","MZ846503.1",1
"74","OTU_1","MZ846736.1",1
"75","OTU_1","MZ847128.1",1
"76","OTU_1","MZ847324.1",1
"77","OTU_1","MZ847613.1",1
"78","OTU_1","MZ920456.1",1
"79","OTU_1","MZ920568.1",1
"80","OTU_1","MZ920737.1",1
"81","OTU_1","MZ920929.1",1
"82","OTU_1","MZ920951.1",1
"83","OTU_1","OL638724.1",1
"84","OTU_1","OL638895.1",1
"85","OTU_1","OM638182.1",1
"86","OTU_1","OM638282.1",1
"87","OTU_1","OM714614.1",1
"88","OTU_1","OM714711.1",1
"89","OTU_1","OP004786.1",1
"90","OTU_1","OP682430.1",1
"91","OTU_1","OQ596594.1",1
"92","OTU_1","PP084263.1",1
"93","OTU_1","PQ002743.1",1
"94","OTU_1","PQ002752.1",1
"95","OTU_1","PQ137359.1",1
"96","OTU_1","PQ137371.1",1
"97","OTU_1","PV067371.1",1
"98","OTU_1","PV621645.1",1
"99","OTU_1","PV740852.1",1
"100","OTU_1","PX366866.1",1
"101","OTU_10","AY227453.1",1
"102","OTU_10","KY410899.1",1
"103","OTU_10","KY410900.1",1
"104","OTU_10","NC_035815.1",1
"105","OTU_101","EU755252.1",1
"106","OTU_101","EU755253.1",1
"107","OTU_101","FJ167857.1",1
"108","OTU_101","HM010684.1",1
"109","OTU_101","KC466567.1",1
"110","OTU_101","KC984222.1",1
"111","OTU_101","KC984270.1",1
"112","OTU_101","KF751616.1",1
"113","OTU_101","KF908854.1",1
"114","OTU_101","KF908859.1",1
"115","OTU_101","KJ637997.1",1
"116","OTU_101","KJ689447.1",1
"117","OTU_101","KJ739616.1",1
"118","OTU_101","KJ778676.1",1
"119","OTU_101","KJ833586.1",1
"120","OTU_101","KJ833587.1",1
"121","OTU_101","KJ883269.1",1
"122","OTU_101","KX592536.1",1
"123","OTU_101","L16770.1",1
"124","OTU_101","L22479.1",1
"125","OTU_101","LC880101.1",1
"126","OTU_101","MF069248.1",1
"127","OTU_101","MF069249.1",1
"128","OTU_101","MF069250.1",1
"129","OTU_101","MF069251.1",1
"130","OTU_101","MH744426.1",1
"131","OTU_101","MK770342.1",1
"132","OTU_101","MN011574.1",1
"133","OTU_101","MN720361.1",1
"134","OTU_101","MW020581.1",1
"135","OTU_101","MW020582.1",1
"136","OTU_101","MW354666.1",1
"137","OTU_101","MW486614.1",1
"138","OTU_101","MZ593724.1",1
"139","OTU_101","MZ895120.1",1
"140","OTU_101","MZ895121.1",1
"141","OTU_101","MZ922472.1",1
"142","OTU_101","MZ962673.1",1
"143","OTU_101","NC_009684.1",1
"144","OTU_101","NC_022418.1",1
"145","OTU_101","NC_023352.1",1
"146","OTU_101","NC_024750.1",1
"147","OTU_101","NC_088449.1",1
"148","OTU_101","OQ561754.1",1
"149","OTU_101","OQ561755.1",1
"150","OTU_101","OQ561757.1",1
"151","OTU_101","OQ561758.1",1
"152","OTU_101","OQ561759.1",1
"153","OTU_101","OQ561760.1",1
"154","OTU_101","OR242796.1",1
"155","OTU_101","OR242797.1",1
"156","OTU_101","OR242799.1",1
"157","OTU_101","OR242800.1",1
"158","OTU_101","OR242801.1",1
"159","OTU_101","OR242802.1",1
"160","OTU_101","OR242803.1",1
"161","OTU_101","OR242804.1",1
"162","OTU_101","OR242805.1",1
"163","OTU_101","OR242806.1",1
"164","OTU_101","OR242807.1",1
"165","OTU_101","OR243001.1",1
"166","OTU_101","OR243002.1",1
"167","OTU_101","OR243003.1",1
"168","OTU_101","OR243004.1",1
"169","OTU_101","OR243005.1",1
"170","OTU_101","OR243006.1",1
"171","OTU_101","OR243007.1",1
"172","OTU_101","OR243008.1",1
"173","OTU_101","OR243009.1",1
"174","OTU_101","OR243010.1",1
"175","OTU_101","OR243011.1",1
"176","OTU_101","OR243012.1",1
"177","OTU_101","OR243013.1",1
"178","OTU_101","OR243014.1",1
"179","OTU_101","OR243015.1",1
"180","OTU_101","OR269153.1",1
"181","OTU_101","OR269154.1",1
"182","OTU_101","OR269155.1",1
"183","OTU_101","OR269156.1",1
"184","OTU_101","OR269157.1",1
"185","OTU_101","OR269158.1",1
"186","OTU_101","OZ077016.1",1
"187","OTU_101","PP929788.1",1
"188","OTU_101","PP929794.1",1
"189","OTU_101","PP929795.1",1
"190","OTU_101","PQ726974.1",1
"191","OTU_101","PQ726975.1",1
"192","OTU_101","PQ726976.1",1
"193","OTU_101","PQ726977.1",1
"194","OTU_101","PQ726980.1",1
"195","OTU_101","PQ726981.1",1
"196","OTU_101","PQ726982.1",1
"197","OTU_101","PQ726983.1",1
"198","OTU_101","PQ726984.1",1
"199","OTU_101","PQ726986.1",1
"200","OTU_101","PV911318.1",1
"201","OTU_101","PX112823.1",1
"202","OTU_101","X60825.1",1
"203","OTU_103","AC004979.1",1
"204","OTU_106","LC520093.1",1
"205","OTU_106","LC520095.1",1
"206","OTU_106","LR742741.1",1
"207","OTU_106","LR742803.1",1
"208","OTU_106","LR742815.1",1
"209","OTU_106","LR742817.1",1
"210","OTU_106","LR742822.1",1
"211","OTU_106","LR742831.1",1
"212","OTU_106","LR742845.1",1
"213","OTU_106","LR742849.1",1
"214","OTU_106","LR742857.1",1
"215","OTU_106","LR742864.1",1
"216","OTU_106","LR742866.1",1
"217","OTU_106","LR745190.1",1
"218","OTU_106","MN181403.1",1
"219","OTU_106","MN699608.1",1
"220","OTU_106","MN699614.1",1
"221","OTU_106","MN699619.1",1
"222","OTU_106","MT622509.1",1
"223","OTU_106","MW916018.1",1
"224","OTU_106","MW916029.1",1
"225","OTU_106","MW916046.1",1
"226","OTU_106","MW916081.1",1
"227","OTU_106","MZ042319.1",1
"228","OTU_106","MZ042344.1",1
"229","OTU_106","MZ367898.1",1
"230","OTU_106","MZ367913.1",1
"231","OTU_106","OK052506.1",1
"232","OTU_106","OM743368.1",1
"233","OTU_106","OM743370.1",1
"234","OTU_106","OM743372.1",1
"235","OTU_106","OM743377.1",1
"236","OTU_106","OM743402.1",1
"237","OTU_106","OM743407.1",1
"238","OTU_106","OM743408.1",1
"239","OTU_106","OM743411.1",1
"240","OTU_106","OM743424.1",1
"241","OTU_106","OQ117387.1",1
"242","OTU_106","OQ339406.1",1
"243","OTU_106","OQ339414.1",1
"244","OTU_106","OQ339428.1",1
"245","OTU_106","OQ339486.1",1
"246","OTU_106","OQ339541.1",1
"247","OTU_106","OQ339585.1",1
"248","OTU_106","OQ339586.1",1
"249","OTU_106","OQ339600.1",1
"250","OTU_106","OQ339660.1",1
"251","OTU_106","OQ339684.1",1
"252","OTU_106","OQ339807.1",1
"253","OTU_106","OQ339839.1",1
"254","OTU_106","OQ339884.1",1
"255","OTU_106","OQ339904.1",1
"256","OTU_106","OQ339918.1",1
"257","OTU_106","OQ339957.1",1
"258","OTU_106","OQ340099.1",1
"259","OTU_106","OQ340121.1",1
"260","OTU_106","OQ340210.1",1
"261","OTU_106","OQ340223.1",1
"262","OTU_106","OQ340265.1",1
"263","OTU_106","OQ340317.1",1
"264","OTU_106","OQ340342.1",1
"265","OTU_106","OQ340344.1",1
"266","OTU_106","OQ340366.1",1
"267","OTU_106","OQ340677.1",1
"268","OTU_106","OQ340781.1",1
"269","OTU_106","OQ340820.1",1
"270","OTU_106","OQ340836.1",1
"271","OTU_106","OQ340841.1",1
"272","OTU_106","OQ340869.1",1
"273","OTU_106","OQ340872.1",1
"274","OTU_106","OQ340886.1",1
"275","OTU_106","OQ340891.1",1
"276","OTU_106","OQ340927.1",1
"277","OTU_106","OQ340933.1",1
"278","OTU_106","OQ340946.1",1
"279","OTU_106","OQ340954.1",1
"280","OTU_106","OQ340960.1",1
"281","OTU_106","OQ340972.1",1
"282","OTU_106","OQ341002.1",1
"283","OTU_106","OQ341011.1",1
"284","OTU_106","OQ341023.1",1
"285","OTU_106","OQ341054.1",1
"286","OTU_106","OQ341061.1",1
"287","OTU_106","OQ341094.1",1
"288","OTU_106","OQ341109.1",1
"289","OTU_106","PP187758.1",1
"290","OTU_106","PP187759.1",1
"291","OTU_106","PP187760.1",1
"292","OTU_106","PP187770.1",1
"293","OTU_106","PP187773.1",1
"294","OTU_106","PP187777.1",1
"295","OTU_106","PP187780.1",1
"296","OTU_106","PP454581.1",1
"297","OTU_106","PP454583.1",1
"298","OTU_106","PP454584.1",1
"299","OTU_106","PP454595.1",1
"300","OTU_106","PP454637.1",1
"301","OTU_106","PP812323.1",1
"302","OTU_106","PP812326.1",1
"303","OTU_106","PP812333.1",1
"304","OTU_109","AY313692.1",1
"305","OTU_109","KP318722.1",1
"306","OTU_11","KJ698653.1",1
"307","OTU_11","PQ305503.1",1
"308","OTU_11","PQ305510.1",1
"309","OTU_11","PQ305511.1",1
"310","OTU_11","PQ305512.1",1
"311","OTU_11","PQ305513.1",1
"312","OTU_11","PQ305514.1",1
"313","OTU_11","PQ305515.1",1
"314","OTU_111","NM_001195043.2",1
"315","OTU_113","AC213900.3",1
"316","OTU_116","NM_001195073.3",1
"317","OTU_117","NC_004031.1",1
"318","OTU_12","AY227463.1",1
"319","OTU_127","AC200082.7",1
"320","OTU_127","AC202616.8",1
"321","OTU_127","NG_027497.3",1
"322","OTU_13","EU189382.1",1
"323","OTU_13","GQ338949.1",1
"324","OTU_13","KJ193191.1",1
"325","OTU_13","OP088335.1",1
"326","OTU_130","AP022877.1",1
"327","OTU_130","AP022907.1",1
"328","OTU_130","AP022927.1",1
"329","OTU_130","AP022934.1",1
"330","OTU_130","AP022964.1",1
"331","OTU_130","AP022986.1",1
"332","OTU_130","CP001407.1",1
"333","OTU_130","CP003187.1",1
"334","OTU_130","CP009300.1",1
"335","OTU_130","CP009318.1",1
"336","OTU_130","CP009641.1",1
"337","OTU_130","CP053931.1",1
"338","OTU_130","CP053965.1",1
"339","OTU_130","CP065650.1",1
"340","OTU_130","CP071486.1",1
"341","OTU_130","CP085402.1",1
"342","OTU_130","CP094408.1",1
"343","OTU_130","CP094410.1",1
"344","OTU_130","CP094412.1",1
"345","OTU_130","CP094414.1",1
"346","OTU_130","CP094416.1",1
"347","OTU_130","CP094418.1",1
"348","OTU_130","CP094420.1",1
"349","OTU_130","CP094422.1",1
"350","OTU_130","CP094424.1",1
"351","OTU_130","CP094426.1",1
"352","OTU_130","CP094428.1",1
"353","OTU_130","CP094430.1",1
"354","OTU_130","CP094432.1",1
"355","OTU_130","CP094434.1",1
"356","OTU_130","CP094436.1",1
"357","OTU_130","CP094437.1",1
"358","OTU_130","CP094439.1",1
"359","OTU_130","CP094449.1",1
"360","OTU_138","KC505410.1",1
"361","OTU_138","KF472177.1",1
"362","OTU_138","KF752550.1",1
"363","OTU_138","KP765602.1",1
"364","OTU_138","KT194217.1",1
"365","OTU_138","KT279759.1",1
"366","OTU_138","MG250523.1",1
"367","OTU_138","MG250531.1",1
"368","OTU_138","MG250533.1",1
"369","OTU_138","MG250534.1",1
"370","OTU_138","MG250566.1",1
"371","OTU_138","PP763954.1",1
"372","OTU_14","KY410951.1",1
"373","OTU_141","AY360292.1",1
"374","OTU_141","AY360294.1",1
"375","OTU_141","AY835612.1",1
"376","OTU_141","JQ821843.1",1
"377","OTU_141","KJ567053.1",1
"378","OTU_141","NC_005943.1",1
"379","OTU_141","OQ199585.1",1
"380","OTU_141","OQ199586.1",1
"381","OTU_141","OQ199587.1",1
"382","OTU_141","OQ199588.1",1
"383","OTU_141","OQ199589.1",1
"384","OTU_141","OQ199590.1",1
"385","OTU_141","OQ199591.1",1
"386","OTU_141","OQ199592.1",1
"387","OTU_141","OQ199593.1",1
"388","OTU_141","OQ199594.1",1
"389","OTU_141","OQ199595.1",1
"390","OTU_141","OQ199596.1",1
"391","OTU_141","OQ199597.1",1
"392","OTU_141","OQ199598.1",1
"393","OTU_141","OQ199599.1",1
"394","OTU_141","OQ199600.1",1
"395","OTU_141","OQ199601.1",1
"396","OTU_141","OQ199602.1",1
"397","OTU_141","OQ199603.1",1
"398","OTU_141","OQ199604.1",1
"399","OTU_141","OQ199605.1",1
"400","OTU_141","OQ199606.1",1
"401","OTU_141","OQ199607.1",1
"402","OTU_141","OQ199608.1",1
"403","OTU_141","OQ199609.1",1
"404","OTU_141","OQ199610.1",1
"405","OTU_141","OQ199611.1",1
"406","OTU_141","OQ199612.1",1
"407","OTU_141","OQ199613.1",1
"408","OTU_141","OQ199614.1",1
"409","OTU_141","OQ199615.1",1
"410","OTU_141","OQ199616.1",1
"411","OTU_141","OQ199617.1",1
"412","OTU_141","OQ199618.1",1
"413","OTU_141","OQ199619.1",1
"414","OTU_141","OQ199620.1",1
"415","OTU_141","OQ199621.1",1
"416","OTU_141","OQ199622.1",1
"417","OTU_141","OQ199623.1",1
"418","OTU_141","OQ199624.1",1
"419","OTU_141","OQ199625.1",1
"420","OTU_141","OQ199626.1",1
"421","OTU_141","OQ199627.1",1
"422","OTU_141","OQ199628.1",1
"423","OTU_141","OQ199629.1",1
"424","OTU_141","OQ199630.1",1
"425","OTU_141","OQ199631.1",1
"426","OTU_141","OQ199632.1",1
"427","OTU_141","OQ199633.1",1
"428","OTU_141","OQ199634.1",1
"429","OTU_141","OQ199635.1",1
"430","OTU_141","OQ199636.1",1
"431","OTU_141","OQ199637.1",1
"432","OTU_141","OQ199638.1",1
"433","OTU_141","OQ199639.1",1
"434","OTU_141","OQ199640.1",1
"435","OTU_141","OQ199641.1",1
"436","OTU_141","OQ199642.1",1
"437","OTU_141","OQ199643.1",1
"438","OTU_141","OQ199644.1",1
"439","OTU_141","OQ199645.1",1
"440","OTU_141","OQ199646.1",1
"441","OTU_141","OQ199647.1",1
"442","OTU_141","OQ199648.1",1
"443","OTU_141","OQ199649.1",1
"444","OTU_141","OQ199650.1",1
"445","OTU_141","OQ199651.1",1
"446","OTU_141","OQ199652.1",1
"447","OTU_141","OQ199653.1",1
"448","OTU_141","OQ199654.1",1
"449","OTU_141","OQ199655.1",1
"450","OTU_141","OQ199656.1",1
"451","OTU_141","OQ199657.1",1
"452","OTU_141","OQ199658.1",1
"453","OTU_141","OQ199659.1",1
"454","OTU_141","OQ199660.1",1
"455","OTU_141","OQ199661.1",1
"456","OTU_141","OQ199662.1",1
"457","OTU_141","OQ199663.1",1
"458","OTU_141","OQ199664.1",1
"459","OTU_141","OQ199665.1",1
"460","OTU_142","NC_026120.1",1
"461","OTU_143","NG_027492.2",1
"462","OTU_145","MZ041129.1",1
"463","OTU_147","OX466066.1",1
"464","OTU_147","XM_967748.4",1
"465","OTU_148","PQ863003.1",1
"466","OTU_15","NC_026120.1",1
"467","OTU_151","AF006451.1",1
"468","OTU_151","KR132596.1",1
"469","OTU_151","MN249888.1",1
"470","OTU_151","MN249889.1",1
"471","OTU_151","MN249890.1",1
"472","OTU_151","NC_028305.1",1
"473","OTU_153","NG_027492.2",1
"474","OTU_158","OZ181343.1",1
"475","OTU_16","AB048880.1",1
"476","OTU_16","AB171435.1",1
"477","OTU_16","CP141340.1",1
"478","OTU_16","KM851000.1",1
"479","OTU_16","KM851001.1",1
"480","OTU_16","KM851002.1",1
"481","OTU_16","KM851003.1",1
"482","OTU_16","KM851004.1",1
"483","OTU_16","KM851005.1",1
"484","OTU_16","KM851006.1",1
"485","OTU_16","KM851007.1",1
"486","OTU_16","KM851008.1",1
"487","OTU_16","KM851009.1",1
"488","OTU_16","KM851013.1",1
"489","OTU_16","KM851020.1",1
"490","OTU_16","KM851021.1",1
"491","OTU_16","KM851028.1",1
"492","OTU_16","KM851031.1",1
"493","OTU_16","MF893895.1",1
"494","OTU_16","MF893896.1",1
"495","OTU_16","MF893897.1",1
"496","OTU_16","MF893900.1",1
"497","OTU_16","MF893901.1",1
"498","OTU_16","MF893902.1",1
"499","OTU_16","MF893903.1",1
"500","OTU_16","MF893904.1",1
"501","OTU_16","MF893905.1",1
"502","OTU_16","MF893906.1",1
"503","OTU_16","MF893907.1",1
"504","OTU_16","MF893908.1",1
"505","OTU_16","MF893909.1",1
"506","OTU_16","MF893910.1",1
"507","OTU_16","MF893911.1",1
"508","OTU_16","MF893912.1",1
"509","OTU_16","MF893913.1",1
"510","OTU_16","MF893915.1",1
"511","OTU_16","MF893917.1",1
"512","OTU_16","MF893918.1",1
"513","OTU_16","MF893919.1",1
"514","OTU_16","MF893920.1",1
"515","OTU_16","MF893921.1",1
"516","OTU_16","MF893922.1",1
"517","OTU_16","MF893923.1",1
"518","OTU_16","MF893924.1",1
"519","OTU_16","MF893925.1",1
"520","OTU_16","MF893926.1",1
"521","OTU_16","MF893928.1",1
"522","OTU_16","MF893929.1",1
"523","OTU_16","MF893930.1",1
"524","OTU_16","MF893931.1",1
"525","OTU_16","MF893932.1",1
"526","OTU_16","MF893933.1",1
"527","OTU_16","MF893934.1",1
"528","OTU_16","MF893935.1",1
"529","OTU_16","MF893936.1",1
"530","OTU_16","MF893937.1",1
"531","OTU_16","MF893938.1",1
"532","OTU_16","MF893939.1",1
"533","OTU_16","MF893940.1",1
"534","OTU_16","MF893941.1",1
"535","OTU_16","MF893942.1",1
"536","OTU_16","MF893944.1",1
"537","OTU_16","MF893945.1",1
"538","OTU_16","MF893946.1",1
"539","OTU_16","MF893947.1",1
"540","OTU_16","MF893958.1",1
"541","OTU_16","MF893959.1",1
"542","OTU_16","MF893960.1",1
"543","OTU_16","MF893961.1",1
"544","OTU_16","MF893962.1",1
"545","OTU_16","MF893963.1",1
"546","OTU_16","MF893964.1",1
"547","OTU_16","MF893965.1",1
"548","OTU_16","MF893966.1",1
"549","OTU_16","MF893967.1",1
"550","OTU_16","MF893969.1",1
"551","OTU_16","MT300203.1",1
"552","OTU_16","MT300204.1",1
"553","OTU_16","MT300205.1",1
"554","OTU_16","MT300207.1",1
"555","OTU_164","MZ041127.1",1
"556","OTU_165","KY464177.1",1
"557","OTU_165","NC_036729.1",1
"558","OTU_166","KC757406.1",1
"559","OTU_17","AC231380.2",1
"560","OTU_17","AC239612.3",1
"561","OTU_17","AC244472.2",1
"562","OTU_17","NG_001333.2",1
"563","OTU_17","NG_077210.1",1
"564","OTU_173","AC213900.3",1
"565","OTU_173","NM_001195058.2",1
"566","OTU_173","XM_011996668.1",1
"567","OTU_173","XM_031935420.1",1
"568","OTU_173","XM_033179866.1",1
"569","OTU_175","XM_071196912.1",1
"570","OTU_175","XM_071196913.1",1
"571","OTU_177","AP002829.3",1
"572","OTU_178","XM_071197276.1",1
"573","OTU_18","GQ338952.1",1
"574","OTU_18","OK539643.1",1
"575","OTU_183","AL390802.2",1
"576","OTU_183","AL583743.3",1
"577","OTU_183","CP034492.1",1
"578","OTU_183","FN674038.1",1
"579","OTU_187","OZ289202.1",1
"580","OTU_187","OZ291579.1",1
"581","OTU_19","LC880089.1",1
"582","OTU_19","MK381457.1",1
"583","OTU_19","MK381461.1",1
"584","OTU_19","MK381463.1",1
"585","OTU_19","MK381467.1",1
"586","OTU_19","MN011573.1",1
"587","OTU_19","MN038345.1",1
"588","OTU_19","MT768190.1",1
"589","OTU_19","MT768198.1",1
"590","OTU_19","MT768204.1",1
"591","OTU_19","MT768205.1",1
"592","OTU_19","MT768208.1",1
"593","OTU_19","MT768217.1",1
"594","OTU_19","MT768223.1",1
"595","OTU_19","MT768225.1",1
"596","OTU_19","MT768229.1",1
"597","OTU_19","MT768231.1",1
"598","OTU_19","MT768234.1",1
"599","OTU_19","MT768238.1",1
"600","OTU_19","MZ042582.1",1
"601","OTU_19","MZ042588.1",1
"602","OTU_19","MZ042589.1",1
"603","OTU_19","MZ042590.1",1
"604","OTU_19","MZ042591.1",1
"605","OTU_19","MZ042595.1",1
"606","OTU_19","MZ042620.1",1
"607","OTU_19","MZ664406.1",1
"608","OTU_19","OQ402662.1",1
"609","OTU_19","OR360109.1",1
"610","OTU_19","OR360226.1",1
"611","OTU_19","OR459641.1",1
"612","OTU_19","OR459642.1",1
"613","OTU_19","OR459646.1",1
"614","OTU_19","OR459648.1",1
"615","OTU_19","OR459653.1",1
"616","OTU_19","OR459655.1",1
"617","OTU_19","OR459656.1",1
"618","OTU_19","OR459657.1",1
"619","OTU_19","OR459659.1",1
"620","OTU_19","OR459661.1",1
"621","OTU_19","OR459665.1",1
"622","OTU_19","OR459670.1",1
"623","OTU_19","OR459677.1",1
"624","OTU_19","OR459678.1",1
"625","OTU_19","OR459679.1",1
"626","OTU_19","OR459681.1",1
"627","OTU_19","OR459685.1",1
"628","OTU_19","OR459686.1",1
"629","OTU_19","OR459690.1",1
"630","OTU_19","OR459693.1",1
"631","OTU_19","OR459694.1",1
"632","OTU_19","OR459695.1",1
"633","OTU_19","OR459696.1",1
"634","OTU_19","OR459698.1",1
"635","OTU_19","OR459700.1",1
"636","OTU_19","OR459702.1",1
"637","OTU_19","OR459706.1",1
"638","OTU_19","OR459707.1",1
"639","OTU_19","OR459708.1",1
"640","OTU_19","OR459710.1",1
"641","OTU_19","OR459711.1",1
"642","OTU_19","OR459712.1",1
"643","OTU_19","OR459718.1",1
"644","OTU_19","OR459723.1",1
"645","OTU_19","OR459724.1",1
"646","OTU_19","OR459730.1",1
"647","OTU_19","OR459731.1",1
"648","OTU_19","OR459735.1",1
"649","OTU_19","OR459736.1",1
"650","OTU_19","OR459737.1",1
"651","OTU_19","OR459739.1",1
"652","OTU_19","OR459740.1",1
"653","OTU_19","OR459741.1",1
"654","OTU_19","OR459744.1",1
"655","OTU_19","OR459745.1",1
"656","OTU_19","OR459747.1",1
"657","OTU_19","OR459748.1",1
"658","OTU_19","OR459749.1",1
"659","OTU_19","OR459751.1",1
"660","OTU_19","OR459755.1",1
"661","OTU_19","OR459757.1",1
"662","OTU_19","OR459761.1",1
"663","OTU_19","OR459763.1",1
"664","OTU_19","OR459769.1",1
"665","OTU_19","OZ245276.1",1
"666","OTU_19","OZ245277.1",1
"667","OTU_19","OZ245281.1",1
"668","OTU_19","OZ245288.1",1
"669","OTU_19","OZ245289.1",1
"670","OTU_19","OZ245290.1",1
"671","OTU_19","OZ245295.1",1
"672","OTU_19","OZ245300.1",1
"673","OTU_19","OZ245303.1",1
"674","OTU_19","OZ245304.1",1
"675","OTU_19","OZ245308.1",1
"676","OTU_19","OZ245311.1",1
"677","OTU_19","OZ245313.1",1
"678","OTU_19","OZ245315.1",1
"679","OTU_19","OZ245316.1",1
"680","OTU_19","OZ245321.1",1
"681","OTU_190","NC_068695.1",1
"682","OTU_190","ON746674.1",1
"683","OTU_191","MF893916.1",1
"684","OTU_191","MW090143.1",1
"685","OTU_191","MW090144.1",1
"686","OTU_191","NC_023795.1",1
"687","OTU_191","OQ199570.1",1
"688","OTU_193","XM_071196912.1",1
"689","OTU_193","XM_071196913.1",1
"690","OTU_194","AY360309.1",1
"691","OTU_2","EF545567.1",1
"692","OTU_2","EF545592.1",1
"693","OTU_2","JF810353.1",1
"694","OTU_2","JF810354.1",1
"695","OTU_2","JF810355.1",1
"696","OTU_2","JF810356.1",1
"697","OTU_2","JF810357.1",1
"698","OTU_2","JF810359.1",1
"699","OTU_2","JF810360.1",1
"700","OTU_2","JF810361.1",1
"701","OTU_2","JF810366.1",1
"702","OTU_2","JF810367.1",1
"703","OTU_2","JF810368.1",1
"704","OTU_2","JF810370.1",1
"705","OTU_2","JF810371.1",1
"706","OTU_2","JF810372.1",1
"707","OTU_2","JN714131.1",1
"708","OTU_2","JN714133.1",1
"709","OTU_2","JN714139.1",1
"710","OTU_2","MG250542.1",1
"711","OTU_2","MG725631.1",1
"712","OTU_2","MZ521005.1",1
"713","OTU_2","NC_039090.1",1
"714","OTU_2","PP763953.1",1
"715","OTU_2","PP763955.1",1
"716","OTU_20","PQ863003.1",1
"717","OTU_208","XM_023064243.2",1
"718","OTU_208","XM_023064244.2",1
"719","OTU_21","MN647518.1",1
"720","OTU_21","NC_066800.1",1
"721","OTU_213","XM_017931357.1",1
"722","OTU_213","XM_023454565.1",1
"723","OTU_22","LC742379.1",1
"724","OTU_22","MN488587.1",1
"725","OTU_22","MN756622.1",1
"726","OTU_22","MT186704.1",1
"727","OTU_22","MT186706.1",1
"728","OTU_22","MT186708.1",1
"729","OTU_22","MT186711.1",1
"730","OTU_22","MT186714.1",1
"731","OTU_22","MT186721.1",1
"732","OTU_22","MT186723.1",1
"733","OTU_22","MT186726.1",1
"734","OTU_22","MT186727.1",1
"735","OTU_22","MT186728.1",1
"736","OTU_22","MT186731.1",1
"737","OTU_22","MT186732.1",1
"738","OTU_22","MT186735.1",1
"739","OTU_22","MT186736.1",1
"740","OTU_22","MT186737.1",1
"741","OTU_22","MT186738.1",1
"742","OTU_22","MT186739.1",1
"743","OTU_22","MT237604.1",1
"744","OTU_22","MT237605.1",1
"745","OTU_22","MT237606.1",1
"746","OTU_22","MT237608.1",1
"747","OTU_22","MT237610.1",1
"748","OTU_22","MT237611.1",1
"749","OTU_22","MT237612.1",1
"750","OTU_22","MT237613.1",1
"751","OTU_22","MT237614.1",1
"752","OTU_22","MT237615.1",1
"753","OTU_22","MT237621.1",1
"754","OTU_22","MT237622.1",1
"755","OTU_22","MT237626.1",1
"756","OTU_22","MT237630.1",1
"757","OTU_22","MT237631.1",1
"758","OTU_22","MT237632.1",1
"759","OTU_22","MT942706.1",1
"760","OTU_22","MT954916.1",1
"761","OTU_22","NC_049568.1",1
"762","OTU_22","OR766351.1",1
"763","OTU_22","OR766355.1",1
"764","OTU_22","OR766356.1",1
"765","OTU_22","OR766357.1",1
"766","OTU_22","OR766358.1",1
"767","OTU_22","OR766360.1",1
"768","OTU_22","OR766365.1",1
"769","OTU_22","OR766366.1",1
"770","OTU_22","OR766367.1",1
"771","OTU_22","OR766368.1",1
"772","OTU_22","OR766369.1",1
"773","OTU_22","OR766371.1",1
"774","OTU_22","OR766372.1",1
"775","OTU_22","OR766374.1",1
"776","OTU_22","OR766375.1",1
"777","OTU_22","OR766376.1",1
"778","OTU_22","OR766377.1",1
"779","OTU_22","OR766378.1",1
"780","OTU_22","OR766381.1",1
"781","OTU_22","OR766382.1",1
"782","OTU_22","OR766384.1",1
"783","OTU_22","OR766385.1",1
"784","OTU_22","OR766387.1",1
"785","OTU_22","OR766393.1",1
"786","OTU_22","OR766396.1",1
"787","OTU_22","OR766400.1",1
"788","OTU_22","OR766402.1",1
"789","OTU_22","OR766403.1",1
"790","OTU_22","OR766406.1",1
"791","OTU_22","OR766407.1",1
"792","OTU_22","OR766409.1",1
"793","OTU_22","OR766410.1",1
"794","OTU_22","OR766413.1",1
"795","OTU_22","OR766414.1",1
"796","OTU_22","OR766415.1",1
"797","OTU_22","OR766417.1",1
"798","OTU_22","OR766418.1",1
"799","OTU_22","OR766419.1",1
"800","OTU_22","OR766421.1",1
"801","OTU_22","OR766422.1",1
"802","OTU_22","OR766426.1",1
"803","OTU_22","OR766429.1",1
"804","OTU_22","OR766430.1",1
"805","OTU_22","OR766432.1",1
"806","OTU_22","OR766434.1",1
"807","OTU_22","OR766437.1",1
"808","OTU_22","OR766438.1",1
"809","OTU_22","OR766439.1",1
"810","OTU_22","OR766440.1",1
"811","OTU_22","OR766441.1",1
"812","OTU_22","OR766443.1",1
"813","OTU_22","OR766445.1",1
"814","OTU_22","OR766447.1",1
"815","OTU_22","OR766448.1",1
"816","OTU_22","OR766449.1",1
"817","OTU_22","OR766450.1",1
"818","OTU_22","OR766451.1",1
"819","OTU_22","OR766453.1",1
"820","OTU_22","OR766454.1",1
"821","OTU_22","OR777289.1",1
"822","OTU_22","PX112830.1",1
"823","OTU_223","OY997226.1",1
"824","OTU_23","AL590396.13",1
"825","OTU_23","NG_023152.1",1
"826","OTU_24","KY464177.1",1
"827","OTU_24","NC_036729.1",1
"828","OTU_246","MZ041128.1",1
"829","OTU_25","AL135939.12",1
"830","OTU_25","CP034499.1",1
"831","OTU_25","NG_047090.1",1
"832","OTU_25","NG_077247.1",1
"833","OTU_26","AC004979.1",1
"834","OTU_260","OX466066.1",1
"835","OTU_260","XM_044405544.1",1
"836","OTU_260","XM_967748.4",1
"837","OTU_262","6GAW_BA",1
"838","OTU_262","8OIN_B8",1
"839","OTU_262","KX982653.1",1
"840","OTU_262","KX982656.1",1
"841","OTU_262","KX982659.1",1
"842","OTU_262","KX982660.1",1
"843","OTU_262","KY800118.1",1
"844","OTU_262","LC500156.1",1
"845","OTU_262","LC500157.1",1
"846","OTU_262","LC880095.1",1
"847","OTU_262","MF183224.1",1
"848","OTU_262","MG009445.1",1
"849","OTU_262","MG250515.1",1
"850","OTU_262","MG250516.1",1
"851","OTU_262","MG250517.1",1
"852","OTU_262","MG250518.1",1
"853","OTU_262","MG250522.1",1
"854","OTU_262","MG250526.1",1
"855","OTU_262","MG250528.1",1
"856","OTU_262","MG250529.1",1
"857","OTU_262","MG250538.1",1
"858","OTU_262","MG250539.1",1
"859","OTU_262","MG250543.1",1
"860","OTU_262","MG250544.1",1
"861","OTU_262","MG250545.1",1
"862","OTU_262","MG250546.1",1
"863","OTU_262","MG250551.1",1
"864","OTU_262","MG250557.1",1
"865","OTU_262","MG250559.1",1
"866","OTU_262","MG250560.1",1
"867","OTU_262","MG250562.1",1
"868","OTU_262","MG837549.1",1
"869","OTU_262","MG837550.1",1
"870","OTU_262","MK248681.1",1
"871","OTU_262","MK344650.1",1
"872","OTU_262","MK344652.1",1
"873","OTU_262","MK746089.1",1
"874","OTU_262","MK746090.1",1
"875","OTU_262","MK746091.1",1
"876","OTU_262","MK746094.1",1
"877","OTU_262","MK746096.1",1
"878","OTU_262","MK858170.1",1
"879","OTU_262","MK858173.1",1
"880","OTU_262","MK858179.1",1
"881","OTU_262","MN550011.1",1
"882","OTU_262","MT199605.1",1
"883","OTU_262","MT483613.1",1
"884","OTU_262","MW916330.1",1
"885","OTU_262","OK329967.1",1
"886","OTU_262","OL435713.1",1
"887","OTU_262","OL547443.1",1
"888","OTU_262","OL547444.1",1
"889","OTU_262","OL547453.1",1
"890","OTU_262","OL547455.1",1
"891","OTU_262","OL547460.1",1
"892","OTU_262","OL547461.1",1
"893","OTU_262","OL547481.1",1
"894","OTU_262","OL547482.1",1
"895","OTU_262","OM363676.1",1
"896","OTU_262","OM468891.1",1
"897","OTU_262","OM617468.1",1
"898","OTU_262","OM634652.1",1
"899","OTU_262","ON060839.1",1
"900","OTU_262","ON706057.1",1
"901","OTU_262","OQ443259.1",1
"902","OTU_262","OQ443262.1",1
"903","OTU_262","OQ443264.1",1
"904","OTU_262","OQ443267.1",1
"905","OTU_262","OQ443271.1",1
"906","OTU_262","OR234746.1",1
"907","OTU_262","OR255999.1",1
"908","OTU_262","OR268692.1",1
"909","OTU_262","OR360135.1",1
"910","OTU_262","OR360175.1",1
"911","OTU_262","OR360178.1",1
"912","OTU_262","OR360215.1",1
"913","OTU_262","OR360223.1",1
"914","OTU_262","OR397962.1",1
"915","OTU_262","PP763926.1",1
"916","OTU_262","PP763929.1",1
"917","OTU_262","PP763931.1",1
"918","OTU_262","PP763932.1",1
"919","OTU_262","PP763934.1",1
"920","OTU_262","PP763936.1",1
"921","OTU_262","PP763937.1",1
"922","OTU_262","PP763942.1",1
"923","OTU_262","PP763943.1",1
"924","OTU_262","PP763944.1",1
"925","OTU_262","PP763945.1",1
"926","OTU_262","PP763947.1",1
"927","OTU_262","PP763950.1",1
"928","OTU_262","PP763974.1",1
"929","OTU_262","PP763975.1",1
"930","OTU_262","PP763978.1",1
"931","OTU_262","PP763982.1",1
"932","OTU_262","PP763983.1",1
"933","OTU_262","PP763987.1",1
"934","OTU_262","PP763988.1",1
"935","OTU_262","PV693689.1",1
"936","OTU_267","XM_071201246.1",1
"937","OTU_267","XR_011641736.1",1
"938","OTU_267","XR_011642338.1",1
"939","OTU_27","AL121927.24",1
"940","OTU_27","FN674020.1",1
"941","OTU_27","NG_077212.1",1
"942","OTU_27","NM_001193627.3",1
"943","OTU_277","XM_071197276.1",1
"944","OTU_28","AC021914.7",1
"945","OTU_28","FN674025.1",1
"946","OTU_28","NG_012041.1",1
"947","OTU_28","NG_077258.1",1
"948","OTU_283","JN800721.1",1
"949","OTU_286","AC255528.1",1
"950","OTU_286","AL356135.11",1
"951","OTU_286","NG_029631.2",1
"952","OTU_29","MZ041129.1",1
"953","OTU_293","AB048589.1",1
"954","OTU_297","NC_068695.1",1
"955","OTU_297","ON746674.1",1
"956","OTU_3","KJ567052.1",1
"957","OTU_3","KM850998.1",1
"958","OTU_3","KM851010.1",1
"959","OTU_3","KM851011.1",1
"960","OTU_3","KM851012.1",1
"961","OTU_3","KM851015.1",1
"962","OTU_3","KM851016.1",1
"963","OTU_3","KM851017.1",1
"964","OTU_3","KM851018.1",1
"965","OTU_3","KM851022.1",1
"966","OTU_3","KM851035.1",1
"967","OTU_3","MF893983.1",1
"968","OTU_3","MF893984.1",1
"969","OTU_3","MF893985.1",1
"970","OTU_3","MF893986.1",1
"971","OTU_3","MF893987.1",1
"972","OTU_3","MF893988.1",1
"973","OTU_3","MF893989.1",1
"974","OTU_3","NC_012670.1",1
"975","OTU_30","NC_068695.1",1
"976","OTU_30","ON746674.1",1
"977","OTU_300","XM_011996668.1",1
"978","OTU_300","XM_031935420.1",1
"979","OTU_300","XM_033179866.1",1
"980","OTU_306","CP059148.1",13
"981","OTU_306","CP085256.1",7
"982","OTU_306","CP089269.1",1
"983","OTU_306","CP090016.1",14
"984","OTU_306","CP097347.1",6
"985","OTU_306","CP100041.1",9
"986","OTU_306","CP102284.1",6
"987","OTU_306","CP103328.1",10
"988","OTU_306","CP103412.1",9
"989","OTU_306","CP104097.1",10
"990","OTU_306","CP104855.1",10
"991","OTU_306","CP104878.1",10
"992","OTU_306","CP107039.1",10
"993","OTU_306","CP107540.1",1
"994","OTU_306","CP113385.1",13
"995","OTU_306","CP115185.1",9
"996","OTU_306","CP116834.1",10
"997","OTU_306","CP116856.1",10
"998","OTU_306","CP118085.1",3
"999","OTU_306","CP118095.1",4
"1000","OTU_306","CP120599.2",8
"1001","OTU_306","CP120920.1",8
"1002","OTU_306","CP124891.1",4
"1003","OTU_306","CP124908.1",4
"1004","OTU_306","CP124939.1",4
"1005","OTU_306","CP125299.1",9
"1006","OTU_306","CP125812.1",10
"1007","OTU_306","CP126086.1",8
"1008","OTU_306","CP126105.1",9
"1009","OTU_306","CP126112.1",14
"1010","OTU_306","CP126496.1",8
"1011","OTU_306","CP126696.1",9
"1012","OTU_306","CP126958.1",4
"1013","OTU_306","CP127331.1",14
"1014","OTU_306","CP127381.1",1
"1015","OTU_306","CP127444.1",4
"1016","OTU_306","CP127486.1",4
"1017","OTU_306","CP128608.1",14
"1018","OTU_306","CP129459.1",8
"1019","OTU_306","CP130284.1",14
"1020","OTU_306","CP132058.1",8
"1021","OTU_306","CP132200.1",14
"1022","OTU_306","CP132599.1",8
"1023","OTU_306","CP133369.1",14
"1024","OTU_306","CP133412.1",10
"1025","OTU_306","CP135143.1",9
"1026","OTU_306","CP136163.1",12
"1027","OTU_306","CP136360.1",4
"1028","OTU_306","CP136919.1",1
"1029","OTU_306","CP137345.1",8
"1030","OTU_306","CP138345.1",6
"1031","OTU_306","CP140731.1",2
"1032","OTU_306","CP142811.1",4
"1033","OTU_306","CP146257.1",12
"1034","OTU_306","CP147407.1",10
"1035","OTU_306","CP147728.1",4
"1036","OTU_306","CP147787.1",10
"1037","OTU_306","CP150212.1",7
"1038","OTU_306","CP150268.1",10
"1039","OTU_306","CP151962.1",9
"1040","OTU_306","CP151976.1",8
"1041","OTU_306","CP151977.1",8
"1042","OTU_306","CP152292.1",1
"1043","OTU_306","CP154853.1",8
"1044","OTU_306","CP154920.1",10
"1045","OTU_306","CP155054.1",10
"1046","OTU_306","CP157504.1",14
"1047","OTU_306","CP158914.1",10
"1048","OTU_306","CP159629.1",4
"1049","OTU_306","CP160831.1",1
"1050","OTU_306","CP162095.1",8
"1051","OTU_306","CP162498.1",4
"1052","OTU_306","CP165965.1",13
"1053","OTU_306","CP166870.1",8
"1054","OTU_306","CP169877.1",9
"1055","OTU_306","CP170651.1",9
"1056","OTU_306","CP171208.1",10
"1057","OTU_306","CP172883.1",6
"1058","OTU_306","CP172923.1",4
"1059","OTU_306","CP172927.1",4
"1060","OTU_306","CP174864.1",4
"1061","OTU_306","CP174922.1",4
"1062","OTU_306","CP175056.1",4
"1063","OTU_306","CP175230.1",4
"1064","OTU_306","CP175541.1",9
"1065","OTU_306","CP187297.1",9
"1066","OTU_306","CP187373.1",9
"1067","OTU_306","CP187577.1",10
"1068","OTU_306","CP187612.1",8
"1069","OTU_306","CP187618.1",1
"1070","OTU_306","CP187658.1",8
"1071","OTU_306","CP187661.1",9
"1072","OTU_306","CP187663.1",9
"1073","OTU_306","CP187706.1",12
"1074","OTU_306","CP192519.1",8
"1075","OTU_306","CP193928.1",10
"1076","OTU_306","CP194768.1",8
"1077","OTU_306","CP195130.1",10
"1078","OTU_306","CP197471.1",14
"1079","OTU_306","OY763322.1",9
"1080","OTU_307","AC239395.3",1
"1081","OTU_307","AL030997.1",1
"1082","OTU_309","XR_013009281.1",1
"1083","OTU_309","XR_013009282.1",1
"1084","OTU_309","XR_013009284.1",1
"1085","OTU_31","AL158819.14",1
"1086","OTU_31","NG_077259.1",1
"1087","OTU_312","AC092156.2",1
"1088","OTU_314","XM_071197339.1",1
"1089","OTU_314","XM_071197340.1",1
"1090","OTU_314","XR_011640881.1",1
"1091","OTU_33","NM_001194967.1",1
"1092","OTU_33","XR_011620582.1",1
"1093","OTU_337","XM_071197339.1",1
"1094","OTU_337","XM_071197340.1",1
"1095","OTU_337","XR_011640881.1",1
"1096","OTU_34","NG_027492.2",1
"1097","OTU_345","OK209749.1",1
"1098","OTU_345","OK209751.1",1
"1099","OTU_345","OK209754.1",1
"1100","OTU_345","OK209755.1",1
"1101","OTU_345","OK209763.1",1
"1102","OTU_345","OK209768.1",1
"1103","OTU_345","OK209770.1",1
"1104","OTU_345","OK209773.1",1
"1105","OTU_345","OK209778.1",1
"1106","OTU_345","OK209783.1",1
"1107","OTU_345","OK209788.1",1
"1108","OTU_345","OK209792.1",1
"1109","OTU_345","OK209796.1",1
"1110","OTU_345","OK209799.1",1
"1111","OTU_345","OK209801.1",1
"1112","OTU_345","ON307368.1",1
"1113","OTU_345","ON310880.1",1
"1114","OTU_345","ON493636.1",1
"1115","OTU_345","ON817214.1",1
"1116","OTU_345","ON944123.1",1
"1117","OTU_345","ON944126.1",1
"1118","OTU_345","ON944129.1",1
"1119","OTU_345","ON944132.1",1
"1120","OTU_345","ON944139.1",1
"1121","OTU_345","ON965001.1",1
"1122","OTU_345","OP881909.1",1
"1123","OTU_345","OR001988.1",1
"1124","OTU_345","OX465989.1",1
"1125","OTU_345","OX466047.1",4
"1126","OTU_345","OX466054.1",2
"1127","OTU_345","PP826304.1",1
"1128","OTU_345","PX071578.1",1
"1129","OTU_345","XR_006749703.1",1
"1130","OTU_345","XR_006749704.1",1
"1131","OTU_345","XR_006749710.1",1
"1132","OTU_345","XR_006749721.1",1
"1133","OTU_345","XR_006749724.1",1
"1134","OTU_345","XR_006749731.1",1
"1135","OTU_345","XR_006749744.1",1
"1136","OTU_345","XR_006749745.1",1
"1137","OTU_345","XR_006749748.1",1
"1138","OTU_345","XR_006749758.1",1
"1139","OTU_345","XR_006749759.1",1
"1140","OTU_345","XR_006749763.1",1
"1141","OTU_345","XR_006749767.1",1
"1142","OTU_345","XR_006749772.1",1
"1143","OTU_345","XR_006749780.1",1
"1144","OTU_345","XR_006749786.1",1
"1145","OTU_345","XR_006923298.1",1
"1146","OTU_345","XR_007662880.1",1
"1147","OTU_345","XR_007665257.1",1
"1148","OTU_345","XR_008910844.1",1
"1149","OTU_345","XR_008910902.1",1
"1150","OTU_345","XR_008910941.1",1
"1151","OTU_345","XR_009060449.1",1
"1152","OTU_345","XR_009060549.1",1
"1153","OTU_345","XR_009060563.1",1
"1154","OTU_345","XR_009060568.1",1
"1155","OTU_345","XR_009060623.1",1
"1156","OTU_345","XR_009060653.1",1
"1157","OTU_345","XR_009060657.1",1
"1158","OTU_345","XR_009060660.1",1
"1159","OTU_345","XR_009060689.1",1
"1160","OTU_345","XR_009060698.1",1
"1161","OTU_345","XR_009060705.1",1
"1162","OTU_345","XR_009060706.1",1
"1163","OTU_345","XR_009060730.1",1
"1164","OTU_345","XR_009618274.1",1
"1165","OTU_345","XR_010335882.1",1
"1166","OTU_345","XR_010335897.1",1
"1167","OTU_345","XR_010335930.1",1
"1168","OTU_345","XR_010336000.1",1
"1169","OTU_345","XR_010336019.1",1
"1170","OTU_345","XR_010336071.1",1
"1171","OTU_345","XR_010336081.1",1
"1172","OTU_345","XR_010336100.1",1
"1173","OTU_345","XR_010336102.1",1
"1174","OTU_345","XR_010336112.1",1
"1175","OTU_345","XR_010336216.1",1
"1176","OTU_345","XR_010336219.1",1
"1177","OTU_345","XR_010336220.1",1
"1178","OTU_345","XR_011642306.1",1
"1179","OTU_345","XR_012465304.1",1
"1180","OTU_345","XR_012466624.1",1
"1181","OTU_345","XR_012466650.1",1
"1182","OTU_345","XR_012466676.1",1
"1183","OTU_345","XR_012467611.1",1
"1184","OTU_345","XR_012468130.1",1
"1185","OTU_345","XR_012468223.1",1
"1186","OTU_345","XR_012468225.1",1
"1187","OTU_345","XR_013008042.1",1
"1188","OTU_345","XR_013008107.1",1
"1189","OTU_345","XR_013008109.1",1
"1190","OTU_345","XR_013008121.1",1
"1191","OTU_345","XR_013008220.1",1
"1192","OTU_345","XR_013008291.1",1
"1193","OTU_345","XR_013008297.1",1
"1194","OTU_345","XR_013008367.1",1
"1195","OTU_345","XR_013008376.1",1
"1196","OTU_345","XR_013008395.1",1
"1197","OTU_355","NM_001195073.3",1
"1198","OTU_36","NG_023471.3",1
"1199","OTU_37","XM_011959258.1",1
"1200","OTU_377","6GAW_BA",1
"1201","OTU_377","8OIN_B8",1
"1202","OTU_377","KX982653.1",1
"1203","OTU_377","KX982656.1",1
"1204","OTU_377","KX982659.1",1
"1205","OTU_377","KX982660.1",1
"1206","OTU_377","KY800118.1",1
"1207","OTU_377","LC500156.1",1
"1208","OTU_377","LC500157.1",1
"1209","OTU_377","LC880095.1",1
"1210","OTU_377","MF183224.1",1
"1211","OTU_377","MG009445.1",1
"1212","OTU_377","MG250515.1",1
"1213","OTU_377","MG250516.1",1
"1214","OTU_377","MG250517.1",1
"1215","OTU_377","MG250518.1",1
"1216","OTU_377","MG250522.1",1
"1217","OTU_377","MG250526.1",1
"1218","OTU_377","MG250528.1",1
"1219","OTU_377","MG250529.1",1
"1220","OTU_377","MG250538.1",1
"1221","OTU_377","MG250539.1",1
"1222","OTU_377","MG250543.1",1
"1223","OTU_377","MG250544.1",1
"1224","OTU_377","MG250545.1",1
"1225","OTU_377","MG250546.1",1
"1226","OTU_377","MG250551.1",1
"1227","OTU_377","MG250557.1",1
"1228","OTU_377","MG250559.1",1
"1229","OTU_377","MG250560.1",1
"1230","OTU_377","MG250562.1",1
"1231","OTU_377","MG837549.1",1
"1232","OTU_377","MG837550.1",1
"1233","OTU_377","MK248681.1",1
"1234","OTU_377","MK344650.1",1
"1235","OTU_377","MK344652.1",1
"1236","OTU_377","MK746089.1",1
"1237","OTU_377","MK746090.1",1
"1238","OTU_377","MK746091.1",1
"1239","OTU_377","MK746094.1",1
"1240","OTU_377","MK746096.1",1
"1241","OTU_377","MK858170.1",1
"1242","OTU_377","MK858173.1",1
"1243","OTU_377","MK858179.1",1
"1244","OTU_377","MN550011.1",1
"1245","OTU_377","MT199605.1",1
"1246","OTU_377","MT483613.1",1
"1247","OTU_377","MW916330.1",1
"1248","OTU_377","OK329967.1",1
"1249","OTU_377","OL435713.1",1
"1250","OTU_377","OL547443.1",1
"1251","OTU_377","OL547444.1",1
"1252","OTU_377","OL547453.1",1
"1253","OTU_377","OL547455.1",1
"1254","OTU_377","OL547460.1",1
"1255","OTU_377","OL547461.1",1
"1256","OTU_377","OL547481.1",1
"1257","OTU_377","OL547482.1",1
"1258","OTU_377","OM363676.1",1
"1259","OTU_377","OM468891.1",1
"1260","OTU_377","OM617468.1",1
"1261","OTU_377","OM634652.1",1
"1262","OTU_377","ON060839.1",1
"1263","OTU_377","ON706057.1",1
"1264","OTU_377","OQ443259.1",1
"1265","OTU_377","OQ443262.1",1
"1266","OTU_377","OQ443264.1",1
"1267","OTU_377","OQ443267.1",1
"1268","OTU_377","OQ443271.1",1
"1269","OTU_377","OR234746.1",1
"1270","OTU_377","OR255999.1",1
"1271","OTU_377","OR268692.1",1
"1272","OTU_377","OR360135.1",1
"1273","OTU_377","OR360175.1",1
"1274","OTU_377","OR360178.1",1
"1275","OTU_377","OR360215.1",1
"1276","OTU_377","OR360223.1",1
"1277","OTU_377","OR397962.1",1
"1278","OTU_377","PP763926.1",1
"1279","OTU_377","PP763929.1",1
"1280","OTU_377","PP763931.1",1
"1281","OTU_377","PP763932.1",1
"1282","OTU_377","PP763934.1",1
"1283","OTU_377","PP763936.1",1
"1284","OTU_377","PP763937.1",1
"1285","OTU_377","PP763942.1",1
"1286","OTU_377","PP763943.1",1
"1287","OTU_377","PP763944.1",1
"1288","OTU_377","PP763945.1",1
"1289","OTU_377","PP763947.1",1
"1290","OTU_377","PP763950.1",1
"1291","OTU_377","PP763974.1",1
"1292","OTU_377","PP763975.1",1
"1293","OTU_377","PP763978.1",1
"1294","OTU_377","PP763982.1",1
"1295","OTU_377","PP763983.1",1
"1296","OTU_377","PP763987.1",1
"1297","OTU_377","PP763988.1",1
"1298","OTU_377","PV693689.1",1
"1299","OTU_38","NM_001195058.2",1
"1300","OTU_39","AC213900.3",1
"1301","OTU_395","XR_011641239.1",1
"1302","OTU_4","AY391769.1",1
"1303","OTU_4","AY391770.1",1
"1304","OTU_4","DQ832273.1",1
"1305","OTU_4","EF035448.1",1
"1306","OTU_4","EU223368.1",1
"1307","OTU_4","KJ870152.1",1
"1308","OTU_4","KY946815.1",1
"1309","OTU_4","MF176981.1",1
"1310","OTU_4","MF176982.1",1
"1311","OTU_4","MF176983.1",1
"1312","OTU_4","MF176984.1",1
"1313","OTU_4","MF176985.1",1
"1314","OTU_4","MF176986.1",1
"1315","OTU_4","MF176987.1",1
"1316","OTU_4","MF176988.1",1
"1317","OTU_4","MF176989.1",1
"1318","OTU_4","MF176991.1",1
"1319","OTU_4","MF176992.1",1
"1320","OTU_4","MF176993.1",1
"1321","OTU_4","MF176995.1",1
"1322","OTU_4","MF176997.1",1
"1323","OTU_4","MF176998.1",1
"1324","OTU_4","MF176999.1",1
"1325","OTU_4","MF177000.1",1
"1326","OTU_4","MF177002.1",1
"1327","OTU_4","MF177003.1",1
"1328","OTU_4","MF177004.1",1
"1329","OTU_4","MF177005.1",1
"1330","OTU_4","MF177006.1",1
"1331","OTU_4","MF177007.1",1
"1332","OTU_4","MF177009.1",1
"1333","OTU_4","MF177010.1",1
"1334","OTU_4","MF177011.1",1
"1335","OTU_4","MF177012.1",1
"1336","OTU_4","MF177014.1",1
"1337","OTU_4","MF177015.1",1
"1338","OTU_4","MF177016.1",1
"1339","OTU_4","MF177017.1",1
"1340","OTU_4","MF177019.1",1
"1341","OTU_4","MF177020.1",1
"1342","OTU_4","MF177021.1",1
"1343","OTU_4","MF177022.1",1
"1344","OTU_4","MF177025.1",1
"1345","OTU_4","MF177026.1",1
"1346","OTU_4","MF177027.1",1
"1347","OTU_4","MK941883.1",1
"1348","OTU_4","NC_008414.3",1
"1349","OTU_4","NC_008462.1",1
"1350","OTU_4","NC_016707.1",1
"1351","OTU_4","NC_031835.1",1
"1352","OTU_4","OQ231463.1",1
"1353","OTU_40","AF420054.1",1
"1354","OTU_40","AF420055.1",1
"1355","OTU_40","AF420056.1",1
"1356","OTU_40","AF420060.1",1
"1357","OTU_40","AF420061.1",1
"1358","OTU_40","AY603034.1",1
"1359","OTU_40","AY603035.1",1
"1360","OTU_40","AY603037.1",1
"1361","OTU_40","NG_027496.2",1
"1362","OTU_406","AJ428946.1",1
"1363","OTU_406","EF588275.2",1
"1364","OTU_406","MW703459.1",1
"1365","OTU_406","MW703460.1",1
"1366","OTU_406","MZ031857.1",1
"1367","OTU_406","MZ031859.1",1
"1368","OTU_406","MZ031861.1",1
"1369","OTU_406","MZ031862.1",1
"1370","OTU_406","MZ031863.1",1
"1371","OTU_406","MZ031864.1",1
"1372","OTU_406","MZ031865.1",1
"1373","OTU_406","MZ031866.1",1
"1374","OTU_406","MZ061594.1",1
"1375","OTU_406","MZ061595.1",1
"1376","OTU_406","MZ061598.1",1
"1377","OTU_406","MZ061599.1",1
"1378","OTU_406","MZ061600.1",1
"1379","OTU_406","MZ061601.1",1
"1380","OTU_406","NC_005129.2",1
"1381","OTU_406","OL628830.1",1
"1382","OTU_406","OP575307.1",1
"1383","OTU_406","PV139002.1",1
"1384","OTU_406","PV139003.1",1
"1385","OTU_406","PV139004.1",1
"1386","OTU_406","PV139006.1",1
"1387","OTU_41","MZ040937.1",1
"1388","OTU_41","MZ040939.1",1
"1389","OTU_41","MZ040948.1",1
"1390","OTU_41","MZ040959.1",1
"1391","OTU_41","MZ041115.1",1
"1392","OTU_43","EU621808.1",1
"1393","OTU_435","KC733266.1",1
"1394","OTU_438","6GAW_BA",1
"1395","OTU_438","8OIN_B8",1
"1396","OTU_438","KX982653.1",1
"1397","OTU_438","KX982656.1",1
"1398","OTU_438","KX982659.1",1
"1399","OTU_438","KX982660.1",1
"1400","OTU_438","KY800118.1",1
"1401","OTU_438","LC500156.1",1
"1402","OTU_438","LC500157.1",1
"1403","OTU_438","LC880095.1",1
"1404","OTU_438","MF183224.1",1
"1405","OTU_438","MG009445.1",1
"1406","OTU_438","MG250515.1",1
"1407","OTU_438","MG250516.1",1
"1408","OTU_438","MG250517.1",1
"1409","OTU_438","MG250518.1",1
"1410","OTU_438","MG250522.1",1
"1411","OTU_438","MG250526.1",1
"1412","OTU_438","MG250528.1",1
"1413","OTU_438","MG250529.1",1
"1414","OTU_438","MG250538.1",1
"1415","OTU_438","MG250539.1",1
"1416","OTU_438","MG250543.1",1
"1417","OTU_438","MG250544.1",1
"1418","OTU_438","MG250545.1",1
"1419","OTU_438","MG250546.1",1
"1420","OTU_438","MG250551.1",1
"1421","OTU_438","MG250557.1",1
"1422","OTU_438","MG250559.1",1
"1423","OTU_438","MG250560.1",1
"1424","OTU_438","MG250562.1",1
"1425","OTU_438","MG837549.1",1
"1426","OTU_438","MG837550.1",1
"1427","OTU_438","MK248681.1",1
"1428","OTU_438","MK344650.1",1
"1429","OTU_438","MK344652.1",1
"1430","OTU_438","MK746089.1",1
"1431","OTU_438","MK746090.1",1
"1432","OTU_438","MK746091.1",1
"1433","OTU_438","MK746094.1",1
"1434","OTU_438","MK746096.1",1
"1435","OTU_438","MK858170.1",1
"1436","OTU_438","MK858173.1",1
"1437","OTU_438","MK858179.1",1
"1438","OTU_438","MN550011.1",1
"1439","OTU_438","MT199605.1",1
"1440","OTU_438","MT483613.1",1
"1441","OTU_438","MW916330.1",1
"1442","OTU_438","OK329967.1",1
"1443","OTU_438","OL435713.1",1
"1444","OTU_438","OL547443.1",1
"1445","OTU_438","OL547444.1",1
"1446","OTU_438","OL547453.1",1
"1447","OTU_438","OL547455.1",1
"1448","OTU_438","OL547460.1",1
"1449","OTU_438","OL547461.1",1
"1450","OTU_438","OL547481.1",1
"1451","OTU_438","OL547482.1",1
"1452","OTU_438","OM363676.1",1
"1453","OTU_438","OM468891.1",1
"1454","OTU_438","OM617468.1",1
"1455","OTU_438","OM634652.1",1
"1456","OTU_438","ON060839.1",1
"1457","OTU_438","ON706057.1",1
"1458","OTU_438","OQ443259.1",1
"1459","OTU_438","OQ443262.1",1
"1460","OTU_438","OQ443264.1",1
"1461","OTU_438","OQ443267.1",1
"1462","OTU_438","OQ443271.1",1
"1463","OTU_438","OR234746.1",1
"1464","OTU_438","OR255999.1",1
"1465","OTU_438","OR268692.1",1
"1466","OTU_438","OR360135.1",1
"1467","OTU_438","OR360175.1",1
"1468","OTU_438","OR360178.1",1
"1469","OTU_438","OR360215.1",1
"1470","OTU_438","OR360223.1",1
"1471","OTU_438","OR397962.1",1
"1472","OTU_438","PP763926.1",1
"1473","OTU_438","PP763929.1",1
"1474","OTU_438","PP763931.1",1
"1475","OTU_438","PP763932.1",1
"1476","OTU_438","PP763934.1",1
"1477","OTU_438","PP763936.1",1
"1478","OTU_438","PP763937.1",1
"1479","OTU_438","PP763942.1",1
"1480","OTU_438","PP763943.1",1
"1481","OTU_438","PP763944.1",1
"1482","OTU_438","PP763945.1",1
"1483","OTU_438","PP763947.1",1
"1484","OTU_438","PP763950.1",1
"1485","OTU_438","PP763974.1",1
"1486","OTU_438","PP763975.1",1
"1487","OTU_438","PP763978.1",1
"1488","OTU_438","PP763982.1",1
"1489","OTU_438","PP763983.1",1
"1490","OTU_438","PP763987.1",1
"1491","OTU_438","PP763988.1",1
"1492","OTU_438","PV693689.1",1
"1493","OTU_44","NC_040292.1",1
"1494","OTU_442","6GAW_BA",1
"1495","OTU_442","8OIN_B8",1
"1496","OTU_442","KX982653.1",1
"1497","OTU_442","KX982656.1",1
"1498","OTU_442","KX982659.1",1
"1499","OTU_442","KX982660.1",1
"1500","OTU_442","KY800118.1",1
"1501","OTU_442","LC500156.1",1
"1502","OTU_442","LC500157.1",1
"1503","OTU_442","LC880095.1",1
"1504","OTU_442","MF183224.1",1
"1505","OTU_442","MG009445.1",1
"1506","OTU_442","MG250515.1",1
"1507","OTU_442","MG250516.1",1
"1508","OTU_442","MG250517.1",1
"1509","OTU_442","MG250518.1",1
"1510","OTU_442","MG250522.1",1
"1511","OTU_442","MG250526.1",1
"1512","OTU_442","MG250528.1",1
"1513","OTU_442","MG250529.1",1
"1514","OTU_442","MG250538.1",1
"1515","OTU_442","MG250539.1",1
"1516","OTU_442","MG250543.1",1
"1517","OTU_442","MG250544.1",1
"1518","OTU_442","MG250545.1",1
"1519","OTU_442","MG250546.1",1
"1520","OTU_442","MG250551.1",1
"1521","OTU_442","MG250557.1",1
"1522","OTU_442","MG250559.1",1
"1523","OTU_442","MG250560.1",1
"1524","OTU_442","MG250562.1",1
"1525","OTU_442","MG837549.1",1
"1526","OTU_442","MG837550.1",1
"1527","OTU_442","MK248681.1",1
"1528","OTU_442","MK344650.1",1
"1529","OTU_442","MK344652.1",1
"1530","OTU_442","MK746089.1",1
"1531","OTU_442","MK746090.1",1
"1532","OTU_442","MK746091.1",1
"1533","OTU_442","MK746094.1",1
"1534","OTU_442","MK746096.1",1
"1535","OTU_442","MK858170.1",1
"1536","OTU_442","MK858173.1",1
"1537","OTU_442","MK858179.1",1
"1538","OTU_442","MN550011.1",1
"1539","OTU_442","MT199605.1",1
"1540","OTU_442","MT483613.1",1
"1541","OTU_442","MW916330.1",1
"1542","OTU_442","OK329967.1",1
"1543","OTU_442","OL435713.1",1
"1544","OTU_442","OL547443.1",1
"1545","OTU_442","OL547444.1",1
"1546","OTU_442","OL547453.1",1
"1547","OTU_442","OL547455.1",1
"1548","OTU_442","OL547460.1",1
"1549","OTU_442","OL547461.1",1
"1550","OTU_442","OL547481.1",1
"1551","OTU_442","OL547482.1",1
"1552","OTU_442","OM363676.1",1
"1553","OTU_442","OM468891.1",1
"1554","OTU_442","OM617468.1",1
"1555","OTU_442","OM634652.1",1
"1556","OTU_442","ON060839.1",1
"1557","OTU_442","ON706057.1",1
"1558","OTU_442","OQ443259.1",1
"1559","OTU_442","OQ443262.1",1
"1560","OTU_442","OQ443264.1",1
"1561","OTU_442","OQ443267.1",1
"1562","OTU_442","OQ443271.1",1
"1563","OTU_442","OR234746.1",1
"1564","OTU_442","OR255999.1",1
"1565","OTU_442","OR268692.1",1
"1566","OTU_442","OR360135.1",1
"1567","OTU_442","OR360175.1",1
"1568","OTU_442","OR360178.1",1
"1569","OTU_442","OR360215.1",1
"1570","OTU_442","OR360223.1",1
"1571","OTU_442","OR397962.1",1
"1572","OTU_442","PP763926.1",1
"1573","OTU_442","PP763929.1",1
"1574","OTU_442","PP763931.1",1
"1575","OTU_442","PP763932.1",1
"1576","OTU_442","PP763934.1",1
"1577","OTU_442","PP763936.1",1
"1578","OTU_442","PP763937.1",1
"1579","OTU_442","PP763942.1",1
"1580","OTU_442","PP763943.1",1
"1581","OTU_442","PP763944.1",1
"1582","OTU_442","PP763945.1",1
"1583","OTU_442","PP763947.1",1
"1584","OTU_442","PP763950.1",1
"1585","OTU_442","PP763974.1",1
"1586","OTU_442","PP763975.1",1
"1587","OTU_442","PP763978.1",1
"1588","OTU_442","PP763982.1",1
"1589","OTU_442","PP763983.1",1
"1590","OTU_442","PP763987.1",1
"1591","OTU_442","PP763988.1",1
"1592","OTU_442","PV693689.1",1
"1593","OTU_445","CP094620.1",1
"1594","OTU_445","CP118892.1",1
"1595","OTU_445","CP142740.1",1
"1596","OTU_445","CP192737.1",1
"1597","OTU_454","KT587402.1",1
"1598","OTU_454","KT587409.1",1
"1599","OTU_454","KT587411.1",1
"1600","OTU_454","KT587412.1",1
"1601","OTU_454","KT587448.1",1
"1602","OTU_454","KT587449.1",1
"1603","OTU_454","KT587450.1",1
"1604","OTU_454","KX456515.1",1
"1605","OTU_454","KX456524.1",1
"1606","OTU_454","KX456829.1",1
"1607","OTU_454","KX457184.1",1
"1608","OTU_454","KX457190.1",1
"1609","OTU_454","KY411474.1",1
"1610","OTU_454","KY411475.1",1
"1611","OTU_454","KY411476.1",1
"1612","OTU_454","KY411484.1",1
"1613","OTU_454","KY595584.1",1
"1614","OTU_454","KY645900.1",1
"1615","OTU_454","KY645903.1",1
"1616","OTU_454","LR131170.1",1
"1617","OTU_454","LS998709.1",1
"1618","OTU_454","MF057653.1",1
"1619","OTU_454","MF177174.1",1
"1620","OTU_454","MF437241.1",1
"1621","OTU_454","MF523172.1",1
"1622","OTU_454","MF523178.1",1
"1623","OTU_454","MF523185.1",1
"1624","OTU_454","MG272584.1",1
"1625","OTU_454","MG272704.1",1
"1626","OTU_454","MK059604.1",1
"1627","OTU_454","MK059728.1",1
"1628","OTU_454","MN610397.1",1
"1629","OTU_454","MN610399.1",1
"1630","OTU_454","MN610404.1",1
"1631","OTU_454","MN628147.1",1
"1632","OTU_454","MT588247.1",1
"1633","OTU_454","MT929264.1",1
"1634","OTU_454","MZ921328.1",1
"1635","OTU_454","ON010030.1",1
"1636","OTU_454","ON127810.1",1
"1637","OTU_454","ON155447.1",1
"1638","OTU_454","ON155451.1",1
"1639","OTU_454","ON155452.1",1
"1640","OTU_454","ON155454.1",1
"1641","OTU_454","ON155455.1",1
"1642","OTU_454","ON155458.1",1
"1643","OTU_454","ON155468.1",1
"1644","OTU_454","ON155469.1",1
"1645","OTU_454","ON155472.1",1
"1646","OTU_454","ON155474.1",1
"1647","OTU_454","ON155475.1",1
"1648","OTU_454","ON155476.1",1
"1649","OTU_454","ON155485.1",1
"1650","OTU_454","ON155492.1",1
"1651","OTU_454","ON155495.1",1
"1652","OTU_454","ON155497.1",1
"1653","OTU_454","ON155504.1",1
"1654","OTU_454","ON155509.1",1
"1655","OTU_454","ON155521.1",1
"1656","OTU_454","ON155522.1",1
"1657","OTU_454","ON155524.1",1
"1658","OTU_454","ON155525.1",1
"1659","OTU_454","ON155529.1",1
"1660","OTU_454","ON155530.1",1
"1661","OTU_454","ON155531.1",1
"1662","OTU_454","ON155536.1",1
"1663","OTU_454","ON155538.1",1
"1664","OTU_454","ON155558.1",1
"1665","OTU_454","ON155559.1",1
"1666","OTU_454","ON155561.1",1
"1667","OTU_454","ON155566.1",1
"1668","OTU_454","ON155567.1",1
"1669","OTU_454","ON155569.1",1
"1670","OTU_454","ON155570.1",1
"1671","OTU_454","ON155571.1",1
"1672","OTU_454","ON155578.1",1
"1673","OTU_454","OP004731.1",1
"1674","OTU_454","OP718244.1",1
"1675","OTU_454","OP718247.1",1
"1676","OTU_454","OQ731981.1",1
"1677","OTU_454","PP084180.1",1
"1678","OTU_454","PP654513.1",1
"1679","OTU_454","PP654541.1",1
"1680","OTU_454","PP654556.1",1
"1681","OTU_454","PP654565.1",1
"1682","OTU_454","PP654572.1",1
"1683","OTU_454","PP654587.1",1
"1684","OTU_454","PP654597.1",1
"1685","OTU_454","PP654616.1",1
"1686","OTU_454","PP654622.1",1
"1687","OTU_454","PP654627.1",1
"1688","OTU_454","PP654651.1",1
"1689","OTU_454","PP654655.1",1
"1690","OTU_454","PP654656.1",1
"1691","OTU_454","PQ137313.1",1
"1692","OTU_454","PQ137333.1",1
"1693","OTU_454","PV621504.1",1
"1694","OTU_454","PV621505.1",1
"1695","OTU_454","PV740866.1",1
"1696","OTU_454","PX366908.1",1
"1697","OTU_458","6GAW_BA",1
"1698","OTU_458","8OIN_B8",1
"1699","OTU_458","KX982653.1",1
"1700","OTU_458","KX982656.1",1
"1701","OTU_458","KX982659.1",1
"1702","OTU_458","KX982660.1",1
"1703","OTU_458","KY800118.1",1
"1704","OTU_458","LC500156.1",1
"1705","OTU_458","LC500157.1",1
"1706","OTU_458","LC880095.1",1
"1707","OTU_458","MF183224.1",1
"1708","OTU_458","MG009445.1",1
"1709","OTU_458","MG250515.1",1
"1710","OTU_458","MG250516.1",1
"1711","OTU_458","MG250517.1",1
"1712","OTU_458","MG250518.1",1
"1713","OTU_458","MG250522.1",1
"1714","OTU_458","MG250526.1",1
"1715","OTU_458","MG250528.1",1
"1716","OTU_458","MG250529.1",1
"1717","OTU_458","MG250538.1",1
"1718","OTU_458","MG250539.1",1
"1719","OTU_458","MG250543.1",1
"1720","OTU_458","MG250544.1",1
"1721","OTU_458","MG250545.1",1
"1722","OTU_458","MG250546.1",1
"1723","OTU_458","MG250551.1",1
"1724","OTU_458","MG250557.1",1
"1725","OTU_458","MG250559.1",1
"1726","OTU_458","MG250560.1",1
"1727","OTU_458","MG250562.1",1
"1728","OTU_458","MG837549.1",1
"1729","OTU_458","MG837550.1",1
"1730","OTU_458","MK248681.1",1
"1731","OTU_458","MK344650.1",1
"1732","OTU_458","MK344652.1",1
"1733","OTU_458","MK746089.1",1
"1734","OTU_458","MK746090.1",1
"1735","OTU_458","MK746091.1",1
"1736","OTU_458","MK746094.1",1
"1737","OTU_458","MK746096.1",1
"1738","OTU_458","MK858170.1",1
"1739","OTU_458","MK858173.1",1
"1740","OTU_458","MK858179.1",1
"1741","OTU_458","MN550011.1",1
"1742","OTU_458","MT199605.1",1
"1743","OTU_458","MT483613.1",1
"1744","OTU_458","MW916330.1",1
"1745","OTU_458","OK329967.1",1
"1746","OTU_458","OL435713.1",1
"1747","OTU_458","OL547443.1",1
"1748","OTU_458","OL547444.1",1
"1749","OTU_458","OL547453.1",1
"1750","OTU_458","OL547455.1",1
"1751","OTU_458","OL547460.1",1
"1752","OTU_458","OL547461.1",1
"1753","OTU_458","OL547481.1",1
"1754","OTU_458","OL547482.1",1
"1755","OTU_458","OM363676.1",1
"1756","OTU_458","OM468891.1",1
"1757","OTU_458","OM617468.1",1
"1758","OTU_458","OM634652.1",1
"1759","OTU_458","ON060839.1",1
"1760","OTU_458","ON706057.1",1
"1761","OTU_458","OQ443259.1",1
"1762","OTU_458","OQ443262.1",1
"1763","OTU_458","OQ443264.1",1
"1764","OTU_458","OQ443267.1",1
"1765","OTU_458","OQ443271.1",1
"1766","OTU_458","OR234746.1",1
"1767","OTU_458","OR255999.1",1
"1768","OTU_458","OR268692.1",1
"1769","OTU_458","OR360135.1",1
"1770","OTU_458","OR360175.1",1
"1771","OTU_458","OR360178.1",1
"1772","OTU_458","OR360215.1",1
"1773","OTU_458","OR360223.1",1
"1774","OTU_458","OR397962.1",1
"1775","OTU_458","PP763926.1",1
"1776","OTU_458","PP763929.1",1
"1777","OTU_458","PP763931.1",1
"1778","OTU_458","PP763932.1",1
"1779","OTU_458","PP763934.1",1
"1780","OTU_458","PP763936.1",1
"1781","OTU_458","PP763937.1",1
"1782","OTU_458","PP763942.1",1
"1783","OTU_458","PP763943.1",1
"1784","OTU_458","PP763944.1",1
"1785","OTU_458","PP763945.1",1
"1786","OTU_458","PP763947.1",1
"1787","OTU_458","PP763950.1",1
"1788","OTU_458","PP763974.1",1
"1789","OTU_458","PP763975.1",1
"1790","OTU_458","PP763978.1",1
"1791","OTU_458","PP763982.1",1
"1792","OTU_458","PP763983.1",1
"1793","OTU_458","PP763987.1",1
"1794","OTU_458","PP763988.1",1
"1795","OTU_458","PV693689.1",1
"1796","OTU_462","XM_071199105.1",1
"1797","OTU_462","XM_071199107.1",1
"1798","OTU_462","XM_071199108.1",1
"1799","OTU_47","AC091134.7",1
"1800","OTU_47","AC107940.13",1
"1801","OTU_47","AC131055.10",1
"1802","OTU_47","AC132825.8",1
"1803","OTU_47","AF227907.1",1
"1804","OTU_47","CP034495.1",1
"1805","OTU_47","NG_077217.1",1
"1806","OTU_47","OK040662.1",1
"1807","OTU_470","6GAW_BA",1
"1808","OTU_470","8OIN_B8",1
"1809","OTU_470","KX982653.1",1
"1810","OTU_470","KX982656.1",1
"1811","OTU_470","KX982659.1",1
"1812","OTU_470","KX982660.1",1
"1813","OTU_470","KY800118.1",1
"1814","OTU_470","LC500156.1",1
"1815","OTU_470","LC500157.1",1
"1816","OTU_470","LC880095.1",1
"1817","OTU_470","MF183224.1",1
"1818","OTU_470","MG009445.1",1
"1819","OTU_470","MG250515.1",1
"1820","OTU_470","MG250516.1",1
"1821","OTU_470","MG250517.1",1
"1822","OTU_470","MG250518.1",1
"1823","OTU_470","MG250522.1",1
"1824","OTU_470","MG250526.1",1
"1825","OTU_470","MG250528.1",1
"1826","OTU_470","MG250529.1",1
"1827","OTU_470","MG250538.1",1
"1828","OTU_470","MG250539.1",1
"1829","OTU_470","MG250543.1",1
"1830","OTU_470","MG250544.1",1
"1831","OTU_470","MG250545.1",1
"1832","OTU_470","MG250546.1",1
"1833","OTU_470","MG250551.1",1
"1834","OTU_470","MG250557.1",1
"1835","OTU_470","MG250559.1",1
"1836","OTU_470","MG250560.1",1
"1837","OTU_470","MG250562.1",1
"1838","OTU_470","MG837549.1",1
"1839","OTU_470","MG837550.1",1
"1840","OTU_470","MK248681.1",1
"1841","OTU_470","MK344650.1",1
"1842","OTU_470","MK344652.1",1
"1843","OTU_470","MK746089.1",1
"1844","OTU_470","MK746090.1",1
"1845","OTU_470","MK746091.1",1
"1846","OTU_470","MK746094.1",1
"1847","OTU_470","MK746096.1",1
"1848","OTU_470","MK858170.1",1
"1849","OTU_470","MK858173.1",1
"1850","OTU_470","MK858179.1",1
"1851","OTU_470","MN550011.1",1
"1852","OTU_470","MT199605.1",1
"1853","OTU_470","MT483613.1",1
"1854","OTU_470","MW916330.1",1
"1855","OTU_470","OK329967.1",1
"1856","OTU_470","OL435713.1",1
"1857","OTU_470","OL547443.1",1
"1858","OTU_470","OL547444.1",1
"1859","OTU_470","OL547453.1",1
"1860","OTU_470","OL547455.1",1
"1861","OTU_470","OL547460.1",1
"1862","OTU_470","OL547461.1",1
"1863","OTU_470","OL547481.1",1
"1864","OTU_470","OL547482.1",1
"1865","OTU_470","OM363676.1",1
"1866","OTU_470","OM468891.1",1
"1867","OTU_470","OM617468.1",1
"1868","OTU_470","OM634652.1",1
"1869","OTU_470","ON060839.1",1
"1870","OTU_470","ON706057.1",1
"1871","OTU_470","OQ443259.1",1
"1872","OTU_470","OQ443262.1",1
"1873","OTU_470","OQ443264.1",1
"1874","OTU_470","OQ443267.1",1
"1875","OTU_470","OQ443271.1",1
"1876","OTU_470","OR234746.1",1
"1877","OTU_470","OR255999.1",1
"1878","OTU_470","OR268692.1",1
"1879","OTU_470","OR360135.1",1
"1880","OTU_470","OR360175.1",1
"1881","OTU_470","OR360178.1",1
"1882","OTU_470","OR360215.1",1
"1883","OTU_470","OR360223.1",1
"1884","OTU_470","OR397962.1",1
"1885","OTU_470","PP763926.1",1
"1886","OTU_470","PP763929.1",1
"1887","OTU_470","PP763931.1",1
"1888","OTU_470","PP763932.1",1
"1889","OTU_470","PP763934.1",1
"1890","OTU_470","PP763936.1",1
"1891","OTU_470","PP763937.1",1
"1892","OTU_470","PP763942.1",1
"1893","OTU_470","PP763943.1",1
"1894","OTU_470","PP763944.1",1
"1895","OTU_470","PP763945.1",1
"1896","OTU_470","PP763947.1",1
"1897","OTU_470","PP763950.1",1
"1898","OTU_470","PP763974.1",1
"1899","OTU_470","PP763975.1",1
"1900","OTU_470","PP763978.1",1
"1901","OTU_470","PP763982.1",1
"1902","OTU_470","PP763983.1",1
"1903","OTU_470","PP763987.1",1
"1904","OTU_470","PP763988.1",1
"1905","OTU_470","PV693689.1",1
"1906","OTU_494","AY131544.1",1
"1907","OTU_5","CP115610.1",1
"1908","OTU_5","LC627429.1",1
"1909","OTU_5","LC627430.1",1
"1910","OTU_5","LC880097.1",1
"1911","OTU_5","MT800347.1",1
"1912","OTU_5","MT800349.1",1
"1913","OTU_5","MT800350.1",1
"1914","OTU_5","MT800353.1",1
"1915","OTU_5","MT800357.1",1
"1916","OTU_5","MT800361.1",1
"1917","OTU_5","MT800362.1",1
"1918","OTU_5","MT800363.1",1
"1919","OTU_5","MT800364.1",1
"1920","OTU_5","MT800366.1",1
"1921","OTU_5","MT800368.1",1
"1922","OTU_5","MT800370.1",1
"1923","OTU_5","MT800372.1",1
"1924","OTU_5","MT800374.1",1
"1925","OTU_5","MT800375.1",1
"1926","OTU_5","MT800379.1",1
"1927","OTU_5","MT800385.1",1
"1928","OTU_5","MT800388.1",1
"1929","OTU_5","MT800389.1",1
"1930","OTU_5","MT800390.1",1
"1931","OTU_5","MT800391.1",1
"1932","OTU_5","MT800393.1",1
"1933","OTU_5","MT800394.1",1
"1934","OTU_5","MT800395.1",1
"1935","OTU_5","MT800396.1",1
"1936","OTU_5","MT800402.1",1
"1937","OTU_5","MT800403.1",1
"1938","OTU_5","MT800404.1",1
"1939","OTU_5","MT800405.1",1
"1940","OTU_5","MT800407.1",1
"1941","OTU_5","MT800408.1",1
"1942","OTU_5","MT800409.1",1
"1943","OTU_5","MT800418.1",1
"1944","OTU_5","MT800422.1",1
"1945","OTU_5","MT800424.1",1
"1946","OTU_5","MT800426.1",1
"1947","OTU_5","MT800432.1",1
"1948","OTU_5","MT800437.1",1
"1949","OTU_5","MT800442.1",1
"1950","OTU_5","MT800445.1",1
"1951","OTU_5","MT800448.1",1
"1952","OTU_5","MT800452.1",1
"1953","OTU_5","MT800458.1",1
"1954","OTU_5","MT800460.1",1
"1955","OTU_5","MT800462.1",1
"1956","OTU_5","MT800463.1",1
"1957","OTU_5","MT800465.1",1
"1958","OTU_5","MT800466.1",1
"1959","OTU_5","MT800467.1",1
"1960","OTU_5","MT800469.1",1
"1961","OTU_5","MT800472.1",1
"1962","OTU_5","MT800473.1",1
"1963","OTU_5","MT800476.1",1
"1964","OTU_5","MT800477.1",1
"1965","OTU_5","MT800479.1",1
"1966","OTU_5","MT800481.1",1
"1967","OTU_5","MT800484.1",1
"1968","OTU_5","MT800485.1",1
"1969","OTU_5","MT800487.1",1
"1970","OTU_5","MT800491.1",1
"1971","OTU_5","MT800492.1",1
"1972","OTU_5","MT800495.1",1
"1973","OTU_5","MT800497.1",1
"1974","OTU_5","MT800499.1",1
"1975","OTU_5","MT800500.1",1
"1976","OTU_5","MT800501.1",1
"1977","OTU_5","MW862810.1",1
"1978","OTU_5","MW862813.1",1
"1979","OTU_5","MW862817.1",1
"1980","OTU_5","MW862819.1",1
"1981","OTU_5","MW862820.1",1
"1982","OTU_5","MW862821.1",1
"1983","OTU_5","MW862824.1",1
"1984","OTU_5","MW862826.1",1
"1985","OTU_5","MZ040971.1",1
"1986","OTU_5","MZ922471.1",1
"1987","OTU_5","OK189516.1",1
"1988","OTU_5","OL689235.1",1
"1989","OTU_5","OL959344.1",1
"1990","OTU_5","OM634640.1",1
"1991","OTU_5","OP125118.1",1
"1992","OTU_5","OP125354.1",1
"1993","OTU_5","OP740915.1",1
"1994","OTU_5","OQ629492.1",1
"1995","OTU_5","OQ629493.1",1
"1996","OTU_5","OR187300.1",1
"1997","OTU_5","OR198720.1",1
"1998","OTU_5","OR198722.1",1
"1999","OTU_5","OR198723.1",1
"2000","OTU_5","OR198724.1",1
"2001","OTU_5","OR198725.1",1
"2002","OTU_5","OR198727.1",1
"2003","OTU_5","OR360149.1",1
"2004","OTU_5","OR371514.1",1
"2005","OTU_5","OR834462.1",1
"2006","OTU_5","PP422403.1",1
"2007","OTU_50","AF486866.1",1
"2008","OTU_50","GQ338946.1",1
"2009","OTU_50","JN601070.1",1
"2010","OTU_50","NC_024860.1",1
"2011","OTU_500","6GAW_BA",1
"2012","OTU_500","8OIN_B8",1
"2013","OTU_500","KX982653.1",1
"2014","OTU_500","KX982656.1",1
"2015","OTU_500","KX982659.1",1
"2016","OTU_500","KX982660.1",1
"2017","OTU_500","KY800118.1",1
"2018","OTU_500","LC500156.1",1
"2019","OTU_500","LC500157.1",1
"2020","OTU_500","LC880095.1",1
"2021","OTU_500","MF183224.1",1
"2022","OTU_500","MG009445.1",1
"2023","OTU_500","MG250515.1",1
"2024","OTU_500","MG250516.1",1
"2025","OTU_500","MG250517.1",1
"2026","OTU_500","MG250518.1",1
"2027","OTU_500","MG250522.1",1
"2028","OTU_500","MG250526.1",1
"2029","OTU_500","MG250528.1",1
"2030","OTU_500","MG250529.1",1
"2031","OTU_500","MG250538.1",1
"2032","OTU_500","MG250539.1",1
"2033","OTU_500","MG250543.1",1
"2034","OTU_500","MG250544.1",1
"2035","OTU_500","MG250545.1",1
"2036","OTU_500","MG250546.1",1
"2037","OTU_500","MG250551.1",1
"2038","OTU_500","MG250557.1",1
"2039","OTU_500","MG250559.1",1
"2040","OTU_500","MG250560.1",1
"2041","OTU_500","MG250562.1",1
"2042","OTU_500","MG837549.1",1
"2043","OTU_500","MG837550.1",1
"2044","OTU_500","MK248681.1",1
"2045","OTU_500","MK344650.1",1
"2046","OTU_500","MK344652.1",1
"2047","OTU_500","MK746089.1",1
"2048","OTU_500","MK746090.1",1
"2049","OTU_500","MK746091.1",1
"2050","OTU_500","MK746094.1",1
"2051","OTU_500","MK746096.1",1
"2052","OTU_500","MK858170.1",1
"2053","OTU_500","MK858173.1",1
"2054","OTU_500","MK858179.1",1
"2055","OTU_500","MN550011.1",1
"2056","OTU_500","MT199605.1",1
"2057","OTU_500","MT483613.1",1
"2058","OTU_500","MW916330.1",1
"2059","OTU_500","OK329967.1",1
"2060","OTU_500","OL435713.1",1
"2061","OTU_500","OL547443.1",1
"2062","OTU_500","OL547444.1",1
"2063","OTU_500","OL547453.1",1
"2064","OTU_500","OL547455.1",1
"2065","OTU_500","OL547460.1",1
"2066","OTU_500","OL547461.1",1
"2067","OTU_500","OL547481.1",1
"2068","OTU_500","OL547482.1",1
"2069","OTU_500","OM363676.1",1
"2070","OTU_500","OM468891.1",1
"2071","OTU_500","OM617468.1",1
"2072","OTU_500","OM634652.1",1
"2073","OTU_500","ON060839.1",1
"2074","OTU_500","ON706057.1",1
"2075","OTU_500","OQ443259.1",1
"2076","OTU_500","OQ443262.1",1
"2077","OTU_500","OQ443264.1",1
"2078","OTU_500","OQ443267.1",1
"2079","OTU_500","OQ443271.1",1
"2080","OTU_500","OR234746.1",1
"2081","OTU_500","OR255999.1",1
"2082","OTU_500","OR268692.1",1
"2083","OTU_500","OR360135.1",1
"2084","OTU_500","OR360175.1",1
"2085","OTU_500","OR360178.1",1
"2086","OTU_500","OR360215.1",1
"2087","OTU_500","OR360223.1",1
"2088","OTU_500","OR397962.1",1
"2089","OTU_500","PP763926.1",1
"2090","OTU_500","PP763929.1",1
"2091","OTU_500","PP763931.1",1
"2092","OTU_500","PP763932.1",1
"2093","OTU_500","PP763934.1",1
"2094","OTU_500","PP763936.1",1
"2095","OTU_500","PP763937.1",1
"2096","OTU_500","PP763942.1",1
"2097","OTU_500","PP763943.1",1
"2098","OTU_500","PP763944.1",1
"2099","OTU_500","PP763945.1",1
"2100","OTU_500","PP763947.1",1
"2101","OTU_500","PP763950.1",1
"2102","OTU_500","PP763974.1",1
"2103","OTU_500","PP763975.1",1
"2104","OTU_500","PP763978.1",1
"2105","OTU_500","PP763982.1",1
"2106","OTU_500","PP763983.1",1
"2107","OTU_500","PP763987.1",1
"2108","OTU_500","PP763988.1",1
"2109","OTU_500","PV693689.1",1
"2110","OTU_508","XM_023060838.2",1
"2111","OTU_508","XM_023060840.2",1
"2112","OTU_508","XM_071195694.1",1
"2113","OTU_517","KC733266.1",1
"2114","OTU_52","NG_027509.3",1
"2115","OTU_529","AB048880.1",1
"2116","OTU_529","AB171435.1",1
"2117","OTU_529","CP141340.1",1
"2118","OTU_529","KM851000.1",1
"2119","OTU_529","KM851001.1",1
"2120","OTU_529","KM851002.1",1
"2121","OTU_529","KM851003.1",1
"2122","OTU_529","KM851004.1",1
"2123","OTU_529","KM851005.1",1
"2124","OTU_529","KM851006.1",1
"2125","OTU_529","KM851007.1",1
"2126","OTU_529","KM851008.1",1
"2127","OTU_529","KM851009.1",1
"2128","OTU_529","KM851013.1",1
"2129","OTU_529","KM851020.1",1
"2130","OTU_529","KM851021.1",1
"2131","OTU_529","KM851028.1",1
"2132","OTU_529","KM851031.1",1
"2133","OTU_529","MF893895.1",1
"2134","OTU_529","MF893896.1",1
"2135","OTU_529","MF893897.1",1
"2136","OTU_529","MF893900.1",1
"2137","OTU_529","MF893901.1",1
"2138","OTU_529","MF893902.1",1
"2139","OTU_529","MF893903.1",1
"2140","OTU_529","MF893904.1",1
"2141","OTU_529","MF893905.1",1
"2142","OTU_529","MF893906.1",1
"2143","OTU_529","MF893907.1",1
"2144","OTU_529","MF893908.1",1
"2145","OTU_529","MF893909.1",1
"2146","OTU_529","MF893910.1",1
"2147","OTU_529","MF893911.1",1
"2148","OTU_529","MF893912.1",1
"2149","OTU_529","MF893913.1",1
"2150","OTU_529","MF893915.1",1
"2151","OTU_529","MF893917.1",1
"2152","OTU_529","MF893918.1",1
"2153","OTU_529","MF893919.1",1
"2154","OTU_529","MF893920.1",1
"2155","OTU_529","MF893921.1",1
"2156","OTU_529","MF893922.1",1
"2157","OTU_529","MF893923.1",1
"2158","OTU_529","MF893924.1",1
"2159","OTU_529","MF893925.1",1
"2160","OTU_529","MF893926.1",1
"2161","OTU_529","MF893928.1",1
"2162","OTU_529","MF893929.1",1
"2163","OTU_529","MF893930.1",1
"2164","OTU_529","MF893931.1",1
"2165","OTU_529","MF893932.1",1
"2166","OTU_529","MF893933.1",1
"2167","OTU_529","MF893934.1",1
"2168","OTU_529","MF893935.1",1
"2169","OTU_529","MF893936.1",1
"2170","OTU_529","MF893937.1",1
"2171","OTU_529","MF893938.1",1
"2172","OTU_529","MF893939.1",1
"2173","OTU_529","MF893940.1",1
"2174","OTU_529","MF893941.1",1
"2175","OTU_529","MF893942.1",1
"2176","OTU_529","MF893944.1",1
"2177","OTU_529","MF893945.1",1
"2178","OTU_529","MF893946.1",1
"2179","OTU_529","MF893947.1",1
"2180","OTU_529","MF893958.1",1
"2181","OTU_529","MF893959.1",1
"2182","OTU_529","MF893960.1",1
"2183","OTU_529","MF893961.1",1
"2184","OTU_529","MF893962.1",1
"2185","OTU_529","MF893963.1",1
"2186","OTU_529","MF893964.1",1
"2187","OTU_529","MF893965.1",1
"2188","OTU_529","MF893966.1",1
"2189","OTU_529","MF893967.1",1
"2190","OTU_529","MF893969.1",1
"2191","OTU_529","MT300203.1",1
"2192","OTU_529","MT300204.1",1
"2193","OTU_529","MT300205.1",1
"2194","OTU_529","MT300207.1",1
"2195","OTU_53","AC022317.8",1
"2196","OTU_53","FN673975.1",1
"2197","OTU_53","NG_034113.2",1
"2198","OTU_54","NM_001194967.1",1
"2199","OTU_54","XR_011620582.1",1
"2200","OTU_55","MZ041128.1",1
"2201","OTU_550","XR_011642039.1",1
"2202","OTU_56","MZ041122.1",1
"2203","OTU_56","NG_027507.2",1
"2204","OTU_58","XM_028836112.1",1
"2205","OTU_581","KX440380.1",1
"2206","OTU_581","KY408726.1",1
"2207","OTU_581","KY408897.1",1
"2208","OTU_581","KY409250.1",1
"2209","OTU_581","KY409531.1",1
"2210","OTU_581","KY409601.1",1
"2211","OTU_581","KY409610.1",1
"2212","OTU_581","KY409687.1",1
"2213","OTU_581","KY409737.1",1
"2214","OTU_581","KY409740.1",1
"2215","OTU_581","KY409752.1",1
"2216","OTU_581","KY410169.1",1
"2217","OTU_581","KY645852.1",1
"2218","OTU_581","KY680821.1",1
"2219","OTU_581","KY824827.1",1
"2220","OTU_581","KY849585.1",1
"2221","OTU_581","LS997776.1",1
"2222","OTU_581","MF055747.1",1
"2223","OTU_581","MF055832.1",1
"2224","OTU_581","MF056399.1",1
"2225","OTU_581","MF056400.1",1
"2226","OTU_581","MF057480.1",1
"2227","OTU_581","MF057758.1",1
"2228","OTU_581","MF057918.1",1
"2229","OTU_581","MF058073.1",1
"2230","OTU_581","MF058561.1",1
"2231","OTU_581","MF498685.1",1
"2232","OTU_581","MF498701.1",1
"2233","OTU_581","MF498884.1",1
"2234","OTU_581","MF522942.1",1
"2235","OTU_581","MG272841.1",1
"2236","OTU_581","MG273121.1",1
"2237","OTU_581","MG571220.1",1
"2238","OTU_581","MG646189.1",1
"2239","OTU_581","MG646242.1",1
"2240","OTU_581","MG660648.1",1
"2241","OTU_581","MG672488.1",1
"2242","OTU_581","MG952818.1",1
"2243","OTU_581","MH120450.1",1
"2244","OTU_581","MH120619.1",1
"2245","OTU_581","MH120814.1",1
"2246","OTU_581","MH351262.1",1
"2247","OTU_581","MH449241.1",1
"2248","OTU_581","MH981655.1",1
"2249","OTU_581","MK059566.1",1
"2250","OTU_581","MK059638.1",1
"2251","OTU_581","MK128804.1",1
"2252","OTU_581","MK139589.1",1
"2253","OTU_581","MK175431.1",1
"2254","OTU_581","MK180576.1",1
"2255","OTU_581","MK217938.1",1
"2256","OTU_581","MK265715.1",1
"2257","OTU_581","MK408597.1",1
"2258","OTU_581","MK617272.1",1
"2259","OTU_581","MN595724.2",1
"2260","OTU_581","MN595843.3",1
"2261","OTU_581","MN687201.1",1
"2262","OTU_581","MN687306.1",1
"2263","OTU_581","MN699954.1",1
"2264","OTU_581","MN848580.1",1
"2265","OTU_581","MN849648.1",1
"2266","OTU_581","MT419208.1",1
"2267","OTU_581","MT419254.1",1
"2268","OTU_581","MT506274.1",1
"2269","OTU_581","MW513718.1",1
"2270","OTU_581","MW698521.2",1
"2271","OTU_581","MZ386784.1",1
"2272","OTU_581","MZ387171.1",1
"2273","OTU_581","MZ387538.1",1
"2274","OTU_581","MZ387702.1",1
"2275","OTU_581","MZ387983.1",1
"2276","OTU_581","MZ846416.1",1
"2277","OTU_581","MZ846503.1",1
"2278","OTU_581","MZ846736.1",1
"2279","OTU_581","MZ847128.1",1
"2280","OTU_581","MZ847324.1",1
"2281","OTU_581","MZ847613.1",1
"2282","OTU_581","MZ920456.1",1
"2283","OTU_581","MZ920568.1",1
"2284","OTU_581","MZ920737.1",1
"2285","OTU_581","MZ920929.1",1
"2286","OTU_581","MZ920951.1",1
"2287","OTU_581","OL638724.1",1
"2288","OTU_581","OL638895.1",1
"2289","OTU_581","OM638182.1",1
"2290","OTU_581","OM638282.1",1
"2291","OTU_581","OM714614.1",1
"2292","OTU_581","OM714711.1",1
"2293","OTU_581","OP004786.1",1
"2294","OTU_581","OP682430.1",1
"2295","OTU_581","OQ596594.1",1
"2296","OTU_581","PP084263.1",1
"2297","OTU_581","PQ002743.1",1
"2298","OTU_581","PQ002752.1",1
"2299","OTU_581","PQ137359.1",1
"2300","OTU_581","PQ137371.1",1
"2301","OTU_581","PV067371.1",1
"2302","OTU_581","PV621645.1",1
"2303","OTU_581","PV740852.1",1
"2304","OTU_581","PX366866.1",1
"2305","OTU_585","XM_023047642.2",1
"2306","OTU_585","XM_023047644.2",1
"2307","OTU_585","XM_023047646.2",1
"2308","OTU_585","XM_023047647.2",1
"2309","OTU_585","XM_023047648.2",1
"2310","OTU_585","XM_023047649.2",1
"2311","OTU_585","XM_023047650.2",1
"2312","OTU_585","XM_023047651.2",1
"2313","OTU_585","XM_023047654.2",1
"2314","OTU_585","XM_071200206.1",1
"2315","OTU_585","XM_071200207.1",1
"2316","OTU_585","XM_071200209.1",1
"2317","OTU_599","XM_050451975.1",1
"2318","OTU_599","XM_050452053.1",1
"2319","OTU_6","JN800721.1",1
"2320","OTU_60","AB048589.1",1
"2321","OTU_622","6GAW_BA",1
"2322","OTU_622","8OIN_B8",1
"2323","OTU_622","KX982653.1",1
"2324","OTU_622","KX982656.1",1
"2325","OTU_622","KX982659.1",1
"2326","OTU_622","KX982660.1",1
"2327","OTU_622","KY800118.1",1
"2328","OTU_622","LC500156.1",1
"2329","OTU_622","LC500157.1",1
"2330","OTU_622","LC880095.1",1
"2331","OTU_622","MF183224.1",1
"2332","OTU_622","MG009445.1",1
"2333","OTU_622","MG250515.1",1
"2334","OTU_622","MG250516.1",1
"2335","OTU_622","MG250517.1",1
"2336","OTU_622","MG250518.1",1
"2337","OTU_622","MG250522.1",1
"2338","OTU_622","MG250526.1",1
"2339","OTU_622","MG250528.1",1
"2340","OTU_622","MG250529.1",1
"2341","OTU_622","MG250538.1",1
"2342","OTU_622","MG250539.1",1
"2343","OTU_622","MG250543.1",1
"2344","OTU_622","MG250544.1",1
"2345","OTU_622","MG250545.1",1
"2346","OTU_622","MG250546.1",1
"2347","OTU_622","MG250551.1",1
"2348","OTU_622","MG250557.1",1
"2349","OTU_622","MG250559.1",1
"2350","OTU_622","MG250560.1",1
"2351","OTU_622","MG250562.1",1
"2352","OTU_622","MG837549.1",1
"2353","OTU_622","MG837550.1",1
"2354","OTU_622","MK248681.1",1
"2355","OTU_622","MK344650.1",1
"2356","OTU_622","MK344652.1",1
"2357","OTU_622","MK746089.1",1
"2358","OTU_622","MK746090.1",1
"2359","OTU_622","MK746091.1",1
"2360","OTU_622","MK746094.1",1
"2361","OTU_622","MK746096.1",1
"2362","OTU_622","MK858170.1",1
"2363","OTU_622","MK858173.1",1
"2364","OTU_622","MK858179.1",1
"2365","OTU_622","MN550011.1",1
"2366","OTU_622","MT199605.1",1
"2367","OTU_622","MT483613.1",1
"2368","OTU_622","MW916330.1",1
"2369","OTU_622","OK329967.1",1
"2370","OTU_622","OL435713.1",1
"2371","OTU_622","OL547443.1",1
"2372","OTU_622","OL547444.1",1
"2373","OTU_622","OL547453.1",1
"2374","OTU_622","OL547455.1",1
"2375","OTU_622","OL547460.1",1
"2376","OTU_622","OL547461.1",1
"2377","OTU_622","OL547481.1",1
"2378","OTU_622","OL547482.1",1
"2379","OTU_622","OM363676.1",1
"2380","OTU_622","OM468891.1",1
"2381","OTU_622","OM617468.1",1
"2382","OTU_622","OM634652.1",1
"2383","OTU_622","ON060839.1",1
"2384","OTU_622","ON706057.1",1
"2385","OTU_622","OQ443259.1",1
"2386","OTU_622","OQ443262.1",1
"2387","OTU_622","OQ443264.1",1
"2388","OTU_622","OQ443267.1",1
"2389","OTU_622","OQ443271.1",1
"2390","OTU_622","OR234746.1",1
"2391","OTU_622","OR255999.1",1
"2392","OTU_622","OR268692.1",1
"2393","OTU_622","OR360135.1",1
"2394","OTU_622","OR360175.1",1
"2395","OTU_622","OR360178.1",1
"2396","OTU_622","OR360215.1",1
"2397","OTU_622","OR360223.1",1
"2398","OTU_622","OR397962.1",1
"2399","OTU_622","PP763926.1",1
"2400","OTU_622","PP763929.1",1
"2401","OTU_622","PP763931.1",1
"2402","OTU_622","PP763932.1",1
"2403","OTU_622","PP763934.1",1
"2404","OTU_622","PP763936.1",1
"2405","OTU_622","PP763937.1",1
"2406","OTU_622","PP763942.1",1
"2407","OTU_622","PP763943.1",1
"2408","OTU_622","PP763944.1",1
"2409","OTU_622","PP763945.1",1
"2410","OTU_622","PP763947.1",1
"2411","OTU_622","PP763950.1",1
"2412","OTU_622","PP763974.1",1
"2413","OTU_622","PP763975.1",1
"2414","OTU_622","PP763978.1",1
"2415","OTU_622","PP763982.1",1
"2416","OTU_622","PP763983.1",1
"2417","OTU_622","PP763987.1",1
"2418","OTU_622","PP763988.1",1
"2419","OTU_622","PV693689.1",1
"2420","OTU_63","NC_026465.1",1
"2421","OTU_633","6GAW_BA",1
"2422","OTU_633","8OIN_B8",1
"2423","OTU_633","KX982653.1",1
"2424","OTU_633","KX982656.1",1
"2425","OTU_633","KX982659.1",1
"2426","OTU_633","KX982660.1",1
"2427","OTU_633","KY800118.1",1
"2428","OTU_633","LC500156.1",1
"2429","OTU_633","LC500157.1",1
"2430","OTU_633","LC880095.1",1
"2431","OTU_633","MF183224.1",1
"2432","OTU_633","MG009445.1",1
"2433","OTU_633","MG250515.1",1
"2434","OTU_633","MG250516.1",1
"2435","OTU_633","MG250517.1",1
"2436","OTU_633","MG250518.1",1
"2437","OTU_633","MG250522.1",1
"2438","OTU_633","MG250526.1",1
"2439","OTU_633","MG250528.1",1
"2440","OTU_633","MG250529.1",1
"2441","OTU_633","MG250538.1",1
"2442","OTU_633","MG250539.1",1
"2443","OTU_633","MG250543.1",1
"2444","OTU_633","MG250544.1",1
"2445","OTU_633","MG250545.1",1
"2446","OTU_633","MG250546.1",1
"2447","OTU_633","MG250551.1",1
"2448","OTU_633","MG250557.1",1
"2449","OTU_633","MG250559.1",1
"2450","OTU_633","MG250560.1",1
"2451","OTU_633","MG250562.1",1
"2452","OTU_633","MG837549.1",1
"2453","OTU_633","MG837550.1",1
"2454","OTU_633","MK248681.1",1
"2455","OTU_633","MK344650.1",1
"2456","OTU_633","MK344652.1",1
"2457","OTU_633","MK746089.1",1
"2458","OTU_633","MK746090.1",1
"2459","OTU_633","MK746091.1",1
"2460","OTU_633","MK746094.1",1
"2461","OTU_633","MK746096.1",1
"2462","OTU_633","MK858170.1",1
"2463","OTU_633","MK858173.1",1
"2464","OTU_633","MK858179.1",1
"2465","OTU_633","MN550011.1",1
"2466","OTU_633","MT199605.1",1
"2467","OTU_633","MT483613.1",1
"2468","OTU_633","MW916330.1",1
"2469","OTU_633","OK329967.1",1
"2470","OTU_633","OL435713.1",1
"2471","OTU_633","OL547443.1",1
"2472","OTU_633","OL547444.1",1
"2473","OTU_633","OL547453.1",1
"2474","OTU_633","OL547455.1",1
"2475","OTU_633","OL547460.1",1
"2476","OTU_633","OL547461.1",1
"2477","OTU_633","OL547481.1",1
"2478","OTU_633","OL547482.1",1
"2479","OTU_633","OM363676.1",1
"2480","OTU_633","OM468891.1",1
"2481","OTU_633","OM617468.1",1
"2482","OTU_633","OM634652.1",1
"2483","OTU_633","ON060839.1",1
"2484","OTU_633","ON706057.1",1
"2485","OTU_633","OQ443259.1",1
"2486","OTU_633","OQ443262.1",1
"2487","OTU_633","OQ443264.1",1
"2488","OTU_633","OQ443267.1",1
"2489","OTU_633","OQ443271.1",1
"2490","OTU_633","OR234746.1",1
"2491","OTU_633","OR255999.1",1
"2492","OTU_633","OR268692.1",1
"2493","OTU_633","OR360135.1",1
"2494","OTU_633","OR360175.1",1
"2495","OTU_633","OR360178.1",1
"2496","OTU_633","OR360215.1",1
"2497","OTU_633","OR360223.1",1
"2498","OTU_633","OR397962.1",1
"2499","OTU_633","PP763926.1",1
"2500","OTU_633","PP763929.1",1
"2501","OTU_633","PP763931.1",1
"2502","OTU_633","PP763932.1",1
"2503","OTU_633","PP763934.1",1
"2504","OTU_633","PP763936.1",1
"2505","OTU_633","PP763937.1",1
"2506","OTU_633","PP763942.1",1
"2507","OTU_633","PP763943.1",1
"2508","OTU_633","PP763944.1",1
"2509","OTU_633","PP763945.1",1
"2510","OTU_633","PP763947.1",1
"2511","OTU_633","PP763950.1",1
"2512","OTU_633","PP763974.1",1
"2513","OTU_633","PP763975.1",1
"2514","OTU_633","PP763978.1",1
"2515","OTU_633","PP763982.1",1
"2516","OTU_633","PP763983.1",1
"2517","OTU_633","PP763987.1",1
"2518","OTU_633","PP763988.1",1
"2519","OTU_633","PV693689.1",1
"2520","OTU_64","OM502028.1",1
"2521","OTU_641","6GAW_BA",1
"2522","OTU_641","8OIN_B8",1
"2523","OTU_641","KX982653.1",1
"2524","OTU_641","KX982656.1",1
"2525","OTU_641","KX982659.1",1
"2526","OTU_641","KX982660.1",1
"2527","OTU_641","KY800118.1",1
"2528","OTU_641","LC500156.1",1
"2529","OTU_641","LC500157.1",1
"2530","OTU_641","LC880095.1",1
"2531","OTU_641","MF183224.1",1
"2532","OTU_641","MG009445.1",1
"2533","OTU_641","MG250515.1",1
"2534","OTU_641","MG250516.1",1
"2535","OTU_641","MG250517.1",1
"2536","OTU_641","MG250518.1",1
"2537","OTU_641","MG250522.1",1
"2538","OTU_641","MG250526.1",1
"2539","OTU_641","MG250528.1",1
"2540","OTU_641","MG250529.1",1
"2541","OTU_641","MG250538.1",1
"2542","OTU_641","MG250539.1",1
"2543","OTU_641","MG250543.1",1
"2544","OTU_641","MG250544.1",1
"2545","OTU_641","MG250545.1",1
"2546","OTU_641","MG250546.1",1
"2547","OTU_641","MG250551.1",1
"2548","OTU_641","MG250557.1",1
"2549","OTU_641","MG250559.1",1
"2550","OTU_641","MG250560.1",1
"2551","OTU_641","MG250562.1",1
"2552","OTU_641","MG837549.1",1
"2553","OTU_641","MG837550.1",1
"2554","OTU_641","MK248681.1",1
"2555","OTU_641","MK344650.1",1
"2556","OTU_641","MK344652.1",1
"2557","OTU_641","MK746089.1",1
"2558","OTU_641","MK746090.1",1
"2559","OTU_641","MK746091.1",1
"2560","OTU_641","MK746094.1",1
"2561","OTU_641","MK746096.1",1
"2562","OTU_641","MK858170.1",1
"2563","OTU_641","MK858173.1",1
"2564","OTU_641","MK858179.1",1
"2565","OTU_641","MN550011.1",1
"2566","OTU_641","MT199605.1",1
"2567","OTU_641","MT483613.1",1
"2568","OTU_641","MW916330.1",1
"2569","OTU_641","OK329967.1",1
"2570","OTU_641","OL435713.1",1
"2571","OTU_641","OL547443.1",1
"2572","OTU_641","OL547444.1",1
"2573","OTU_641","OL547453.1",1
"2574","OTU_641","OL547455.1",1
"2575","OTU_641","OL547460.1",1
"2576","OTU_641","OL547461.1",1
"2577","OTU_641","OL547481.1",1
"2578","OTU_641","OL547482.1",1
"2579","OTU_641","OM363676.1",1
"2580","OTU_641","OM468891.1",1
"2581","OTU_641","OM617468.1",1
"2582","OTU_641","OM634652.1",1
"2583","OTU_641","ON060839.1",1
"2584","OTU_641","ON706057.1",1
"2585","OTU_641","OQ443259.1",1
"2586","OTU_641","OQ443262.1",1
"2587","OTU_641","OQ443264.1",1
"2588","OTU_641","OQ443267.1",1
"2589","OTU_641","OQ443271.1",1
"2590","OTU_641","OR234746.1",1
"2591","OTU_641","OR255999.1",1
"2592","OTU_641","OR268692.1",1
"2593","OTU_641","OR360135.1",1
"2594","OTU_641","OR360175.1",1
"2595","OTU_641","OR360178.1",1
"2596","OTU_641","OR360215.1",1
"2597","OTU_641","OR360223.1",1
"2598","OTU_641","OR397962.1",1
"2599","OTU_641","PP763926.1",1
"2600","OTU_641","PP763929.1",1
"2601","OTU_641","PP763931.1",1
"2602","OTU_641","PP763932.1",1
"2603","OTU_641","PP763934.1",1
"2604","OTU_641","PP763936.1",1
"2605","OTU_641","PP763937.1",1
"2606","OTU_641","PP763942.1",1
"2607","OTU_641","PP763943.1",1
"2608","OTU_641","PP763944.1",1
"2609","OTU_641","PP763945.1",1
"2610","OTU_641","PP763947.1",1
"2611","OTU_641","PP763950.1",1
"2612","OTU_641","PP763974.1",1
"2613","OTU_641","PP763975.1",1
"2614","OTU_641","PP763978.1",1
"2615","OTU_641","PP763982.1",1
"2616","OTU_641","PP763983.1",1
"2617","OTU_641","PP763987.1",1
"2618","OTU_641","PP763988.1",1
"2619","OTU_641","PV693689.1",1
"2620","OTU_65","NM_001195043.2",1
"2621","OTU_661","KJ567052.1",1
"2622","OTU_661","KM850998.1",1
"2623","OTU_661","KM851010.1",1
"2624","OTU_661","KM851011.1",1
"2625","OTU_661","KM851012.1",1
"2626","OTU_661","KM851015.1",1
"2627","OTU_661","KM851016.1",1
"2628","OTU_661","KM851017.1",1
"2629","OTU_661","KM851018.1",1
"2630","OTU_661","KM851022.1",1
"2631","OTU_661","KM851035.1",1
"2632","OTU_661","MF893983.1",1
"2633","OTU_661","MF893984.1",1
"2634","OTU_661","MF893985.1",1
"2635","OTU_661","MF893986.1",1
"2636","OTU_661","MF893987.1",1
"2637","OTU_661","MF893988.1",1
"2638","OTU_661","MF893989.1",1
"2639","OTU_661","NC_012670.1",1
"2640","OTU_67","MZ087696.1",1
"2641","OTU_67","MZ087697.1",1
"2642","OTU_67","MZ901377.1",1
"2643","OTU_67","MZ901378.1",1
"2644","OTU_67","MZ901385.1",1
"2645","OTU_67","MZ901388.1",1
"2646","OTU_67","MZ901403.1",1
"2647","OTU_67","MZ901423.1",1
"2648","OTU_67","MZ901424.1",1
"2649","OTU_67","MZ901427.1",1
"2650","OTU_67","MZ901429.1",1
"2651","OTU_67","MZ901448.1",1
"2652","OTU_67","MZ901456.1",1
"2653","OTU_67","MZ901462.1",1
"2654","OTU_67","MZ901470.1",1
"2655","OTU_67","MZ901471.1",1
"2656","OTU_67","MZ901473.1",1
"2657","OTU_67","MZ901478.1",1
"2658","OTU_67","MZ901485.1",1
"2659","OTU_67","MZ901486.1",1
"2660","OTU_67","MZ901490.1",1
"2661","OTU_67","MZ901500.1",1
"2662","OTU_67","MZ901513.1",1
"2663","OTU_67","MZ901514.1",1
"2664","OTU_67","MZ901516.1",1
"2665","OTU_67","MZ901517.1",1
"2666","OTU_67","MZ901519.1",1
"2667","OTU_67","MZ901520.1",1
"2668","OTU_67","MZ901525.1",1
"2669","OTU_67","MZ901526.1",1
"2670","OTU_67","MZ901528.1",1
"2671","OTU_67","MZ901531.1",1
"2672","OTU_67","MZ901533.1",1
"2673","OTU_67","MZ901538.1",1
"2674","OTU_67","MZ901544.1",1
"2675","OTU_67","MZ901545.1",1
"2676","OTU_67","MZ901547.1",1
"2677","OTU_67","MZ901551.1",1
"2678","OTU_67","MZ901554.1",1
"2679","OTU_67","MZ901557.1",1
"2680","OTU_67","MZ901560.1",1
"2681","OTU_67","MZ901564.1",1
"2682","OTU_67","MZ901585.1",1
"2683","OTU_67","MZ901586.1",1
"2684","OTU_67","MZ901588.1",1
"2685","OTU_67","MZ901594.1",1
"2686","OTU_67","MZ901597.1",1
"2687","OTU_67","MZ901610.1",1
"2688","OTU_67","MZ901615.1",1
"2689","OTU_67","MZ901618.1",1
"2690","OTU_67","MZ901625.1",1
"2691","OTU_67","MZ901630.1",1
"2692","OTU_67","MZ901636.1",1
"2693","OTU_67","MZ901638.1",1
"2694","OTU_67","MZ901639.1",1
"2695","OTU_67","MZ901644.1",1
"2696","OTU_67","MZ901649.1",1
"2697","OTU_67","MZ901650.1",1
"2698","OTU_67","MZ901651.1",1
"2699","OTU_67","MZ901658.1",1
"2700","OTU_67","MZ901660.1",1
"2701","OTU_67","MZ901663.1",1
"2702","OTU_67","MZ901664.1",1
"2703","OTU_67","MZ901665.1",1
"2704","OTU_67","MZ901695.1",1
"2705","OTU_67","MZ901698.1",1
"2706","OTU_67","MZ901699.1",1
"2707","OTU_67","MZ901707.1",1
"2708","OTU_67","MZ901710.1",1
"2709","OTU_67","MZ901711.1",1
"2710","OTU_67","MZ901715.1",1
"2711","OTU_67","MZ901716.1",1
"2712","OTU_67","MZ901718.1",1
"2713","OTU_67","MZ901723.1",1
"2714","OTU_67","MZ901735.1",1
"2715","OTU_67","MZ901741.1",1
"2716","OTU_67","MZ901746.1",1
"2717","OTU_67","MZ901757.1",1
"2718","OTU_67","MZ901759.1",1
"2719","OTU_67","OP858997.1",1
"2720","OTU_67","OP858999.1",1
"2721","OTU_67","OP859002.1",1
"2722","OTU_67","OP859004.1",1
"2723","OTU_67","OP859005.1",1
"2724","OTU_67","OR360108.1",1
"2725","OTU_67","OR360133.1",1
"2726","OTU_67","OR360165.1",1
"2727","OTU_67","OR360176.1",1
"2728","OTU_67","OR360185.1",1
"2729","OTU_67","OR360187.1",1
"2730","OTU_67","OR766834.1",1
"2731","OTU_67","OR766838.1",1
"2732","OTU_67","OR766840.1",1
"2733","OTU_67","OR766845.1",1
"2734","OTU_67","OR766861.1",1
"2735","OTU_67","OR766862.1",1
"2736","OTU_67","OR766863.1",1
"2737","OTU_67","OR777284.1",1
"2738","OTU_67","PP780079.1",1
"2739","OTU_67","PX112828.1",1
"2740","OTU_679","XM_023060838.2",1
"2741","OTU_679","XM_023060840.2",1
"2742","OTU_679","XM_071195694.1",1
"2743","OTU_68","KC505410.1",1
"2744","OTU_68","KF472177.1",1
"2745","OTU_68","KF752550.1",1
"2746","OTU_68","KP765602.1",1
"2747","OTU_68","KT194217.1",1
"2748","OTU_68","KT279759.1",1
"2749","OTU_68","MG250523.1",1
"2750","OTU_68","MG250531.1",1
"2751","OTU_68","MG250533.1",1
"2752","OTU_68","MG250534.1",1
"2753","OTU_68","MG250566.1",1
"2754","OTU_68","PP763954.1",1
"2755","OTU_70","AJ428946.1",1
"2756","OTU_70","EF588275.2",1
"2757","OTU_70","MW703459.1",1
"2758","OTU_70","MW703460.1",1
"2759","OTU_70","MZ031857.1",1
"2760","OTU_70","MZ031859.1",1
"2761","OTU_70","MZ031861.1",1
"2762","OTU_70","MZ031862.1",1
"2763","OTU_70","MZ031863.1",1
"2764","OTU_70","MZ031864.1",1
"2765","OTU_70","MZ031865.1",1
"2766","OTU_70","MZ031866.1",1
"2767","OTU_70","MZ061594.1",1
"2768","OTU_70","MZ061595.1",1
"2769","OTU_70","MZ061598.1",1
"2770","OTU_70","MZ061599.1",1
"2771","OTU_70","MZ061600.1",1
"2772","OTU_70","MZ061601.1",1
"2773","OTU_70","NC_005129.2",1
"2774","OTU_70","OL628830.1",1
"2775","OTU_70","OP575307.1",1
"2776","OTU_70","PV139002.1",1
"2777","OTU_70","PV139003.1",1
"2778","OTU_70","PV139004.1",1
"2779","OTU_70","PV139006.1",1
"2780","OTU_709","AY131486.1",1
"2781","OTU_709","KJ721821.1",1
"2782","OTU_71","NC_022154.1",1
"2783","OTU_72","AY227453.1",1
"2784","OTU_72","KY410899.1",1
"2785","OTU_72","KY410900.1",1
"2786","OTU_72","NC_035815.1",1
"2787","OTU_728","MF944145.1",1
"2788","OTU_73","OR256885.1",1
"2789","OTU_73","OR256888.1",1
"2790","OTU_73","OR256889.1",1
"2791","OTU_73","OR256890.1",1
"2792","OTU_73","OR256891.1",1
"2793","OTU_73","OR256893.1",1
"2794","OTU_73","OR256894.1",1
"2795","OTU_73","OR256897.1",1
"2796","OTU_73","OR256898.1",1
"2797","OTU_73","OR256899.1",1
"2798","OTU_73","OR256900.1",1
"2799","OTU_73","OR256901.1",1
"2800","OTU_73","OR256904.1",1
"2801","OTU_73","OR256905.1",1
"2802","OTU_73","OR256907.1",1
"2803","OTU_73","OR256908.1",1
"2804","OTU_73","OR256911.1",1
"2805","OTU_73","OR256912.1",1
"2806","OTU_73","OR256913.1",1
"2807","OTU_73","OR256915.1",1
"2808","OTU_73","OR256916.1",1
"2809","OTU_73","OR256917.1",1
"2810","OTU_73","OR256918.1",1
"2811","OTU_73","OR256919.1",1
"2812","OTU_73","OR256921.1",1
"2813","OTU_73","OR256923.1",1
"2814","OTU_73","OR256927.1",1
"2815","OTU_73","OR256928.1",1
"2816","OTU_73","OR256929.1",1
"2817","OTU_73","OR256933.1",1
"2818","OTU_73","OR256934.1",1
"2819","OTU_73","OR256935.1",1
"2820","OTU_73","OR256936.1",1
"2821","OTU_73","OR256939.1",1
"2822","OTU_73","OR256940.1",1
"2823","OTU_73","OR256941.1",1
"2824","OTU_73","OR256942.1",1
"2825","OTU_73","OR256945.1",1
"2826","OTU_73","OR256946.1",1
"2827","OTU_73","OR256947.1",1
"2828","OTU_73","OR256955.1",1
"2829","OTU_73","OR256956.1",1
"2830","OTU_73","OR256957.1",1
"2831","OTU_73","OR256959.1",1
"2832","OTU_73","OR256960.1",1
"2833","OTU_73","OR256961.1",1
"2834","OTU_73","OR256963.1",1
"2835","OTU_73","OR256964.1",1
"2836","OTU_73","OR256966.1",1
"2837","OTU_73","OR256967.1",1
"2838","OTU_73","OR256968.1",1
"2839","OTU_73","OR256973.1",1
"2840","OTU_73","OR256974.1",1
"2841","OTU_73","OR256976.1",1
"2842","OTU_73","OR256977.1",1
"2843","OTU_73","OR256984.1",1
"2844","OTU_73","OR256985.1",1
"2845","OTU_73","OR256987.1",1
"2846","OTU_73","OR256989.1",1
"2847","OTU_73","OR256990.1",1
"2848","OTU_73","OR256991.1",1
"2849","OTU_73","OR256996.1",1
"2850","OTU_73","OR256997.1",1
"2851","OTU_73","OR256998.1",1
"2852","OTU_73","OR256999.1",1
"2853","OTU_73","OR257000.1",1
"2854","OTU_73","OR257002.1",1
"2855","OTU_73","OR257004.1",1
"2856","OTU_73","OR257006.1",1
"2857","OTU_73","OR257007.1",1
"2858","OTU_73","OR257008.1",1
"2859","OTU_73","OR257011.1",1
"2860","OTU_73","OR257015.1",1
"2861","OTU_73","OR257016.1",1
"2862","OTU_73","OR257019.1",1
"2863","OTU_73","OR257021.1",1
"2864","OTU_73","OR257022.1",1
"2865","OTU_73","OR257023.1",1
"2866","OTU_73","OR257026.1",1
"2867","OTU_73","OR257027.1",1
"2868","OTU_73","OR257030.1",1
"2869","OTU_73","OR257031.1",1
"2870","OTU_73","OR257032.1",1
"2871","OTU_73","OR257033.1",1
"2872","OTU_73","OR257035.1",1
"2873","OTU_73","OR257037.1",1
"2874","OTU_73","OR257038.1",1
"2875","OTU_73","OR257039.1",1
"2876","OTU_73","OR257040.1",1
"2877","OTU_73","OR257041.1",1
"2878","OTU_73","OR257044.1",1
"2879","OTU_73","OR257045.1",1
"2880","OTU_73","OR257046.1",1
"2881","OTU_73","OR257047.1",1
"2882","OTU_73","OR257048.1",1
"2883","OTU_73","PV872604.1",1
"2884","OTU_73","PV872605.1",1
"2885","OTU_73","PV872607.1",1
"2886","OTU_73","PV872610.1",1
"2887","OTU_73","PV872613.1",1
"2888","OTU_74","XM_011996668.1",1
"2889","OTU_75","AC239395.3",1
"2890","OTU_75","AL030997.1",1
"2891","OTU_753","XM_071196863.1",1
"2892","OTU_753","XM_071201465.1",1
"2893","OTU_769","6GAW_BA",1
"2894","OTU_769","8OIN_B8",1
"2895","OTU_769","KX982653.1",1
"2896","OTU_769","KX982656.1",1
"2897","OTU_769","KX982659.1",1
"2898","OTU_769","KX982660.1",1
"2899","OTU_769","KY800118.1",1
"2900","OTU_769","LC500156.1",1
"2901","OTU_769","LC500157.1",1
"2902","OTU_769","LC880095.1",1
"2903","OTU_769","MF183224.1",1
"2904","OTU_769","MG009445.1",1
"2905","OTU_769","MG250515.1",1
"2906","OTU_769","MG250516.1",1
"2907","OTU_769","MG250517.1",1
"2908","OTU_769","MG250518.1",1
"2909","OTU_769","MG250522.1",1
"2910","OTU_769","MG250526.1",1
"2911","OTU_769","MG250528.1",1
"2912","OTU_769","MG250529.1",1
"2913","OTU_769","MG250538.1",1
"2914","OTU_769","MG250539.1",1
"2915","OTU_769","MG250543.1",1
"2916","OTU_769","MG250544.1",1
"2917","OTU_769","MG250545.1",1
"2918","OTU_769","MG250546.1",1
"2919","OTU_769","MG250551.1",1
"2920","OTU_769","MG250557.1",1
"2921","OTU_769","MG250559.1",1
"2922","OTU_769","MG250560.1",1
"2923","OTU_769","MG250562.1",1
"2924","OTU_769","MG837549.1",1
"2925","OTU_769","MG837550.1",1
"2926","OTU_769","MK248681.1",1
"2927","OTU_769","MK344650.1",1
"2928","OTU_769","MK344652.1",1
"2929","OTU_769","MK746089.1",1
"2930","OTU_769","MK746090.1",1
"2931","OTU_769","MK746091.1",1
"2932","OTU_769","MK746094.1",1
"2933","OTU_769","MK746096.1",1
"2934","OTU_769","MK858170.1",1
"2935","OTU_769","MK858173.1",1
"2936","OTU_769","MK858179.1",1
"2937","OTU_769","MN550011.1",1
"2938","OTU_769","MT199605.1",1
"2939","OTU_769","MT483613.1",1
"2940","OTU_769","MW916330.1",1
"2941","OTU_769","OK329967.1",1
"2942","OTU_769","OL435713.1",1
"2943","OTU_769","OL547443.1",1
"2944","OTU_769","OL547444.1",1
"2945","OTU_769","OL547453.1",1
"2946","OTU_769","OL547455.1",1
"2947","OTU_769","OL547460.1",1
"2948","OTU_769","OL547461.1",1
"2949","OTU_769","OL547481.1",1
"2950","OTU_769","OL547482.1",1
"2951","OTU_769","OM363676.1",1
"2952","OTU_769","OM468891.1",1
"2953","OTU_769","OM617468.1",1
"2954","OTU_769","OM634652.1",1
"2955","OTU_769","ON060839.1",1
"2956","OTU_769","ON706057.1",1
"2957","OTU_769","OQ443259.1",1
"2958","OTU_769","OQ443262.1",1
"2959","OTU_769","OQ443264.1",1
"2960","OTU_769","OQ443267.1",1
"2961","OTU_769","OQ443271.1",1
"2962","OTU_769","OR234746.1",1
"2963","OTU_769","OR255999.1",1
"2964","OTU_769","OR268692.1",1
"2965","OTU_769","OR360135.1",1
"2966","OTU_769","OR360175.1",1
"2967","OTU_769","OR360178.1",1
"2968","OTU_769","OR360215.1",1
"2969","OTU_769","OR360223.1",1
"2970","OTU_769","OR397962.1",1
"2971","OTU_769","PP763926.1",1
"2972","OTU_769","PP763929.1",1
"2973","OTU_769","PP763931.1",1
"2974","OTU_769","PP763932.1",1
"2975","OTU_769","PP763934.1",1
"2976","OTU_769","PP763936.1",1
"2977","OTU_769","PP763937.1",1
"2978","OTU_769","PP763942.1",1
"2979","OTU_769","PP763943.1",1
"2980","OTU_769","PP763944.1",1
"2981","OTU_769","PP763945.1",1
"2982","OTU_769","PP763947.1",1
"2983","OTU_769","PP763950.1",1
"2984","OTU_769","PP763974.1",1
"2985","OTU_769","PP763975.1",1
"2986","OTU_769","PP763978.1",1
"2987","OTU_769","PP763982.1",1
"2988","OTU_769","PP763983.1",1
"2989","OTU_769","PP763987.1",1
"2990","OTU_769","PP763988.1",1
"2991","OTU_769","PV693689.1",1
"2992","OTU_77","XM_071200981.1",1
"2993","OTU_77","XM_071200982.1",1
"2994","OTU_77","XM_071200984.1",1
"2995","OTU_77","XM_071200985.1",1
"2996","OTU_77","XM_071200986.1",1
"2997","OTU_77","XM_071200987.1",1
"2998","OTU_77","XM_071200988.1",1
"2999","OTU_772","AC215276.3",1
"3000","OTU_78","AC215276.3",1
"3001","OTU_79","MK034335.1",1
"3002","OTU_8","LN873134.1",1
"3003","OTU_80","NC_026120.1",1
"3004","OTU_820","AY714029.1",1
"3005","OTU_820","KT587372.1",1
"3006","OTU_820","KT587454.1",1
"3007","OTU_820","MG272710.1",1
"3008","OTU_820","OM638241.1",1
"3009","OTU_820","OM638242.1",1
"3010","OTU_87","AL117351.12",1
"3011","OTU_88","AC012365.6",1
"3012","OTU_89","NM_001194967.1",1
"3013","OTU_89","XR_011620582.1",1
"3014","OTU_9","MZ087696.1",1
"3015","OTU_9","MZ087697.1",1
"3016","OTU_9","MZ901377.1",1
"3017","OTU_9","MZ901378.1",1
"3018","OTU_9","MZ901385.1",1
"3019","OTU_9","MZ901388.1",1
"3020","OTU_9","MZ901403.1",1
"3021","OTU_9","MZ901423.1",1
"3022","OTU_9","MZ901424.1",1
"3023","OTU_9","MZ901427.1",1
"3024","OTU_9","MZ901429.1",1
"3025","OTU_9","MZ901448.1",1
"3026","OTU_9","MZ901456.1",1
"3027","OTU_9","MZ901462.1",1
"3028","OTU_9","MZ901470.1",1
"3029","OTU_9","MZ901471.1",1
"3030","OTU_9","MZ901473.1",1
"3031","OTU_9","MZ901478.1",1
"3032","OTU_9","MZ901485.1",1
"3033","OTU_9","MZ901486.1",1
"3034","OTU_9","MZ901490.1",1
"3035","OTU_9","MZ901500.1",1
"3036","OTU_9","MZ901513.1",1
"3037","OTU_9","MZ901514.1",1
"3038","OTU_9","MZ901516.1",1
"3039","OTU_9","MZ901517.1",1
"3040","OTU_9","MZ901519.1",1
"3041","OTU_9","MZ901520.1",1
"3042","OTU_9","MZ901525.1",1
"3043","OTU_9","MZ901526.1",1
"3044","OTU_9","MZ901528.1",1
"3045","OTU_9","MZ901531.1",1
"3046","OTU_9","MZ901533.1",1
"3047","OTU_9","MZ901538.1",1
"3048","OTU_9","MZ901544.1",1
"3049","OTU_9","MZ901545.1",1
"3050","OTU_9","MZ901547.1",1
"3051","OTU_9","MZ901551.1",1
"3052","OTU_9","MZ901554.1",1
"3053","OTU_9","MZ901557.1",1
"3054","OTU_9","MZ901560.1",1
"3055","OTU_9","MZ901564.1",1
"3056","OTU_9","MZ901585.1",1
"3057","OTU_9","MZ901586.1",1
"3058","OTU_9","MZ901588.1",1
"3059","OTU_9","MZ901594.1",1
"3060","OTU_9","MZ901597.1",1
"3061","OTU_9","MZ901610.1",1
"3062","OTU_9","MZ901615.1",1
"3063","OTU_9","MZ901618.1",1
"3064","OTU_9","MZ901625.1",1
"3065","OTU_9","MZ901630.1",1
"3066","OTU_9","MZ901636.1",1
"3067","OTU_9","MZ901638.1",1
"3068","OTU_9","MZ901639.1",1
"3069","OTU_9","MZ901644.1",1
"3070","OTU_9","MZ901649.1",1
"3071","OTU_9","MZ901650.1",1
"3072","OTU_9","MZ901651.1",1
"3073","OTU_9","MZ901658.1",1
"3074","OTU_9","MZ901660.1",1
"3075","OTU_9","MZ901663.1",1
"3076","OTU_9","MZ901664.1",1
"3077","OTU_9","MZ901665.1",1
"3078","OTU_9","MZ901695.1",1
"3079","OTU_9","MZ901698.1",1
"3080","OTU_9","MZ901699.1",1
"3081","OTU_9","MZ901707.1",1
"3082","OTU_9","MZ901710.1",1
"3083","OTU_9","MZ901711.1",1
"3084","OTU_9","MZ901715.1",1
"3085","OTU_9","MZ901716.1",1
"3086","OTU_9","MZ901718.1",1
"3087","OTU_9","MZ901723.1",1
"3088","OTU_9","MZ901735.1",1
"3089","OTU_9","MZ901741.1",1
"3090","OTU_9","MZ901746.1",1
"3091","OTU_9","MZ901757.1",1
"3092","OTU_9","MZ901759.1",1
"3093","OTU_9","OP858997.1",1
"3094","OTU_9","OP858999.1",1
"3095","OTU_9","OP859002.1",1
"3096","OTU_9","OP859004.1",1
"3097","OTU_9","OP859005.1",1
"3098","OTU_9","OR360108.1",1
"3099","OTU_9","OR360133.1",1
"3100","OTU_9","OR360165.1",1
"3101","OTU_9","OR360176.1",1
"3102","OTU_9","OR360185.1",1
"3103","OTU_9","OR360187.1",1
"3104","OTU_9","OR766834.1",1
"3105","OTU_9","OR766838.1",1
"3106","OTU_9","OR766840.1",1
"3107","OTU_9","OR766845.1",1
"3108","OTU_9","OR766861.1",1
"3109","OTU_9","OR766862.1",1
"3110","OTU_9","OR766863.1",1
"3111","OTU_9","OR777284.1",1
"3112","OTU_9","PP780079.1",1
"3113","OTU_9","PX112828.1",1
"3114","OTU_90","NG_027492.2",1
"3115","OTU_914","PP654785.1",1
"3116","OTU_93","AC236992.2",1
"3117","OTU_95","AF029308.1",1
"3118","OTU_95","AL356489.14",1
"3119","OTU_95","FN674006.1",1
"3120","OTU_95","NG_001337.2",1
"3121","OTU_95","NG_023461.1",1
"3122","OTU_96","AL035427.17",1
"3123","OTU_97","XM_011978151.1",1
"3124","OTU_97","XM_012058929.1",1
"3125","OTU_97","XM_031656858.1",1
"3126","OTU_983","6GAW_BA",1
"3127","OTU_983","8OIN_B8",1
"3128","OTU_983","KX982653.1",1
"3129","OTU_983","KX982656.1",1
"3130","OTU_983","KX982659.1",1
"3131","OTU_983","KX982660.1",1
"3132","OTU_983","KY800118.1",1
"3133","OTU_983","LC500156.1",1
"3134","OTU_983","LC500157.1",1
"3135","OTU_983","LC880095.1",1
"3136","OTU_983","MF183224.1",1
"3137","OTU_983","MG009445.1",1
"3138","OTU_983","MG250515.1",1
"3139","OTU_983","MG250516.1",1
"3140","OTU_983","MG250517.1",1
"3141","OTU_983","MG250518.1",1
"3142","OTU_983","MG250522.1",1
"3143","OTU_983","MG250526.1",1
"3144","OTU_983","MG250528.1",1
"3145","OTU_983","MG250529.1",1
"3146","OTU_983","MG250538.1",1
"3147","OTU_983","MG250539.1",1
"3148","OTU_983","MG250543.1",1
"3149","OTU_983","MG250544.1",1
"3150","OTU_983","MG250545.1",1
"3151","OTU_983","MG250546.1",1
"3152","OTU_983","MG250551.1",1
"3153","OTU_983","MG250557.1",1
"3154","OTU_983","MG250559.1",1
"3155","OTU_983","MG250560.1",1
"3156","OTU_983","MG250562.1",1
"3157","OTU_983","MG837549.1",1
"3158","OTU_983","MG837550.1",1
"3159","OTU_983","MK248681.1",1
"3160","OTU_983","MK344650.1",1
"3161","OTU_983","MK344652.1",1
"3162","OTU_983","MK746089.1",1
"3163","OTU_983","MK746090.1",1
"3164","OTU_983","MK746091.1",1
"3165","OTU_983","MK746094.1",1
"3166","OTU_983","MK746096.1",1
"3167","OTU_983","MK858170.1",1
"3168","OTU_983","MK858173.1",1
"3169","OTU_983","MK858179.1",1
"3170","OTU_983","MN550011.1",1
"3171","OTU_983","MT199605.1",1
"3172","OTU_983","MT483613.1",1
"3173","OTU_983","MW916330.1",1
"3174","OTU_983","OK329967.1",1
"3175","OTU_983","OL435713.1",1
"3176","OTU_983","OL547443.1",1
"3177","OTU_983","OL547444.1",1
"3178","OTU_983","OL547453.1",1
"3179","OTU_983","OL547455.1",1
"3180","OTU_983","OL547460.1",1
"3181","OTU_983","OL547461.1",1
"3182","OTU_983","OL547481.1",1
"3183","OTU_983","OL547482.1",1
"3184","OTU_983","OM363676.1",1
"3185","OTU_983","OM468891.1",1
"3186","OTU_983","OM617468.1",1
"3187","OTU_983","OM634652.1",1
"3188","OTU_983","ON060839.1",1
"3189","OTU_983","ON706057.1",1
"3190","OTU_983","OQ443259.1",1
"3191","OTU_983","OQ443262.1",1
"3192","OTU_983","OQ443264.1",1
"3193","OTU_983","OQ443267.1",1
"3194","OTU_983","OQ443271.1",1
"3195","OTU_983","OR234746.1",1
"3196","OTU_983","OR255999.1",1
"3197","OTU_983","OR268692.1",1
"3198","OTU_983","OR360135.1",1
"3199","OTU_983","OR360175.1",1
"3200","OTU_983","OR360178.1",1
"3201","OTU_983","OR360215.1",1
"3202","OTU_983","OR360223.1",1
"3203","OTU_983","OR397962.1",1
"3204","OTU_983","PP763926.1",1
"3205","OTU_983","PP763929.1",1
"3206","OTU_983","PP763931.1",1
"3207","OTU_983","PP763932.1",1
"3208","OTU_983","PP763934.1",1
"3209","OTU_983","PP763936.1",1
"3210","OTU_983","PP763937.1",1
"3211","OTU_983","PP763942.1",1
"3212","OTU_983","PP763943.1",1
"3213","OTU_983","PP763944.1",1
"3214","OTU_983","PP763945.1",1
"3215","OTU_983","PP763947.1",1
"3216","OTU_983","PP763950.1",1
"3217","OTU_983","PP763974.1",1
"3218","OTU_983","PP763975.1",1
"3219","OTU_983","PP763978.1",1
"3220","OTU_983","PP763982.1",1
"3221","OTU_983","PP763983.1",1
"3222","OTU_983","PP763987.1",1
"3223","OTU_983","PP763988.1",1
"3224","OTU_983","PV693689.1",1
"3225","OTU_99","MT300243.1",1
"3226","OTU_99","NC_026976.1",1
